fecha_negociacion,producto,punto_entrega,area,fecha_inicio_entrega,fecha_fin_entrega,precio_referencia_eur_mwh,precio_subasta_eur_mwh,ultimo_precio_eur_mwh,precio_maximo_eur_mwh,precio_minimo_eur_mwh,bid_eur_mwh,ask_eur_mwh,fuente_precio,precio_eod_eur_mwh,diferencia_compra_venta_pct,volumen_negociado_mwh,volumen_subasta_mwh,volumen_otc_mwh,archivo_origen,hoja_origen,fila_origen
2020-01-01,GDAES_D+2,PVB,ES,2020-01-03,2020-01-03,,,,,,,,,,14.14,0.0,,,MIBGAS_Data_2020.xlsx,Trading Data PVB,5048
2020-01-02,GDAES_D+2,PVB,ES,2020-01-04,2020-01-04,10.2,,10.2,10.2,10.2,,,,,19.09,1000.0,,,MIBGAS_Data_2020.xlsx,Trading Data PVB,5030
2020-01-03,GDAES_D+2,PVB,ES,2020-01-05,2020-01-05,11.1,10.2,11.36,11.45,10.0,,,,,4.27,49536.0,,,MIBGAS_Data_2020.xlsx,Trading Data PVB,5012
2020-01-04,GDAES_D+2,PVB,ES,2020-01-06,2020-01-06,11.8,11.8,,11.8,11.8,,,,,17.91,2.0,,,MIBGAS_Data_2020.xlsx,Trading Data PVB,5008
2020-01-05,GDAES_D+2,PVB,ES,2020-01-07,2020-01-07,13.06,,13.13,13.25,13.0,,,,,8.81,2000.0,,,MIBGAS_Data_2020.xlsx,Trading Data PVB,5004
2020-01-06,GDAES_D+2,PVB,ES,2020-01-08,2020-01-08,,,,,,,,,,15.64,0.0,,,MIBGAS_Data_2020.xlsx,Trading Data PVB,4986
2020-01-07,GDAES_D+2,PVB,ES,2020-01-09,2020-01-09,12.86,,12.83,12.92,12.8,,,,,6.01,210.0,,,MIBGAS_Data_2020.xlsx,Trading Data PVB,4968
2020-01-08,GDAES_D+2,PVB,ES,2020-01-10,2020-01-10,12.5,,,12.5,12.5,,,,,9.63,10.0,,,MIBGAS_Data_2020.xlsx,Trading Data PVB,4950
2020-01-09,GDAES_D+2,PVB,ES,2020-01-11,2020-01-11,12.5,,,12.5,12.5,,,,,8.97,20.0,,,MIBGAS_Data_2020.xlsx,Trading Data PVB,4932
2020-01-10,GDAES_D+2,PVB,ES,2020-01-12,2020-01-12,11.89,11.99,11.65,11.99,11.5,,,,,7.93,9348.0,,,MIBGAS_Data_2020.xlsx,Trading Data PVB,4914
2020-01-11,GDAES_D+2,PVB,ES,2020-01-13,2020-01-13,,,12.75,,,,,,,7.68,0.0,,,MIBGAS_Data_2020.xlsx,Trading Data PVB,4910
2020-01-12,GDAES_D+2,PVB,ES,2020-01-14,2020-01-14,12.7,,12.7,12.7,12.7,,,,,8.41,400.0,,,MIBGAS_Data_2020.xlsx,Trading Data PVB,4906
2020-01-13,GDAES_D+2,PVB,ES,2020-01-15,2020-01-15,11.93,,11.81,12.0,11.79,,,,,9.59,1654.0,,,MIBGAS_Data_2020.xlsx,Trading Data PVB,4888
2020-01-14,GDAES_D+2,PVB,ES,2020-01-16,2020-01-16,11.56,11.89,11.63,11.89,11.55,,,,,4.53,6140.0,,,MIBGAS_Data_2020.xlsx,Trading Data PVB,4870
2020-01-15,GDAES_D+2,PVB,ES,2020-01-17,2020-01-17,11.5,11.5,11.55,11.5,11.4,,,,,10.17,91.0,,,MIBGAS_Data_2020.xlsx,Trading Data PVB,4852
2020-01-16,GDAES_D+2,PVB,ES,2020-01-18,2020-01-18,11.4,,,11.4,11.4,,,,,11.27,20.0,,,MIBGAS_Data_2020.xlsx,Trading Data PVB,4834
2020-01-17,GDAES_D+2,PVB,ES,2020-01-19,2020-01-19,10.76,10.25,10.76,11.1,10.25,,,,,3.05,24887.0,,,MIBGAS_Data_2020.xlsx,Trading Data PVB,4816
2020-01-18,GDAES_D+2,PVB,ES,2020-01-20,2020-01-20,11.3,11.3,,11.3,11.3,,,,,7.42,3.0,,,MIBGAS_Data_2020.xlsx,Trading Data PVB,4812
2020-01-19,GDAES_D+2,PVB,ES,2020-01-21,2020-01-21,,,,,,,,,,7.77,0.0,,,MIBGAS_Data_2020.xlsx,Trading Data PVB,4808
2020-01-20,GDAES_D+2,PVB,ES,2020-01-22,2020-01-22,11.41,11.07,11.63,11.5,11.07,,,,,4.21,5342.0,,,MIBGAS_Data_2020.xlsx,Trading Data PVB,4790
2020-01-21,GDAES_D+2,PVB,ES,2020-01-23,2020-01-23,11.88,11.75,12.19,12.2,11.5,,,,,2.13,14562.0,,,MIBGAS_Data_2020.xlsx,Trading Data PVB,4772
2020-01-22,GDAES_D+2,PVB,ES,2020-01-24,2020-01-24,12.87,12.0,13.6,13.6,12.0,,,,,3.46,13161.0,,,MIBGAS_Data_2020.xlsx,Trading Data PVB,4754
2020-01-23,GDAES_D+2,PVB,ES,2020-01-25,2020-01-25,11.86,11.5,11.85,12.3,11.5,,,,,6.38,6662.0,,,MIBGAS_Data_2020.xlsx,Trading Data PVB,4736
2020-01-24,GDAES_D+2,PVB,ES,2020-01-26,2020-01-26,11.09,11.5,11.0,11.7,10.9,,,,,1.69,40229.0,,,MIBGAS_Data_2020.xlsx,Trading Data PVB,4718
2020-01-25,GDAES_D+2,PVB,ES,2020-01-27,2020-01-27,11.4,11.3,11.42,11.5,11.2,,,,,3.19,3006.0,,,MIBGAS_Data_2020.xlsx,Trading Data PVB,4714
2020-01-26,GDAES_D+2,PVB,ES,2020-01-28,2020-01-28,,,,,,,,,,9.72,0.0,,,MIBGAS_Data_2020.xlsx,Trading Data PVB,4710
2020-01-27,GDAES_D+2,PVB,ES,2020-01-29,2020-01-29,11.19,,11.25,11.45,11.15,,,,,5.88,998.0,,,MIBGAS_Data_2020.xlsx,Trading Data PVB,4692
2020-01-28,GDAES_D+2,PVB,ES,2020-01-30,2020-01-30,10.88,,10.93,11.0,10.7,,,,,3.15,2588.0,,,MIBGAS_Data_2020.xlsx,Trading Data PVB,4675
2020-01-29,GDAES_D+2,PVB,ES,2020-01-31,2020-01-31,10.87,10.87,10.66,10.87,10.87,,,,,5.65,30.0,,,MIBGAS_Data_2020.xlsx,Trading Data PVB,4658
2020-01-30,GDAES_D+2,PVB,ES,2020-02-01,2020-02-01,10.01,10.0,10.0,10.1,10.0,,,,,21.01,5475.0,,,MIBGAS_Data_2020.xlsx,Trading Data PVB,4641
2020-01-31,GDAES_D+2,PVB,ES,2020-02-02,2020-02-02,9.36,9.98,9.76,9.98,9.19,,,,,3.2,9948.0,,,MIBGAS_Data_2020.xlsx,Trading Data PVB,4624
2020-02-01,GDAES_D+2,PVB,ES,2020-02-03,2020-02-03,10.04,,9.98,10.05,9.9,,,,,1.8,5306.0,,,MIBGAS_Data_2020.xlsx,Trading Data PVB,4620
2020-02-02,GDAES_D+2,PVB,ES,2020-02-04,2020-02-04,10.25,,10.7,10.7,10.15,,,,,6.61,1225.0,,,MIBGAS_Data_2020.xlsx,Trading Data PVB,4616
2020-02-03,GDAES_D+2,PVB,ES,2020-02-05,2020-02-05,10.25,10.3,10.24,10.3,10.22,,,,,3.74,1401.0,,,MIBGAS_Data_2020.xlsx,Trading Data PVB,4598
2020-02-04,GDAES_D+2,PVB,ES,2020-02-06,2020-02-06,9.96,10.1,10.1,10.1,9.95,,,,,1.76,9079.0,,,MIBGAS_Data_2020.xlsx,Trading Data PVB,4580
2020-02-05,GDAES_D+2,PVB,ES,2020-02-07,2020-02-07,10.12,10.03,10.25,10.25,10.03,,,,,3.12,786.0,,,MIBGAS_Data_2020.xlsx,Trading Data PVB,4562
2020-02-06,GDAES_D+2,PVB,ES,2020-02-08,2020-02-08,10.04,,10.1,10.1,10.0,,,,,7.57,2600.0,,,MIBGAS_Data_2020.xlsx,Trading Data PVB,4544
2020-02-07,GDAES_D+2,PVB,ES,2020-02-09,2020-02-09,9.49,9.9,9.44,9.9,9.0,,,,,1.34,27107.0,,,MIBGAS_Data_2020.xlsx,Trading Data PVB,4526
2020-02-08,GDAES_D+2,PVB,ES,2020-02-10,2020-02-10,,,,,,,,,,5.79,0.0,,,MIBGAS_Data_2020.xlsx,Trading Data PVB,4522
2020-02-09,GDAES_D+2,PVB,ES,2020-02-11,2020-02-11,9.9,,9.9,9.9,9.9,,,,,9.14,1750.0,,,MIBGAS_Data_2020.xlsx,Trading Data PVB,4518
2020-02-10,GDAES_D+2,PVB,ES,2020-02-12,2020-02-12,9.75,9.81,9.75,9.81,9.75,,,,,3.07,4559.0,,,MIBGAS_Data_2020.xlsx,Trading Data PVB,4500
2020-02-11,GDAES_D+2,PVB,ES,2020-02-13,2020-02-13,10.0,,9.78,10.1,9.9,,,,,5.12,1030.0,,,MIBGAS_Data_2020.xlsx,Trading Data PVB,4482
2020-02-12,GDAES_D+2,PVB,ES,2020-02-14,2020-02-14,9.6,9.6,9.85,9.85,9.45,,,,,3.79,7086.0,,,MIBGAS_Data_2020.xlsx,Trading Data PVB,4464
2020-02-13,GDAES_D+2,PVB,ES,2020-02-15,2020-02-15,9.5,,9.36,9.5,9.5,,,,,9.66,80.0,,,MIBGAS_Data_2020.xlsx,Trading Data PVB,4446
2020-02-14,GDAES_D+2,PVB,ES,2020-02-16,2020-02-16,9.18,9.3,9.25,9.45,8.95,,,,,1.4,27875.0,,,MIBGAS_Data_2020.xlsx,Trading Data PVB,4428
2020-02-15,GDAES_D+2,PVB,ES,2020-02-17,2020-02-17,9.31,,9.3,9.4,9.3,,,,,5.62,5000.0,,,MIBGAS_Data_2020.xlsx,Trading Data PVB,4424
2020-02-16,GDAES_D+2,PVB,ES,2020-02-18,2020-02-18,9.6,,9.6,9.6,9.6,,,,,8.33,2500.0,,,MIBGAS_Data_2020.xlsx,Trading Data PVB,4420
2020-02-17,GDAES_D+2,PVB,ES,2020-02-19,2020-02-19,9.6,9.8,9.73,9.8,9.5,,,,,3.06,6542.0,,,MIBGAS_Data_2020.xlsx,Trading Data PVB,4402
2020-02-18,GDAES_D+2,PVB,ES,2020-02-20,2020-02-20,9.65,9.65,10.31,9.65,9.65,,,,,6.62,250.0,,,MIBGAS_Data_2020.xlsx,Trading Data PVB,4384
2020-02-19,GDAES_D+2,PVB,ES,2020-02-21,2020-02-21,10.9,,11.02,11.19,10.5,,,,,3.74,6679.0,,,MIBGAS_Data_2020.xlsx,Trading Data PVB,4366
2020-02-20,GDAES_D+2,PVB,ES,2020-02-22,2020-02-22,10.08,10.05,10.21,10.25,10.05,,,,,9.5,480.0,,,MIBGAS_Data_2020.xlsx,Trading Data PVB,4348
2020-02-21,GDAES_D+2,PVB,ES,2020-02-23,2020-02-23,9.78,9.8,9.93,10.0,9.65,,,,,2.59,27911.0,,,MIBGAS_Data_2020.xlsx,Trading Data PVB,4330
2020-02-22,GDAES_D+2,PVB,ES,2020-02-24,2020-02-24,10.25,10.2,10.2,10.3,10.2,,,,,6.78,4800.0,,,MIBGAS_Data_2020.xlsx,Trading Data PVB,4326
2020-02-23,GDAES_D+2,PVB,ES,2020-02-25,2020-02-25,,,,,,,,,,12.29,0.0,,,MIBGAS_Data_2020.xlsx,Trading Data PVB,4322
2020-02-24,GDAES_D+2,PVB,ES,2020-02-26,2020-02-26,9.29,10.05,9.64,10.05,9.24,,,,,8.42,5303.0,,,MIBGAS_Data_2020.xlsx,Trading Data PVB,4304
2020-02-25,GDAES_D+2,PVB,ES,2020-02-27,2020-02-27,9.26,9.5,9.2,9.55,9.2,,,,,3.57,5548.0,,,MIBGAS_Data_2020.xlsx,Trading Data PVB,4286
2020-02-26,GDAES_D+2,PVB,ES,2020-02-28,2020-02-28,8.99,9.0,9.05,9.1,8.95,,,,,1.99,10760.0,,,MIBGAS_Data_2020.xlsx,Trading Data PVB,4269
2020-02-27,GDAES_D+2,PVB,ES,2020-02-29,2020-02-29,8.8,8.85,8.9,8.85,8.75,,,,,1.17,4532.0,,,MIBGAS_Data_2020.xlsx,Trading Data PVB,4252
2020-02-28,GDAES_D+2,PVB,ES,2020-03-01,2020-03-01,8.61,8.52,8.85,9.0,8.4,,,,,2.26,31966.0,,,MIBGAS_Data_2020.xlsx,Trading Data PVB,4235
2020-02-29,GDAES_D+2,PVB,ES,2020-03-02,2020-03-02,,,8.73,,,,,,,4.52,0.0,,,MIBGAS_Data_2020.xlsx,Trading Data PVB,4231
2020-03-01,GDAES_D+2,PVB,ES,2020-03-03,2020-03-03,8.76,,8.85,9.0,8.2,,,,,6.74,2500.0,,,MIBGAS_Data_2020.xlsx,Trading Data PVB,4227
2020-03-02,GDAES_D+2,PVB,ES,2020-03-04,2020-03-04,8.35,8.12,8.73,8.7,8.12,,,,,8.16,2500.0,,,MIBGAS_Data_2020.xlsx,Trading Data PVB,4209
2020-03-03,GDAES_D+2,PVB,ES,2020-03-05,2020-03-05,8.76,,9.05,9.15,8.6,,,,,3.22,10750.0,,,MIBGAS_Data_2020.xlsx,Trading Data PVB,4191
2020-03-04,GDAES_D+2,PVB,ES,2020-03-06,2020-03-06,8.9,8.95,8.91,8.95,8.9,,,,,4.08,1620.0,,,MIBGAS_Data_2020.xlsx,Trading Data PVB,4173
2020-03-05,GDAES_D+2,PVB,ES,2020-03-07,2020-03-07,8.25,8.2,8.31,8.31,8.2,,,,,9.11,5783.0,,,MIBGAS_Data_2020.xlsx,Trading Data PVB,4155
2020-03-06,GDAES_D+2,PVB,ES,2020-03-08,2020-03-08,8.62,8.3,8.26,8.8,8.0,,,,,2.65,25876.0,,,MIBGAS_Data_2020.xlsx,Trading Data PVB,4137
2020-03-07,GDAES_D+2,PVB,ES,2020-03-09,2020-03-09,9.21,,9.3,9.3,9.2,,,,,9.77,2000.0,,,MIBGAS_Data_2020.xlsx,Trading Data PVB,4133
2020-03-08,GDAES_D+2,PVB,ES,2020-03-10,2020-03-10,9.22,9.22,9.22,9.22,9.22,,,,,7.71,350.0,,,MIBGAS_Data_2020.xlsx,Trading Data PVB,4129
2020-03-09,GDAES_D+2,PVB,ES,2020-03-11,2020-03-11,9.2,9.1,9.25,9.5,9.1,,,,,6.49,1122.0,,,MIBGAS_Data_2020.xlsx,Trading Data PVB,4111
2020-03-10,GDAES_D+2,PVB,ES,2020-03-12,2020-03-12,9.09,9.03,9.15,9.35,9.03,,,,,4.54,246.0,,,MIBGAS_Data_2020.xlsx,Trading Data PVB,4093
2020-03-11,GDAES_D+2,PVB,ES,2020-03-13,2020-03-13,9.0,9.0,9.05,9.0,9.0,,,,,3.81,100.0,,,MIBGAS_Data_2020.xlsx,Trading Data PVB,4075
2020-03-12,GDAES_D+2,PVB,ES,2020-03-14,2020-03-14,8.63,8.6,8.85,8.72,8.59,,,,,2.59,13715.0,,,MIBGAS_Data_2020.xlsx,Trading Data PVB,4057
2020-03-13,GDAES_D+2,PVB,ES,2020-03-15,2020-03-15,8.96,8.6,9.3,9.42,8.6,,,,,2.07,23570.0,,,MIBGAS_Data_2020.xlsx,Trading Data PVB,4039
2020-03-14,GDAES_D+2,PVB,ES,2020-03-16,2020-03-16,,,,,,,,,,7.18,0.0,,,MIBGAS_Data_2020.xlsx,Trading Data PVB,4035
2020-03-15,GDAES_D+2,PVB,ES,2020-03-17,2020-03-17,,,10.23,,,,,,,6.26,0.0,,,MIBGAS_Data_2020.xlsx,Trading Data PVB,4031
2020-03-16,GDAES_D+2,PVB,ES,2020-03-18,2020-03-18,10.29,10.25,10.32,10.4,10.25,,,,,7.83,190.0,,,MIBGAS_Data_2020.xlsx,Trading Data PVB,4013
2020-03-17,GDAES_D+2,PVB,ES,2020-03-19,2020-03-19,9.7,9.75,9.2,9.75,9.25,,,,,5.27,1100.0,,,MIBGAS_Data_2020.xlsx,Trading Data PVB,3995
2020-03-18,GDAES_D+2,PVB,ES,2020-03-20,2020-03-20,8.86,9.2,8.77,9.2,8.7,,,,,3.0,718.0,,,MIBGAS_Data_2020.xlsx,Trading Data PVB,3977
2020-03-19,GDAES_D+2,PVB,ES,2020-03-21,2020-03-21,8.4,8.43,7.86,8.43,8.0,,,,,10.87,1085.0,,,MIBGAS_Data_2020.xlsx,Trading Data PVB,3959
2020-03-20,GDAES_D+2,PVB,ES,2020-03-22,2020-03-22,7.88,7.1,8.0,8.49,7.1,,,,,5.46,4161.0,,,MIBGAS_Data_2020.xlsx,Trading Data PVB,3941
2020-03-21,GDAES_D+2,PVB,ES,2020-03-23,2020-03-23,8.49,,8.49,8.6,8.4,,,,,11.37,880.0,,,MIBGAS_Data_2020.xlsx,Trading Data PVB,3937
2020-03-22,GDAES_D+2,PVB,ES,2020-03-24,2020-03-24,,,8.73,,,,,,,7.8,0.0,,,MIBGAS_Data_2020.xlsx,Trading Data PVB,3933
2020-03-23,GDAES_D+2,PVB,ES,2020-03-25,2020-03-25,8.49,8.29,8.48,8.7,8.29,,,,,8.53,2255.0,,,MIBGAS_Data_2020.xlsx,Trading Data PVB,3915
2020-03-24,GDAES_D+2,PVB,ES,2020-03-26,2020-03-26,,,8.46,,,,,,,5.46,0.0,,,MIBGAS_Data_2020.xlsx,Trading Data PVB,3897
2020-03-25,GDAES_D+2,PVB,ES,2020-03-27,2020-03-27,7.91,,7.85,8.11,7.8,,,,,1.97,709.0,,,MIBGAS_Data_2020.xlsx,Trading Data PVB,3879
2020-03-26,GDAES_D+2,PVB,ES,2020-03-28,2020-03-28,7.5,7.5,7.23,7.5,7.5,,,,,8.3,10.0,,,MIBGAS_Data_2020.xlsx,Trading Data PVB,3861
2020-03-27,GDAES_D+2,PVB,ES,2020-03-29,2020-03-29,7.17,7.01,7.32,7.32,7.0,,,,,3.41,8184.0,,,MIBGAS_Data_2020.xlsx,Trading Data PVB,3843
2020-03-28,GDAES_D+2,PVB,ES,2020-03-30,2020-03-30,7.5,,7.5,7.5,7.5,,,,,7.14,414.0,,,MIBGAS_Data_2020.xlsx,Trading Data PVB,3839
2020-03-29,GDAES_D+2,PVB,ES,2020-03-31,2020-03-31,7.51,7.0,7.59,7.6,7.0,,,,,29.64,3100.0,,,MIBGAS_Data_2020.xlsx,Trading Data PVB,3835
2020-03-30,GDAES_D+2,PVB,ES,2020-04-01,2020-04-01,7.04,6.95,6.88,7.65,6.95,,,,,7.81,70.0,,,MIBGAS_Data_2020.xlsx,Trading Data PVB,3818
2020-03-31,GDAES_D+2,PVB,ES,2020-04-02,2020-04-02,7.19,7.24,7.06,7.3,7.0,,,,,6.43,8011.0,,,MIBGAS_Data_2020.xlsx,Trading Data PVB,3803
2020-04-01,GDAES_D+2,PVB,ES,2020-04-03,2020-04-03,7.63,,7.7,7.7,7.45,,,,,4.9,3200.0,,,MIBGAS_Data_2020.xlsx,Trading Data PVB,3785
2020-04-02,GDAES_D+2,PVB,ES,2020-04-04,2020-04-04,7.52,7.3,8.21,8.0,7.3,,,,,10.48,160.0,,,MIBGAS_Data_2020.xlsx,Trading Data PVB,3767
2020-04-03,GDAES_D+2,PVB,ES,2020-04-05,2020-04-05,7.08,7.77,6.98,7.77,6.55,,,,,5.94,10155.0,,,MIBGAS_Data_2020.xlsx,Trading Data PVB,3749
2020-04-04,GDAES_D+2,PVB,ES,2020-04-06,2020-04-06,7.99,,7.99,7.99,7.99,,,,,12.5,2000.0,,,MIBGAS_Data_2020.xlsx,Trading Data PVB,3745
2020-04-05,GDAES_D+2,PVB,ES,2020-04-07,2020-04-07,9.1,,9.1,9.1,9.1,,,,,17.54,1000.0,,,MIBGAS_Data_2020.xlsx,Trading Data PVB,3741
2020-04-06,GDAES_D+2,PVB,ES,2020-04-08,2020-04-08,8.01,8.01,7.97,8.01,8.01,,,,,5.57,750.0,,,MIBGAS_Data_2020.xlsx,Trading Data PVB,3723
2020-04-07,GDAES_D+2,PVB,ES,2020-04-09,2020-04-09,7.89,7.78,7.93,7.95,7.78,,,,,4.95,1149.0,,,MIBGAS_Data_2020.xlsx,Trading Data PVB,3705
2020-04-08,GDAES_D+2,PVB,ES,2020-04-10,2020-04-10,8.02,7.96,8.11,8.19,7.9,,,,,3.64,3939.0,,,MIBGAS_Data_2020.xlsx,Trading Data PVB,3684
2020-04-09,GDAES_D+2,PVB,ES,2020-04-11,2020-04-11,7.89,7.99,7.88,8.0,7.85,,,,,6.34,2334.0,,,MIBGAS_Data_2020.xlsx,Trading Data PVB,3664
2020-04-10,GDAES_D+2,PVB,ES,2020-04-12,2020-04-12,8.01,7.88,8.0,8.1,7.88,,,,,5.35,6340.0,,,MIBGAS_Data_2020.xlsx,Trading Data PVB,3659
2020-04-11,GDAES_D+2,PVB,ES,2020-04-13,2020-04-13,8.6,8.27,8.48,8.75,8.27,,,,,3.64,4502.0,,,MIBGAS_Data_2020.xlsx,Trading Data PVB,3655
2020-04-12,GDAES_D+2,PVB,ES,2020-04-14,2020-04-14,,,,,,,,,,9.88,0.0,,,MIBGAS_Data_2020.xlsx,Trading Data PVB,3651
2020-04-13,GDAES_D+2,PVB,ES,2020-04-15,2020-04-15,8.62,8.74,8.79,8.79,8.15,,,,,4.82,6794.0,,,MIBGAS_Data_2020.xlsx,Trading Data PVB,3646
2020-04-14,GDAES_D+2,PVB,ES,2020-04-16,2020-04-16,,,8.15,,,,,,,5.9,0.0,,,MIBGAS_Data_2020.xlsx,Trading Data PVB,3628
2020-04-15,GDAES_D+2,PVB,ES,2020-04-17,2020-04-17,7.82,8.0,7.85,8.0,7.75,,,,,5.36,1103.0,,,MIBGAS_Data_2020.xlsx,Trading Data PVB,3610
2020-04-16,GDAES_D+2,PVB,ES,2020-04-18,2020-04-18,7.98,7.98,,7.98,7.98,,,,,15.2,4.0,,,MIBGAS_Data_2020.xlsx,Trading Data PVB,3592
2020-04-17,GDAES_D+2,PVB,ES,2020-04-19,2020-04-19,7.0,7.22,6.91,7.22,6.9,,,,,3.19,15158.0,,,MIBGAS_Data_2020.xlsx,Trading Data PVB,3574
2020-04-18,GDAES_D+2,PVB,ES,2020-04-20,2020-04-20,7.5,7.5,,7.5,7.5,,,,,11.45,12.0,,,MIBGAS_Data_2020.xlsx,Trading Data PVB,3570
2020-04-19,GDAES_D+2,PVB,ES,2020-04-21,2020-04-21,,,7.25,,,,,,,11.17,0.0,,,MIBGAS_Data_2020.xlsx,Trading Data PVB,3566
2020-04-20,GDAES_D+2,PVB,ES,2020-04-22,2020-04-22,7.08,7.25,6.85,7.25,7.0,,,,,1.88,150.0,,,MIBGAS_Data_2020.xlsx,Trading Data PVB,3548
2020-04-21,GDAES_D+2,PVB,ES,2020-04-23,2020-04-23,6.86,6.9,6.85,6.9,6.7,,,,,3.88,739.0,,,MIBGAS_Data_2020.xlsx,Trading Data PVB,3530
2020-04-22,GDAES_D+2,PVB,ES,2020-04-24,2020-04-24,6.78,6.75,6.8,6.85,6.75,,,,,3.0,1735.0,,,MIBGAS_Data_2020.xlsx,Trading Data PVB,3512
2020-04-23,GDAES_D+2,PVB,ES,2020-04-25,2020-04-25,6.21,6.7,6.4,6.7,6.2,,,,,8.71,455.0,,,MIBGAS_Data_2020.xlsx,Trading Data PVB,3494
2020-04-24,GDAES_D+2,PVB,ES,2020-04-26,2020-04-26,5.53,6.01,5.58,6.01,5.15,,,,,22.27,12974.0,,,MIBGAS_Data_2020.xlsx,Trading Data PVB,3476
2020-04-25,GDAES_D+2,PVB,ES,2020-04-27,2020-04-27,,,6.18,,,,,,,12.85,0.0,,,MIBGAS_Data_2020.xlsx,Trading Data PVB,3472
2020-04-26,GDAES_D+2,PVB,ES,2020-04-28,2020-04-28,6.3,,6.36,6.3,6.3,,,,,5.47,500.0,,,MIBGAS_Data_2020.xlsx,Trading Data PVB,3468
2020-04-27,GDAES_D+2,PVB,ES,2020-04-29,2020-04-29,6.32,6.5,6.3,6.5,6.2,,,,,3.84,2320.0,,,MIBGAS_Data_2020.xlsx,Trading Data PVB,3451
2020-04-28,GDAES_D+2,PVB,ES,2020-04-30,2020-04-30,6.27,6.22,6.3,6.3,6.22,,,,,3.15,3000.0,,,MIBGAS_Data_2020.xlsx,Trading Data PVB,3434
2020-04-29,GDAES_D+2,PVB,ES,2020-05-01,2020-05-01,6.18,6.18,6.09,6.3,6.02,,,,,7.44,2290.0,,,MIBGAS_Data_2020.xlsx,Trading Data PVB,3417
2020-04-30,GDAES_D+2,PVB,ES,2020-05-02,2020-05-02,5.78,5.95,5.85,5.95,5.72,,,,,3.35,4584.0,,,MIBGAS_Data_2020.xlsx,Trading Data PVB,3399
2020-05-01,GDAES_D+2,PVB,ES,2020-05-03,2020-05-03,5.81,,5.85,5.85,5.7,,,,,8.23,8690.0,,,MIBGAS_Data_2020.xlsx,Trading Data PVB,3394
2020-05-02,GDAES_D+2,PVB,ES,2020-05-04,2020-05-04,6.21,,6.22,6.3,6.0,,,,,5.95,4904.0,,,MIBGAS_Data_2020.xlsx,Trading Data PVB,3390
2020-05-03,GDAES_D+2,PVB,ES,2020-05-05,2020-05-05,6.32,,6.45,6.45,6.15,,,,,1.66,1240.0,,,MIBGAS_Data_2020.xlsx,Trading Data PVB,3386
2020-05-04,GDAES_D+2,PVB,ES,2020-05-06,2020-05-06,6.03,6.25,5.98,6.25,5.9,,,,,4.31,805.0,,,MIBGAS_Data_2020.xlsx,Trading Data PVB,3368
2020-05-05,GDAES_D+2,PVB,ES,2020-05-07,2020-05-07,5.93,5.99,5.85,5.99,5.8,,,,,2.69,391.0,,,MIBGAS_Data_2020.xlsx,Trading Data PVB,3350
2020-05-06,GDAES_D+2,PVB,ES,2020-05-08,2020-05-08,5.61,,5.6,5.65,5.6,,,,,5.95,1260.0,,,MIBGAS_Data_2020.xlsx,Trading Data PVB,3332
2020-05-07,GDAES_D+2,PVB,ES,2020-05-09,2020-05-09,5.44,5.51,5.43,5.51,5.35,,,,,3.7,9242.0,,,MIBGAS_Data_2020.xlsx,Trading Data PVB,3313
2020-05-08,GDAES_D+2,PVB,ES,2020-05-10,2020-05-10,5.28,5.0,5.45,5.51,5.0,,,,,1.7,27270.0,,,MIBGAS_Data_2020.xlsx,Trading Data PVB,3296
2020-05-09,GDAES_D+2,PVB,ES,2020-05-11,2020-05-11,5.57,,5.57,5.6,5.55,,,,,4.59,1050.0,,,MIBGAS_Data_2020.xlsx,Trading Data PVB,3292
2020-05-10,GDAES_D+2,PVB,ES,2020-05-12,2020-05-12,5.68,,5.82,5.82,5.55,,,,,3.46,2025.0,,,MIBGAS_Data_2020.xlsx,Trading Data PVB,3288
2020-05-11,GDAES_D+2,PVB,ES,2020-05-13,2020-05-13,5.67,5.88,5.83,5.88,5.65,,,,,5.7,1547.0,,,MIBGAS_Data_2020.xlsx,Trading Data PVB,3270
2020-05-12,GDAES_D+2,PVB,ES,2020-05-14,2020-05-14,5.58,,5.58,5.58,5.58,,,,,3.18,500.0,,,MIBGAS_Data_2020.xlsx,Trading Data PVB,3252
2020-05-13,GDAES_D+2,PVB,ES,2020-05-15,2020-05-15,5.67,,5.7,5.72,5.65,,,,,4.85,1670.0,,,MIBGAS_Data_2020.xlsx,Trading Data PVB,3234
2020-05-14,GDAES_D+2,PVB,ES,2020-05-16,2020-05-16,5.18,5.15,5.31,5.4,5.15,,,,,6.78,1052.0,,,MIBGAS_Data_2020.xlsx,Trading Data PVB,3215
2020-05-15,GDAES_D+2,PVB,ES,2020-05-17,2020-05-17,5.19,5.15,5.1,5.26,5.0,,,,,2.47,5104.0,,,MIBGAS_Data_2020.xlsx,Trading Data PVB,3197
2020-05-16,GDAES_D+2,PVB,ES,2020-05-18,2020-05-18,5.3,5.4,5.2,5.4,5.2,,,,,14.22,201.0,,,MIBGAS_Data_2020.xlsx,Trading Data PVB,3193
2020-05-17,GDAES_D+2,PVB,ES,2020-05-19,2020-05-19,5.45,,5.45,5.45,5.45,,,,,6.22,190.0,,,MIBGAS_Data_2020.xlsx,Trading Data PVB,3189
2020-05-18,GDAES_D+2,PVB,ES,2020-05-20,2020-05-20,5.64,5.5,5.58,5.85,5.5,,,,,5.06,1510.0,,,MIBGAS_Data_2020.xlsx,Trading Data PVB,3171
2020-05-19,GDAES_D+2,PVB,ES,2020-05-21,2020-05-21,5.5,5.5,5.25,5.5,5.5,,,,,8.15,240.0,,,MIBGAS_Data_2020.xlsx,Trading Data PVB,3153
2020-05-20,GDAES_D+2,PVB,ES,2020-05-22,2020-05-22,5.03,5.0,5.07,5.08,5.0,,,,,3.39,910.0,,,MIBGAS_Data_2020.xlsx,Trading Data PVB,3135
2020-05-21,GDAES_D+2,PVB,ES,2020-05-23,2020-05-23,4.37,4.99,4.35,4.99,4.3,,,,,9.41,4433.0,,,MIBGAS_Data_2020.xlsx,Trading Data PVB,3117
2020-05-22,GDAES_D+2,PVB,ES,2020-05-24,2020-05-24,4.02,3.95,4.03,4.08,3.95,,,,,5.3,17671.0,,,MIBGAS_Data_2020.xlsx,Trading Data PVB,3098
2020-05-23,GDAES_D+2,PVB,ES,2020-05-25,2020-05-25,4.3,,4.08,4.3,4.3,,,,,12.01,1000.0,,,MIBGAS_Data_2020.xlsx,Trading Data PVB,3094
2020-05-24,GDAES_D+2,PVB,ES,2020-05-26,2020-05-26,4.4,,4.2,4.4,4.4,,,,,11.91,500.0,,,MIBGAS_Data_2020.xlsx,Trading Data PVB,3090
2020-05-25,GDAES_D+2,PVB,ES,2020-05-27,2020-05-27,4.9,,4.9,4.9,4.9,,,,,7.1,300.0,,,MIBGAS_Data_2020.xlsx,Trading Data PVB,3072
2020-05-26,GDAES_D+2,PVB,ES,2020-05-28,2020-05-28,5.0,4.75,5.0,5.02,4.75,,,,,5.79,1228.0,,,MIBGAS_Data_2020.xlsx,Trading Data PVB,3054
2020-05-27,GDAES_D+2,PVB,ES,2020-05-29,2020-05-29,4.8,,4.83,4.95,4.75,,,,,6.14,1150.0,,,MIBGAS_Data_2020.xlsx,Trading Data PVB,3036
2020-05-28,GDAES_D+2,PVB,ES,2020-05-30,2020-05-30,4.55,,4.7,4.55,4.55,,,,,11.44,33.0,,,MIBGAS_Data_2020.xlsx,Trading Data PVB,3019
2020-05-29,GDAES_D+2,PVB,ES,2020-05-31,2020-05-31,5.05,4.62,5.11,5.45,4.62,,,,,6.55,13108.0,,,MIBGAS_Data_2020.xlsx,Trading Data PVB,3002
2020-05-30,GDAES_D+2,PVB,ES,2020-06-01,2020-06-01,,,5.4,,,,,,,8.51,0.0,,,MIBGAS_Data_2020.xlsx,Trading Data PVB,2998
2020-05-31,GDAES_D+2,PVB,ES,2020-06-02,2020-06-02,,,,,,,,,,17.65,0.0,,,MIBGAS_Data_2020.xlsx,Trading Data PVB,2994
2020-06-01,GDAES_D+2,PVB,ES,2020-06-03,2020-06-03,6.0,5.49,6.0,6.3,5.49,,,,,9.91,7129.0,,,MIBGAS_Data_2020.xlsx,Trading Data PVB,2976
2020-06-02,GDAES_D+2,PVB,ES,2020-06-04,2020-06-04,5.95,6.2,6.15,6.2,5.9,,,,,14.18,10206.0,,,MIBGAS_Data_2020.xlsx,Trading Data PVB,2958
2020-06-03,GDAES_D+2,PVB,ES,2020-06-05,2020-06-05,6.21,,6.2,6.25,6.17,,,,,10.34,920.0,,,MIBGAS_Data_2020.xlsx,Trading Data PVB,2940
2020-06-04,GDAES_D+2,PVB,ES,2020-06-06,2020-06-06,5.34,5.9,5.43,5.9,5.2,,,,,9.19,4505.0,,,MIBGAS_Data_2020.xlsx,Trading Data PVB,2922
2020-06-05,GDAES_D+2,PVB,ES,2020-06-07,2020-06-07,5.35,5.05,5.5,5.85,5.05,,,,,3.55,28535.0,,,MIBGAS_Data_2020.xlsx,Trading Data PVB,2904
2020-06-06,GDAES_D+2,PVB,ES,2020-06-08,2020-06-08,5.87,5.85,5.93,5.9,5.85,,,,,2.47,875.0,,,MIBGAS_Data_2020.xlsx,Trading Data PVB,2900
2020-06-07,GDAES_D+2,PVB,ES,2020-06-09,2020-06-09,,,5.8,,,,,,,7.6,0.0,,,MIBGAS_Data_2020.xlsx,Trading Data PVB,2896
2020-06-08,GDAES_D+2,PVB,ES,2020-06-10,2020-06-10,6.27,6.75,6.3,6.75,6.15,,,,,12.46,1506.0,,,MIBGAS_Data_2020.xlsx,Trading Data PVB,2878
2020-06-09,GDAES_D+2,PVB,ES,2020-06-11,2020-06-11,5.72,5.9,5.6,5.9,5.6,,,,,4.0,6630.0,,,MIBGAS_Data_2020.xlsx,Trading Data PVB,2860
2020-06-10,GDAES_D+2,PVB,ES,2020-06-12,2020-06-12,5.34,5.57,5.2,5.57,5.15,,,,,4.11,4658.0,,,MIBGAS_Data_2020.xlsx,Trading Data PVB,2842
2020-06-11,GDAES_D+2,PVB,ES,2020-06-13,2020-06-13,4.99,5.0,5.0,5.15,4.8,,,,,7.47,8570.0,,,MIBGAS_Data_2020.xlsx,Trading Data PVB,2824
2020-06-12,GDAES_D+2,PVB,ES,2020-06-14,2020-06-14,5.18,5.01,5.3,5.45,5.01,,,,,4.56,13407.0,,,MIBGAS_Data_2020.xlsx,Trading Data PVB,2806
2020-06-13,GDAES_D+2,PVB,ES,2020-06-15,2020-06-15,5.9,,5.9,5.9,5.9,,,,,12.16,300.0,,,MIBGAS_Data_2020.xlsx,Trading Data PVB,2802
2020-06-14,GDAES_D+2,PVB,ES,2020-06-16,2020-06-16,,,,,,,,,,,0.0,,,MIBGAS_Data_2020.xlsx,Trading Data PVB,2798
2020-06-15,GDAES_D+2,PVB,ES,2020-06-17,2020-06-17,7.04,,7.2,7.2,6.0,,,,,11.62,3006.0,,,MIBGAS_Data_2020.xlsx,Trading Data PVB,2780
2020-06-16,GDAES_D+2,PVB,ES,2020-06-18,2020-06-18,7.54,,7.6,7.6,7.4,,,,,4.3,1000.0,,,MIBGAS_Data_2020.xlsx,Trading Data PVB,2762
2020-06-17,GDAES_D+2,PVB,ES,2020-06-19,2020-06-19,7.87,7.6,7.89,7.9,7.6,,,,,6.68,10745.0,,,MIBGAS_Data_2020.xlsx,Trading Data PVB,2744
2020-06-18,GDAES_D+2,PVB,ES,2020-06-20,2020-06-20,7.48,7.5,7.21,7.5,7.25,,,,,16.24,1650.0,,,MIBGAS_Data_2020.xlsx,Trading Data PVB,2726
2020-06-19,GDAES_D+2,PVB,ES,2020-06-21,2020-06-21,6.76,7.01,6.5,7.01,6.5,,,,,5.15,20427.0,,,MIBGAS_Data_2020.xlsx,Trading Data PVB,2708
2020-06-20,GDAES_D+2,PVB,ES,2020-06-22,2020-06-22,6.95,,6.95,6.95,6.95,,,,,8.28,2500.0,,,MIBGAS_Data_2020.xlsx,Trading Data PVB,2704
2020-06-21,GDAES_D+2,PVB,ES,2020-06-23,2020-06-23,6.95,,7.08,6.95,6.95,,,,,6.95,500.0,,,MIBGAS_Data_2020.xlsx,Trading Data PVB,2700
2020-06-22,GDAES_D+2,PVB,ES,2020-06-24,2020-06-24,6.96,7.35,7.05,7.35,6.52,,,,,5.31,2125.0,,,MIBGAS_Data_2020.xlsx,Trading Data PVB,2682
2020-06-23,GDAES_D+2,PVB,ES,2020-06-25,2020-06-25,7.04,6.98,7.15,7.15,6.85,,,,,3.32,267.0,,,MIBGAS_Data_2020.xlsx,Trading Data PVB,2664
2020-06-24,GDAES_D+2,PVB,ES,2020-06-26,2020-06-26,6.97,,7.28,6.97,6.97,,,,,9.69,6.0,,,MIBGAS_Data_2020.xlsx,Trading Data PVB,2646
2020-06-25,GDAES_D+2,PVB,ES,2020-06-27,2020-06-27,6.89,6.9,6.83,6.9,6.5,,,,,11.57,2705.0,,,MIBGAS_Data_2020.xlsx,Trading Data PVB,2628
2020-06-26,GDAES_D+2,PVB,ES,2020-06-28,2020-06-28,6.42,6.8,6.5,6.8,6.15,,,,,3.67,25749.0,,,MIBGAS_Data_2020.xlsx,Trading Data PVB,2610
2020-06-27,GDAES_D+2,PVB,ES,2020-06-29,2020-06-29,6.93,,6.9,7.0,6.85,,,,,9.09,2500.0,,,MIBGAS_Data_2020.xlsx,Trading Data PVB,2606
2020-06-28,GDAES_D+2,PVB,ES,2020-06-30,2020-06-30,,,,,,,,,,,0.0,,,MIBGAS_Data_2020.xlsx,Trading Data PVB,2602
2020-06-29,GDAES_D+2,PVB,ES,2020-07-01,2020-07-01,7.18,7.0,7.3,7.35,7.0,,,,,7.81,20.0,,,MIBGAS_Data_2020.xlsx,Trading Data PVB,2585
2020-06-30,GDAES_D+2,PVB,ES,2020-07-02,2020-07-02,7.44,,7.45,7.5,7.4,,,,,3.91,2501.0,,,MIBGAS_Data_2020.xlsx,Trading Data PVB,2569
2020-07-01,GDAES_D+2,PVB,ES,2020-07-03,2020-07-03,7.34,,7.1,7.4,7.15,,,,,5.0,9000.0,,,MIBGAS_Data_2020.xlsx,Trading Data PVB,2551
2020-07-02,GDAES_D+2,PVB,ES,2020-07-04,2020-07-04,6.43,6.5,6.4,6.51,6.3,,,,,4.11,8080.0,,,MIBGAS_Data_2020.xlsx,Trading Data PVB,2533
2020-07-03,GDAES_D+2,PVB,ES,2020-07-05,2020-07-05,6.03,6.25,5.74,6.39,5.73,,,,,3.8,24308.0,,,MIBGAS_Data_2020.xlsx,Trading Data PVB,2515
2020-07-04,GDAES_D+2,PVB,ES,2020-07-06,2020-07-06,6.88,,7.0,7.0,6.5,,,,,1.64,2300.0,,,MIBGAS_Data_2020.xlsx,Trading Data PVB,2511
2020-07-05,GDAES_D+2,PVB,ES,2020-07-07,2020-07-07,6.65,6.65,6.65,6.65,6.65,,,,,12.82,200.0,,,MIBGAS_Data_2020.xlsx,Trading Data PVB,2507
2020-07-06,GDAES_D+2,PVB,ES,2020-07-08,2020-07-08,6.17,7.0,6.0,7.0,6.0,,,,,7.14,2145.0,,,MIBGAS_Data_2020.xlsx,Trading Data PVB,2489
2020-07-07,GDAES_D+2,PVB,ES,2020-07-09,2020-07-09,6.44,6.45,6.8,6.5,6.4,,,,,6.69,2150.0,,,MIBGAS_Data_2020.xlsx,Trading Data PVB,2471
2020-07-08,GDAES_D+2,PVB,ES,2020-07-10,2020-07-10,,,7.45,,,,,,,15.34,0.0,,,MIBGAS_Data_2020.xlsx,Trading Data PVB,2453
2020-07-09,GDAES_D+2,PVB,ES,2020-07-11,2020-07-11,6.45,,6.45,6.7,6.45,,,,,9.2,6005.0,,,MIBGAS_Data_2020.xlsx,Trading Data PVB,2435
2020-07-10,GDAES_D+2,PVB,ES,2020-07-12,2020-07-12,5.07,6.45,4.38,6.45,4.35,,,,,14.02,7023.0,,,MIBGAS_Data_2020.xlsx,Trading Data PVB,2417
2020-07-11,GDAES_D+2,PVB,ES,2020-07-13,2020-07-13,,,,,,,,,,23.08,0.0,,,MIBGAS_Data_2020.xlsx,Trading Data PVB,2413
2020-07-12,GDAES_D+2,PVB,ES,2020-07-14,2020-07-14,,,,,,,,,,15.2,0.0,,,MIBGAS_Data_2020.xlsx,Trading Data PVB,2409
2020-07-13,GDAES_D+2,PVB,ES,2020-07-15,2020-07-15,5.63,,5.7,6.3,5.6,,,,,2.94,437.0,,,MIBGAS_Data_2020.xlsx,Trading Data PVB,2391
2020-07-14,GDAES_D+2,PVB,ES,2020-07-16,2020-07-16,5.34,5.75,5.38,5.75,5.3,,,,,7.58,1804.0,,,MIBGAS_Data_2020.xlsx,Trading Data PVB,2373
2020-07-15,GDAES_D+2,PVB,ES,2020-07-17,2020-07-17,5.65,5.75,5.33,5.75,5.15,,,,,2.45,3104.0,,,MIBGAS_Data_2020.xlsx,Trading Data PVB,2355
2020-07-16,GDAES_D+2,PVB,ES,2020-07-18,2020-07-18,5.2,5.2,,5.2,5.2,,,,,18.09,1.0,,,MIBGAS_Data_2020.xlsx,Trading Data PVB,2337
2020-07-17,GDAES_D+2,PVB,ES,2020-07-19,2020-07-19,5.45,5.3,5.68,5.61,5.2,,,,,3.57,9510.0,,,MIBGAS_Data_2020.xlsx,Trading Data PVB,2319
2020-07-18,GDAES_D+2,PVB,ES,2020-07-20,2020-07-20,5.99,,6.03,5.99,5.99,,,,,5.61,850.0,,,MIBGAS_Data_2020.xlsx,Trading Data PVB,2315
2020-07-19,GDAES_D+2,PVB,ES,2020-07-21,2020-07-21,,,,,,,,,,21.82,0.0,,,MIBGAS_Data_2020.xlsx,Trading Data PVB,2311
2020-07-20,GDAES_D+2,PVB,ES,2020-07-22,2020-07-22,6.08,7.0,6.23,7.0,5.95,,,,,3.79,855.0,,,MIBGAS_Data_2020.xlsx,Trading Data PVB,2293
2020-07-21,GDAES_D+2,PVB,ES,2020-07-23,2020-07-23,7.63,6.76,8.0,8.0,6.7,,,,,9.38,5345.0,,,MIBGAS_Data_2020.xlsx,Trading Data PVB,2275
2020-07-22,GDAES_D+2,PVB,ES,2020-07-24,2020-07-24,6.82,,6.8,7.0,6.8,,,,,10.52,222.0,,,MIBGAS_Data_2020.xlsx,Trading Data PVB,2257
2020-07-23,GDAES_D+2,PVB,ES,2020-07-25,2020-07-25,6.34,,6.38,6.35,6.0,,,,,9.91,470.0,,,MIBGAS_Data_2020.xlsx,Trading Data PVB,2239
2020-07-24,GDAES_D+2,PVB,ES,2020-07-26,2020-07-26,6.04,6.0,6.0,6.35,5.65,,,,,5.6,2859.0,,,MIBGAS_Data_2020.xlsx,Trading Data PVB,2221
2020-07-25,GDAES_D+2,PVB,ES,2020-07-27,2020-07-27,7.25,,7.3,7.34,6.75,,,,,5.61,7600.0,,,MIBGAS_Data_2020.xlsx,Trading Data PVB,2217
2020-07-26,GDAES_D+2,PVB,ES,2020-07-28,2020-07-28,,,,,,,,,,23.0,0.0,,,MIBGAS_Data_2020.xlsx,Trading Data PVB,2213
2020-07-27,GDAES_D+2,PVB,ES,2020-07-29,2020-07-29,7.04,7.5,6.91,7.5,7.0,,,,,8.69,14.0,,,MIBGAS_Data_2020.xlsx,Trading Data PVB,2195
2020-07-28,GDAES_D+2,PVB,ES,2020-07-30,2020-07-30,6.94,7.0,6.9,7.0,6.8,,,,,4.86,4271.0,,,MIBGAS_Data_2020.xlsx,Trading Data PVB,2178
2020-07-29,GDAES_D+2,PVB,ES,2020-07-31,2020-07-31,7.08,7.1,7.13,7.15,7.0,,,,,1.76,9007.0,,,MIBGAS_Data_2020.xlsx,Trading Data PVB,2161
2020-07-30,GDAES_D+2,PVB,ES,2020-08-01,2020-08-01,7.16,,7.15,7.19,7.14,,,,,6.91,2510.0,,,MIBGAS_Data_2020.xlsx,Trading Data PVB,2144
2020-07-31,GDAES_D+2,PVB,ES,2020-08-02,2020-08-02,7.1,7.1,6.85,7.3,6.4,,,,,9.41,844.0,,,MIBGAS_Data_2020.xlsx,Trading Data PVB,2127
2020-08-01,GDAES_D+2,PVB,ES,2020-08-03,2020-08-03,7.4,,7.4,7.4,7.4,,,,,7.61,250.0,,,MIBGAS_Data_2020.xlsx,Trading Data PVB,2123
2020-08-02,GDAES_D+2,PVB,ES,2020-08-04,2020-08-04,8.0,,8.0,8.0,8.0,,,,,13.84,3500.0,,,MIBGAS_Data_2020.xlsx,Trading Data PVB,2119
2020-08-03,GDAES_D+2,PVB,ES,2020-08-05,2020-08-05,8.66,,8.75,8.75,8.35,,,,,6.99,3025.0,,,MIBGAS_Data_2020.xlsx,Trading Data PVB,2101
2020-08-04,GDAES_D+2,PVB,ES,2020-08-06,2020-08-06,8.73,8.75,9.1,9.0,8.45,,,,,3.11,203.0,,,MIBGAS_Data_2020.xlsx,Trading Data PVB,2083
2020-08-05,GDAES_D+2,PVB,ES,2020-08-07,2020-08-07,9.1,8.7,9.58,9.6,8.7,,,,,8.76,2110.0,,,MIBGAS_Data_2020.xlsx,Trading Data PVB,2065
2020-08-06,GDAES_D+2,PVB,ES,2020-08-08,2020-08-08,,,8.71,,,,,,,9.42,0.0,,,MIBGAS_Data_2020.xlsx,Trading Data PVB,2047
2020-08-07,GDAES_D+2,PVB,ES,2020-08-09,2020-08-09,8.65,8.81,8.66,9.0,8.25,,,,,3.31,14973.0,,,MIBGAS_Data_2020.xlsx,Trading Data PVB,2029
2020-08-08,GDAES_D+2,PVB,ES,2020-08-10,2020-08-10,9.26,,9.5,9.5,9.01,,,,,7.57,4500.0,,,MIBGAS_Data_2020.xlsx,Trading Data PVB,2025
2020-08-09,GDAES_D+2,PVB,ES,2020-08-11,2020-08-11,,,,,,,,,,12.34,0.0,,,MIBGAS_Data_2020.xlsx,Trading Data PVB,2021
2020-08-10,GDAES_D+2,PVB,ES,2020-08-12,2020-08-12,9.67,9.78,9.3,9.78,9.41,,,,,9.29,1110.0,,,MIBGAS_Data_2020.xlsx,Trading Data PVB,2003
2020-08-11,GDAES_D+2,PVB,ES,2020-08-13,2020-08-13,9.5,9.3,9.52,9.75,9.3,,,,,3.72,4001.0,,,MIBGAS_Data_2020.xlsx,Trading Data PVB,1985
2020-08-12,GDAES_D+2,PVB,ES,2020-08-14,2020-08-14,9.14,,9.05,9.25,8.95,,,,,3.26,7525.0,,,MIBGAS_Data_2020.xlsx,Trading Data PVB,1967
2020-08-13,GDAES_D+2,PVB,ES,2020-08-15,2020-08-15,8.42,,8.38,8.5,8.25,,,,,6.87,1500.0,,,MIBGAS_Data_2020.xlsx,Trading Data PVB,1949
2020-08-14,GDAES_D+2,PVB,ES,2020-08-16,2020-08-16,7.86,8.29,7.97,8.29,7.25,,,,,4.87,2690.0,,,MIBGAS_Data_2020.xlsx,Trading Data PVB,1931
2020-08-15,GDAES_D+2,PVB,ES,2020-08-17,2020-08-17,,,8.83,,,,,,,7.22,0.0,,,MIBGAS_Data_2020.xlsx,Trading Data PVB,1927
2020-08-16,GDAES_D+2,PVB,ES,2020-08-18,2020-08-18,9.1,,9.1,9.1,9.1,,,,,6.89,500.0,,,MIBGAS_Data_2020.xlsx,Trading Data PVB,1923
2020-08-17,GDAES_D+2,PVB,ES,2020-08-19,2020-08-19,8.79,8.54,9.3,9.3,8.54,,,,,5.25,1500.0,,,MIBGAS_Data_2020.xlsx,Trading Data PVB,1905
2020-08-18,GDAES_D+2,PVB,ES,2020-08-20,2020-08-20,9.23,9.44,9.2,9.44,9.15,,,,,2.93,1241.0,,,MIBGAS_Data_2020.xlsx,Trading Data PVB,1887
2020-08-19,GDAES_D+2,PVB,ES,2020-08-21,2020-08-21,8.71,9.26,8.61,9.26,8.6,,,,,5.99,1929.0,,,MIBGAS_Data_2020.xlsx,Trading Data PVB,1869
2020-08-20,GDAES_D+2,PVB,ES,2020-08-22,2020-08-22,8.29,,8.2,8.35,8.25,,,,,3.01,3075.0,,,MIBGAS_Data_2020.xlsx,Trading Data PVB,1851
2020-08-21,GDAES_D+2,PVB,ES,2020-08-23,2020-08-23,6.88,7.06,6.68,7.06,6.7,,,,,2.09,36548.0,,,MIBGAS_Data_2020.xlsx,Trading Data PVB,1833
2020-08-22,GDAES_D+2,PVB,ES,2020-08-24,2020-08-24,8.37,,8.51,8.4,8.3,,,,,3.57,600.0,,,MIBGAS_Data_2020.xlsx,Trading Data PVB,1829
2020-08-23,GDAES_D+2,PVB,ES,2020-08-25,2020-08-25,8.8,8.5,8.9,8.9,8.5,,,,,5.29,400.0,,,MIBGAS_Data_2020.xlsx,Trading Data PVB,1825
2020-08-24,GDAES_D+2,PVB,ES,2020-08-26,2020-08-26,9.99,9.71,9.99,10.0,9.71,,,,,2.56,7010.0,,,MIBGAS_Data_2020.xlsx,Trading Data PVB,1807
2020-08-25,GDAES_D+2,PVB,ES,2020-08-27,2020-08-27,10.68,10.54,11.41,11.0,10.54,,,,,3.44,2753.0,,,MIBGAS_Data_2020.xlsx,Trading Data PVB,1789
2020-08-26,GDAES_D+2,PVB,ES,2020-08-28,2020-08-28,12.0,12.0,12.0,12.0,12.0,,,,,12.69,868.0,,,MIBGAS_Data_2020.xlsx,Trading Data PVB,1771
2020-08-27,GDAES_D+2,PVB,ES,2020-08-29,2020-08-29,8.93,8.0,8.86,9.21,8.0,,,,,4.53,27307.0,,,MIBGAS_Data_2020.xlsx,Trading Data PVB,1753
2020-08-28,GDAES_D+2,PVB,ES,2020-08-30,2020-08-30,9.56,8.8,9.43,9.95,8.8,,,,,4.09,39761.0,,,MIBGAS_Data_2020.xlsx,Trading Data PVB,1735
2020-08-29,GDAES_D+2,PVB,ES,2020-08-31,2020-08-31,,,,,,,,,,10.63,0.0,,,MIBGAS_Data_2020.xlsx,Trading Data PVB,1731
2020-08-30,GDAES_D+2,PVB,ES,2020-09-01,2020-09-01,12.98,,12.98,13.0,12.9,,,,,17.45,2000.0,,,MIBGAS_Data_2020.xlsx,Trading Data PVB,1727
2020-08-31,GDAES_D+2,PVB,ES,2020-09-02,2020-09-02,11.76,11.5,11.7,12.0,11.5,,,,,3.34,9151.0,,,MIBGAS_Data_2020.xlsx,Trading Data PVB,1710
2020-09-01,GDAES_D+2,PVB,ES,2020-09-03,2020-09-03,11.72,11.75,11.7,11.75,11.7,,,,,5.28,3000.0,,,MIBGAS_Data_2020.xlsx,Trading Data PVB,1692
2020-09-02,GDAES_D+2,PVB,ES,2020-09-04,2020-09-04,11.61,11.85,11.4,11.85,11.4,,,,,2.74,2215.0,,,MIBGAS_Data_2020.xlsx,Trading Data PVB,1674
2020-09-03,GDAES_D+2,PVB,ES,2020-09-05,2020-09-05,,,,,,,,,,23.48,0.0,,,MIBGAS_Data_2020.xlsx,Trading Data PVB,1656
2020-09-04,GDAES_D+2,PVB,ES,2020-09-06,2020-09-06,10.36,9.55,10.96,11.5,9.55,,,,,5.35,10926.0,,,MIBGAS_Data_2020.xlsx,Trading Data PVB,1638
2020-09-05,GDAES_D+2,PVB,ES,2020-09-07,2020-09-07,,,,,,,,,,14.34,0.0,,,MIBGAS_Data_2020.xlsx,Trading Data PVB,1634
2020-09-06,GDAES_D+2,PVB,ES,2020-09-08,2020-09-08,,,,,,,,,,17.57,0.0,,,MIBGAS_Data_2020.xlsx,Trading Data PVB,1630
2020-09-07,GDAES_D+2,PVB,ES,2020-09-09,2020-09-09,12.0,,12.0,12.0,12.0,,,,,13.04,147.0,,,MIBGAS_Data_2020.xlsx,Trading Data PVB,1612
2020-09-08,GDAES_D+2,PVB,ES,2020-09-10,2020-09-10,11.7,11.7,11.7,11.7,11.7,,,,,8.88,65.0,,,MIBGAS_Data_2020.xlsx,Trading Data PVB,1594
2020-09-09,GDAES_D+2,PVB,ES,2020-09-11,2020-09-11,11.02,11.02,11.33,11.9,11.02,,,,,2.6,1385.0,,,MIBGAS_Data_2020.xlsx,Trading Data PVB,1576
2020-09-10,GDAES_D+2,PVB,ES,2020-09-12,2020-09-12,10.8,,,11.0,10.5,,,,,15.64,64.0,,,MIBGAS_Data_2020.xlsx,Trading Data PVB,1558
2020-09-11,GDAES_D+2,PVB,ES,2020-09-13,2020-09-13,9.13,9.5,8.8,9.75,8.75,,,,,6.14,21054.0,,,MIBGAS_Data_2020.xlsx,Trading Data PVB,1540
2020-09-12,GDAES_D+2,PVB,ES,2020-09-14,2020-09-14,,,,,,,,,,10.39,0.0,,,MIBGAS_Data_2020.xlsx,Trading Data PVB,1536
2020-09-13,GDAES_D+2,PVB,ES,2020-09-15,2020-09-15,,,,,,,,,,18.07,0.0,,,MIBGAS_Data_2020.xlsx,Trading Data PVB,1532
2020-09-14,GDAES_D+2,PVB,ES,2020-09-16,2020-09-16,12.37,,12.18,12.4,12.34,,,,,9.3,2226.0,,,MIBGAS_Data_2020.xlsx,Trading Data PVB,1514
2020-09-15,GDAES_D+2,PVB,ES,2020-09-17,2020-09-17,12.09,12.25,12.06,12.25,12.0,,,,,6.04,290.0,,,MIBGAS_Data_2020.xlsx,Trading Data PVB,1496
2020-09-16,GDAES_D+2,PVB,ES,2020-09-18,2020-09-18,11.91,,12.15,12.0,11.9,,,,,4.24,3410.0,,,MIBGAS_Data_2020.xlsx,Trading Data PVB,1478
2020-09-17,GDAES_D+2,PVB,ES,2020-09-19,2020-09-19,,,,,,,,,,15.16,0.0,,,MIBGAS_Data_2020.xlsx,Trading Data PVB,1460
2020-09-18,GDAES_D+2,PVB,ES,2020-09-20,2020-09-20,10.49,10.26,10.37,10.8,10.07,,,,,6.95,5182.0,,,MIBGAS_Data_2020.xlsx,Trading Data PVB,1442
2020-09-19,GDAES_D+2,PVB,ES,2020-09-21,2020-09-21,11.35,,11.5,11.5,11.0,,,,,3.38,2038.0,,,MIBGAS_Data_2020.xlsx,Trading Data PVB,1438
2020-09-20,GDAES_D+2,PVB,ES,2020-09-22,2020-09-22,11.35,,11.35,11.35,11.35,,,,,6.66,500.0,,,MIBGAS_Data_2020.xlsx,Trading Data PVB,1434
2020-09-21,GDAES_D+2,PVB,ES,2020-09-23,2020-09-23,12.01,,11.85,12.1,12.0,,,,,7.07,2810.0,,,MIBGAS_Data_2020.xlsx,Trading Data PVB,1416
2020-09-22,GDAES_D+2,PVB,ES,2020-09-24,2020-09-24,11.6,11.7,11.65,11.7,11.6,,,,,1.92,4260.0,,,MIBGAS_Data_2020.xlsx,Trading Data PVB,1398
2020-09-23,GDAES_D+2,PVB,ES,2020-09-25,2020-09-25,10.95,10.95,11.02,11.5,10.95,,,,,9.38,5762.0,,,MIBGAS_Data_2020.xlsx,Trading Data PVB,1380
2020-09-24,GDAES_D+2,PVB,ES,2020-09-26,2020-09-26,10.4,,10.4,10.4,10.4,,,,,6.16,500.0,,,MIBGAS_Data_2020.xlsx,Trading Data PVB,1362
2020-09-25,GDAES_D+2,PVB,ES,2020-09-27,2020-09-27,10.44,10.0,10.85,10.85,10.0,,,,,5.81,8367.0,,,MIBGAS_Data_2020.xlsx,Trading Data PVB,1344
2020-09-26,GDAES_D+2,PVB,ES,2020-09-28,2020-09-28,11.05,,11.05,11.15,11.0,,,,,4.4,4160.0,,,MIBGAS_Data_2020.xlsx,Trading Data PVB,1340
2020-09-27,GDAES_D+2,PVB,ES,2020-09-29,2020-09-29,,,,,,,,,,6.09,0.0,,,MIBGAS_Data_2020.xlsx,Trading Data PVB,1336
2020-09-28,GDAES_D+2,PVB,ES,2020-09-30,2020-09-30,11.55,11.55,11.55,11.55,11.55,,,,,6.66,3000.0,,,MIBGAS_Data_2020.xlsx,Trading Data PVB,1319
2020-09-29,GDAES_D+2,PVB,ES,2020-10-01,2020-10-01,12.03,,12.03,12.1,12.0,,,,,8.18,891.0,,,MIBGAS_Data_2020.xlsx,Trading Data PVB,1302
2020-09-30,GDAES_D+2,PVB,ES,2020-10-02,2020-10-02,11.35,12.1,11.36,12.1,11.25,,,,,5.56,8279.0,,,MIBGAS_Data_2020.xlsx,Trading Data PVB,1287
2020-10-01,GDAES_D+2,PVB,ES,2020-10-03,2020-10-03,10.24,10.0,10.85,10.85,10.0,,,,,4.29,7000.0,,,MIBGAS_Data_2020.xlsx,Trading Data PVB,1269
2020-10-02,GDAES_D+2,PVB,ES,2020-10-04,2020-10-04,11.07,10.4,11.45,11.55,10.4,,,,,3.01,14618.0,,,MIBGAS_Data_2020.xlsx,Trading Data PVB,1251
2020-10-03,GDAES_D+2,PVB,ES,2020-10-05,2020-10-05,11.85,,11.93,11.95,11.75,,,,,4.86,1000.0,,,MIBGAS_Data_2020.xlsx,Trading Data PVB,1247
2020-10-04,GDAES_D+2,PVB,ES,2020-10-06,2020-10-06,11.58,11.5,11.8,11.65,11.5,,,,,4.33,9500.0,,,MIBGAS_Data_2020.xlsx,Trading Data PVB,1243
2020-10-05,GDAES_D+2,PVB,ES,2020-10-07,2020-10-07,12.33,,12.55,12.55,12.25,,,,,3.85,1524.0,,,MIBGAS_Data_2020.xlsx,Trading Data PVB,1225
2020-10-06,GDAES_D+2,PVB,ES,2020-10-08,2020-10-08,12.58,,12.6,12.6,12.55,,,,,2.67,900.0,,,MIBGAS_Data_2020.xlsx,Trading Data PVB,1207
2020-10-07,GDAES_D+2,PVB,ES,2020-10-09,2020-10-09,12.92,,13.12,13.25,12.82,,,,,3.12,15685.0,,,MIBGAS_Data_2020.xlsx,Trading Data PVB,1189
2020-10-08,GDAES_D+2,PVB,ES,2020-10-10,2020-10-10,12.78,12.77,13.04,13.05,12.77,,,,,4.98,5449.0,,,MIBGAS_Data_2020.xlsx,Trading Data PVB,1171
2020-10-09,GDAES_D+2,PVB,ES,2020-10-11,2020-10-11,12.37,12.0,12.52,12.95,12.0,,,,,2.86,26785.0,,,MIBGAS_Data_2020.xlsx,Trading Data PVB,1152
2020-10-10,GDAES_D+2,PVB,ES,2020-10-12,2020-10-12,12.74,,12.59,13.5,12.5,,,,,4.39,1321.0,,,MIBGAS_Data_2020.xlsx,Trading Data PVB,1148
2020-10-11,GDAES_D+2,PVB,ES,2020-10-13,2020-10-13,,,,,,,,,,4.69,0.0,,,MIBGAS_Data_2020.xlsx,Trading Data PVB,1144
2020-10-12,GDAES_D+2,PVB,ES,2020-10-14,2020-10-14,12.95,,12.95,12.95,12.95,,,,,3.73,500.0,,,MIBGAS_Data_2020.xlsx,Trading Data PVB,1126
2020-10-13,GDAES_D+2,PVB,ES,2020-10-15,2020-10-15,12.95,12.95,12.98,12.95,12.95,,,,,2.6,566.0,,,MIBGAS_Data_2020.xlsx,Trading Data PVB,1108
2020-10-14,GDAES_D+2,PVB,ES,2020-10-16,2020-10-16,13.16,13.1,13.16,13.23,13.0,,,,,0.83,19579.0,,,MIBGAS_Data_2020.xlsx,Trading Data PVB,1090
2020-10-15,GDAES_D+2,PVB,ES,2020-10-17,2020-10-17,13.37,13.25,13.47,13.67,12.75,,,,,3.72,5070.0,,,MIBGAS_Data_2020.xlsx,Trading Data PVB,1072
2020-10-16,GDAES_D+2,PVB,ES,2020-10-18,2020-10-18,13.98,13.6,14.03,14.1,13.6,,,,,2.32,21086.0,,,MIBGAS_Data_2020.xlsx,Trading Data PVB,1054
2020-10-17,GDAES_D+2,PVB,ES,2020-10-19,2020-10-19,14.34,,14.5,14.62,14.1,,,,,3.23,10000.0,,,MIBGAS_Data_2020.xlsx,Trading Data PVB,1050
2020-10-18,GDAES_D+2,PVB,ES,2020-10-20,2020-10-20,,,,,,,,,,8.37,0.0,,,MIBGAS_Data_2020.xlsx,Trading Data PVB,1046
2020-10-19,GDAES_D+2,PVB,ES,2020-10-21,2020-10-21,14.33,14.23,14.44,14.5,14.23,,,,,3.51,7464.0,,,MIBGAS_Data_2020.xlsx,Trading Data PVB,1028
2020-10-20,GDAES_D+2,PVB,ES,2020-10-22,2020-10-22,14.44,14.57,14.56,14.57,14.3,,,,,1.23,16664.0,,,MIBGAS_Data_2020.xlsx,Trading Data PVB,1010
2020-10-21,GDAES_D+2,PVB,ES,2020-10-23,2020-10-23,14.82,14.67,14.83,14.95,14.6,,,,,1.14,11119.0,,,MIBGAS_Data_2020.xlsx,Trading Data PVB,992
2020-10-22,GDAES_D+2,PVB,ES,2020-10-24,2020-10-24,14.91,14.71,15.1,15.1,14.71,,,,,2.31,12305.0,,,MIBGAS_Data_2020.xlsx,Trading Data PVB,974
2020-10-23,GDAES_D+2,PVB,ES,2020-10-25,2020-10-25,15.04,15.01,14.81,15.2,14.7,,,,,1.8,26631.0,,,MIBGAS_Data_2020.xlsx,Trading Data PVB,956
2020-10-24,GDAES_D+2,PVB,ES,2020-10-26,2020-10-26,14.8,,14.71,14.9,14.6,,,,,2.57,5000.0,,,MIBGAS_Data_2020.xlsx,Trading Data PVB,952
2020-10-25,GDAES_D+2,PVB,ES,2020-10-27,2020-10-27,14.83,,14.95,14.95,14.7,,,,,3.79,1000.0,,,MIBGAS_Data_2020.xlsx,Trading Data PVB,948
2020-10-26,GDAES_D+2,PVB,ES,2020-10-28,2020-10-28,14.83,,14.98,15.1,14.8,,,,,2.16,3700.0,,,MIBGAS_Data_2020.xlsx,Trading Data PVB,930
2020-10-27,GDAES_D+2,PVB,ES,2020-10-29,2020-10-29,14.89,15.1,14.74,15.1,14.7,,,,,1.79,5851.0,,,MIBGAS_Data_2020.xlsx,Trading Data PVB,912
2020-10-28,GDAES_D+2,PVB,ES,2020-10-30,2020-10-30,14.4,14.97,14.2,14.97,14.1,,,,,1.7,20382.0,,,MIBGAS_Data_2020.xlsx,Trading Data PVB,895
2020-10-29,GDAES_D+2,PVB,ES,2020-10-31,2020-10-31,13.81,14.0,13.48,14.0,13.4,,,,,1.36,18783.0,,,MIBGAS_Data_2020.xlsx,Trading Data PVB,878
2020-10-30,GDAES_D+2,PVB,ES,2020-11-01,2020-11-01,13.3,13.6,11.0,13.75,11.0,,,,,0.65,69436.0,,,MIBGAS_Data_2020.xlsx,Trading Data PVB,860
2020-10-31,GDAES_D+2,PVB,ES,2020-11-02,2020-11-02,,,,,,,,,,8.76,0.0,,,MIBGAS_Data_2020.xlsx,Trading Data PVB,856
2020-11-01,GDAES_D+2,PVB,ES,2020-11-03,2020-11-03,13.63,,13.85,13.85,13.4,,,,,4.36,2500.0,,,MIBGAS_Data_2020.xlsx,Trading Data PVB,852
2020-11-02,GDAES_D+2,PVB,ES,2020-11-04,2020-11-04,13.17,13.43,12.8,13.43,13.04,,,,,4.29,6271.0,,,MIBGAS_Data_2020.xlsx,Trading Data PVB,834
2020-11-03,GDAES_D+2,PVB,ES,2020-11-05,2020-11-05,13.37,12.86,13.18,13.43,12.86,,,,,3.63,167.0,,,MIBGAS_Data_2020.xlsx,Trading Data PVB,816
2020-11-04,GDAES_D+2,PVB,ES,2020-11-06,2020-11-06,13.38,13.2,13.4,13.4,13.2,,,,,3.11,9500.0,,,MIBGAS_Data_2020.xlsx,Trading Data PVB,798
2020-11-05,GDAES_D+2,PVB,ES,2020-11-07,2020-11-07,13.65,,13.65,13.65,13.65,,,,,4.36,200.0,,,MIBGAS_Data_2020.xlsx,Trading Data PVB,780
2020-11-06,GDAES_D+2,PVB,ES,2020-11-08,2020-11-08,13.36,13.67,13.36,13.67,13.2,,,,,1.1,13038.0,,,MIBGAS_Data_2020.xlsx,Trading Data PVB,761
2020-11-07,GDAES_D+2,PVB,ES,2020-11-09,2020-11-09,13.65,,13.69,13.78,13.45,,,,,1.93,8900.0,,,MIBGAS_Data_2020.xlsx,Trading Data PVB,757
2020-11-08,GDAES_D+2,PVB,ES,2020-11-10,2020-11-10,13.9,,13.9,13.9,13.9,,,,,1.46,1000.0,,,MIBGAS_Data_2020.xlsx,Trading Data PVB,753
2020-11-09,GDAES_D+2,PVB,ES,2020-11-11,2020-11-11,13.89,13.65,13.95,14.0,13.65,,,,,1.98,3012.0,,,MIBGAS_Data_2020.xlsx,Trading Data PVB,735
2020-11-10,GDAES_D+2,PVB,ES,2020-11-12,2020-11-12,14.18,14.28,14.0,14.5,13.95,,,,,1.89,3437.0,,,MIBGAS_Data_2020.xlsx,Trading Data PVB,717
2020-11-11,GDAES_D+2,PVB,ES,2020-11-13,2020-11-13,14.18,,14.3,14.3,14.1,,,,,1.53,800.0,,,MIBGAS_Data_2020.xlsx,Trading Data PVB,699
2020-11-12,GDAES_D+2,PVB,ES,2020-11-14,2020-11-14,,,13.7,,,,,,,3.47,0.0,,,MIBGAS_Data_2020.xlsx,Trading Data PVB,681
2020-11-13,GDAES_D+2,PVB,ES,2020-11-15,2020-11-15,13.8,13.61,13.88,15.0,13.61,,,,,0.97,21457.0,,,MIBGAS_Data_2020.xlsx,Trading Data PVB,663
2020-11-14,GDAES_D+2,PVB,ES,2020-11-16,2020-11-16,14.3,,14.23,14.3,14.3,,,,,1.32,60.0,,,MIBGAS_Data_2020.xlsx,Trading Data PVB,659
2020-11-15,GDAES_D+2,PVB,ES,2020-11-17,2020-11-17,,,14.28,,,,,,,1.11,0.0,,,MIBGAS_Data_2020.xlsx,Trading Data PVB,655
2020-11-16,GDAES_D+2,PVB,ES,2020-11-18,2020-11-18,14.56,,14.73,14.95,14.4,,,,,3.11,700.0,,,MIBGAS_Data_2020.xlsx,Trading Data PVB,637
2020-11-17,GDAES_D+2,PVB,ES,2020-11-19,2020-11-19,14.57,14.9,14.56,14.9,14.5,,,,,4.96,3975.0,,,MIBGAS_Data_2020.xlsx,Trading Data PVB,619
2020-11-18,GDAES_D+2,PVB,ES,2020-11-20,2020-11-20,14.3,14.3,14.29,14.35,14.21,,,,,1.18,9691.0,,,MIBGAS_Data_2020.xlsx,Trading Data PVB,601
2020-11-19,GDAES_D+2,PVB,ES,2020-11-21,2020-11-21,13.94,14.4,13.7,14.4,13.3,,,,,6.14,1175.0,,,MIBGAS_Data_2020.xlsx,Trading Data PVB,583
2020-11-20,GDAES_D+2,PVB,ES,2020-11-22,2020-11-22,12.62,13.49,12.45,13.49,12.21,,,,,1.74,13928.0,,,MIBGAS_Data_2020.xlsx,Trading Data PVB,565
2020-11-21,GDAES_D+2,PVB,ES,2020-11-23,2020-11-23,,,13.45,,,,,,,4.9,0.0,,,MIBGAS_Data_2020.xlsx,Trading Data PVB,561
2020-11-22,GDAES_D+2,PVB,ES,2020-11-24,2020-11-24,14.13,,14.2,14.2,13.97,,,,,5.43,3448.0,,,MIBGAS_Data_2020.xlsx,Trading Data PVB,557
2020-11-23,GDAES_D+2,PVB,ES,2020-11-25,2020-11-25,15.14,14.8,15.19,15.2,14.8,,,,,2.7,2746.0,,,MIBGAS_Data_2020.xlsx,Trading Data PVB,539
2020-11-24,GDAES_D+2,PVB,ES,2020-11-26,2020-11-26,15.7,15.5,15.85,16.0,15.35,,,,,2.17,19111.0,,,MIBGAS_Data_2020.xlsx,Trading Data PVB,521
2020-11-25,GDAES_D+2,PVB,ES,2020-11-27,2020-11-27,15.68,15.79,15.0,15.95,14.55,,,,,1.64,21703.0,,,MIBGAS_Data_2020.xlsx,Trading Data PVB,503
2020-11-26,GDAES_D+2,PVB,ES,2020-11-28,2020-11-28,15.03,,15.3,15.3,14.8,,,,,6.33,1300.0,,,MIBGAS_Data_2020.xlsx,Trading Data PVB,485
2020-11-27,GDAES_D+2,PVB,ES,2020-11-29,2020-11-29,15.41,15.07,15.1,16.3,15.07,,,,,2.61,8656.0,,,MIBGAS_Data_2020.xlsx,Trading Data PVB,468
2020-11-28,GDAES_D+2,PVB,ES,2020-11-30,2020-11-30,,,16.23,,,,,,,5.86,0.0,,,MIBGAS_Data_2020.xlsx,Trading Data PVB,464
2020-11-29,GDAES_D+2,PVB,ES,2020-12-01,2020-12-01,,,17.0,,,,,,,5.7,0.0,,,MIBGAS_Data_2020.xlsx,Trading Data PVB,460
2020-11-30,GDAES_D+2,PVB,ES,2020-12-02,2020-12-02,16.91,17.25,16.95,17.25,16.85,,,,,3.42,1153.0,,,MIBGAS_Data_2020.xlsx,Trading Data PVB,443
2020-12-01,GDAES_D+2,PVB,ES,2020-12-03,2020-12-03,17.44,,17.39,17.85,16.95,,,,,1.81,22399.0,,,MIBGAS_Data_2020.xlsx,Trading Data PVB,425
2020-12-02,GDAES_D+2,PVB,ES,2020-12-04,2020-12-04,16.49,16.75,16.6,16.75,16.0,,,,,1.16,12252.0,,,MIBGAS_Data_2020.xlsx,Trading Data PVB,407
2020-12-03,GDAES_D+2,PVB,ES,2020-12-05,2020-12-05,15.64,15.8,15.75,15.81,15.5,,,,,2.48,1019.0,,,MIBGAS_Data_2020.xlsx,Trading Data PVB,389
2020-12-04,GDAES_D+2,PVB,ES,2020-12-06,2020-12-06,15.55,15.9,15.28,15.9,15.25,,,,,1.96,9060.0,,,MIBGAS_Data_2020.xlsx,Trading Data PVB,369
2020-12-05,GDAES_D+2,PVB,ES,2020-12-07,2020-12-07,16.39,,16.4,16.5,16.2,,,,,4.54,7500.0,,,MIBGAS_Data_2020.xlsx,Trading Data PVB,364
2020-12-06,GDAES_D+2,PVB,ES,2020-12-08,2020-12-08,16.42,16.45,16.3,16.45,16.3,,,,,3.02,1300.0,,,MIBGAS_Data_2020.xlsx,Trading Data PVB,360
2020-12-07,GDAES_D+2,PVB,ES,2020-12-09,2020-12-09,16.74,,16.6,17.0,16.35,,,,,2.23,9069.0,,,MIBGAS_Data_2020.xlsx,Trading Data PVB,342
2020-12-08,GDAES_D+2,PVB,ES,2020-12-10,2020-12-10,16.67,,16.7,16.7,16.6,,,,,2.29,1500.0,,,MIBGAS_Data_2020.xlsx,Trading Data PVB,324
2020-12-09,GDAES_D+2,PVB,ES,2020-12-11,2020-12-11,18.02,17.0,17.86,18.5,17.0,,,,,2.84,11296.0,,,MIBGAS_Data_2020.xlsx,Trading Data PVB,306
2020-12-10,GDAES_D+2,PVB,ES,2020-12-12,2020-12-12,16.35,,16.35,16.35,16.35,,,,,11.26,500.0,,,MIBGAS_Data_2020.xlsx,Trading Data PVB,288
2020-12-11,GDAES_D+2,PVB,ES,2020-12-13,2020-12-13,16.26,17.0,16.37,17.0,14.2,,,,,4.65,13521.0,,,MIBGAS_Data_2020.xlsx,Trading Data PVB,270
2020-12-12,GDAES_D+2,PVB,ES,2020-12-14,2020-12-14,17.32,16.8,17.5,17.6,16.8,,,,,2.12,6850.0,,,MIBGAS_Data_2020.xlsx,Trading Data PVB,266
2020-12-13,GDAES_D+2,PVB,ES,2020-12-15,2020-12-15,17.63,,17.97,17.97,17.15,,,,,3.5,4000.0,,,MIBGAS_Data_2020.xlsx,Trading Data PVB,262
2020-12-14,GDAES_D+2,PVB,ES,2020-12-16,2020-12-16,18.47,,18.6,18.6,18.25,,,,,5.03,2500.0,,,MIBGAS_Data_2020.xlsx,Trading Data PVB,244
2020-12-15,GDAES_D+2,PVB,ES,2020-12-17,2020-12-17,19.13,19.5,19.24,19.5,18.96,,,,,2.81,9498.0,,,MIBGAS_Data_2020.xlsx,Trading Data PVB,226
2020-12-16,GDAES_D+2,PVB,ES,2020-12-18,2020-12-18,19.85,19.15,19.9,20.1,19.15,,,,,4.32,9379.0,,,MIBGAS_Data_2020.xlsx,Trading Data PVB,208
2020-12-17,GDAES_D+2,PVB,ES,2020-12-19,2020-12-19,17.95,,17.85,18.0,17.8,,,,,1.9,2500.0,,,MIBGAS_Data_2020.xlsx,Trading Data PVB,190
2020-12-18,GDAES_D+2,PVB,ES,2020-12-20,2020-12-20,17.46,18.43,17.15,18.43,16.65,,,,,1.73,8681.0,,,MIBGAS_Data_2020.xlsx,Trading Data PVB,172
2020-12-19,GDAES_D+2,PVB,ES,2020-12-21,2020-12-21,18.05,,18.13,18.05,18.05,,,,,4.41,2500.0,,,MIBGAS_Data_2020.xlsx,Trading Data PVB,168
2020-12-20,GDAES_D+2,PVB,ES,2020-12-22,2020-12-22,18.19,,18.2,18.25,18.15,,,,,1.16,1350.0,,,MIBGAS_Data_2020.xlsx,Trading Data PVB,164
2020-12-21,GDAES_D+2,PVB,ES,2020-12-23,2020-12-23,18.12,,18.11,18.25,18.0,,,,,1.6,2100.0,,,MIBGAS_Data_2020.xlsx,Trading Data PVB,146
2020-12-22,GDAES_D+2,PVB,ES,2020-12-24,2020-12-24,18.05,17.85,18.6,18.61,17.0,,,,,2.45,26360.0,,,MIBGAS_Data_2020.xlsx,Trading Data PVB,128
2020-12-23,GDAES_D+2,PVB,ES,2020-12-25,2020-12-25,18.63,19.45,18.79,19.45,18.3,,,,,4.11,23403.0,,,MIBGAS_Data_2020.xlsx,Trading Data PVB,107
2020-12-24,GDAES_D+2,PVB,ES,2020-12-26,2020-12-26,18.65,18.4,18.39,19.0,18.26,,,,,3.36,4531.0,,,MIBGAS_Data_2020.xlsx,Trading Data PVB,87
2020-12-25,GDAES_D+2,PVB,ES,2020-12-27,2020-12-27,17.81,,17.72,18.4,17.69,,,,,4.36,2701.0,,,MIBGAS_Data_2020.xlsx,Trading Data PVB,82
2020-12-26,GDAES_D+2,PVB,ES,2020-12-28,2020-12-28,18.5,,18.5,18.5,18.5,,,,,6.82,1000.0,,,MIBGAS_Data_2020.xlsx,Trading Data PVB,78
2020-12-27,GDAES_D+2,PVB,ES,2020-12-29,2020-12-29,19.21,,19.2,19.3,19.2,,,,,5.28,2367.0,,,MIBGAS_Data_2020.xlsx,Trading Data PVB,74
2020-12-28,GDAES_D+2,PVB,ES,2020-12-30,2020-12-30,20.13,19.5,20.17,20.3,19.5,,,,,6.82,12254.0,,,MIBGAS_Data_2020.xlsx,Trading Data PVB,57
2020-12-29,GDAES_D+2,PVB,ES,2020-12-31,2020-12-31,21.21,,21.0,21.51,21.0,,,,,5.19,9571.0,,,MIBGAS_Data_2020.xlsx,Trading Data PVB,40
2020-12-30,GDAES_D+2,PVB,ES,2021-01-01,2021-01-01,21.85,21.98,21.38,22.33,21.35,,,,,1.72,8656.0,,,MIBGAS_Data_2020.xlsx,Trading Data PVB,21
2020-12-31,GDAES_D+2,PVB,ES,2021-01-02,2021-01-02,21.42,21.35,21.16,22.0,21.11,,,,,2.16,5962.0,,,MIBGAS_Data_2020.xlsx,Trading Data PVB,5
2021-01-01,GDAES_D+2,PVB,ES,2021-01-03,2021-01-03,20.1,20.1,20.1,20.1,20.1,,,,,4.89,550.0,,,MIBGAS_Data_2021.xlsx,Trading Data PVB&VTP,6446
2021-01-02,GDAES_D+2,PVB,ES,2021-01-04,2021-01-04,21.55,,21.8,21.8,21.45,,,,,6.35,2500.0,,,MIBGAS_Data_2021.xlsx,Trading Data PVB&VTP,6442
2021-01-03,GDAES_D+2,PVB,ES,2021-01-05,2021-01-05,23.49,,23.6,23.6,23.35,,,,,3.99,5663.0,,,MIBGAS_Data_2021.xlsx,Trading Data PVB&VTP,6438
2021-01-04,GDAES_D+2,PVB,ES,2021-01-06,2021-01-06,25.21,23.75,25.24,25.5,23.75,,,,,9.64,3163.0,,,MIBGAS_Data_2021.xlsx,Trading Data PVB&VTP,6420
2021-01-05,GDAES_D+2,PVB,ES,2021-01-07,2021-01-07,32.19,30.02,31.67,40.0,30.02,,,,,7.33,56694.0,,,MIBGAS_Data_2021.xlsx,Trading Data PVB&VTP,6402
2021-01-06,GDAES_D+2,PVB,ES,2021-01-08,2021-01-08,39.48,40.02,38.7,40.25,38.7,,,,,4.14,29000.0,,,MIBGAS_Data_2021.xlsx,Trading Data PVB&VTP,6384
2021-01-07,GDAES_D+2,PVB,ES,2021-01-09,2021-01-09,46.29,,50.0,50.0,45.0,,,,,23.74,963.0,,,MIBGAS_Data_2021.xlsx,Trading Data PVB&VTP,6366
2021-01-08,GDAES_D+2,PVB,ES,2021-01-10,2021-01-10,58.28,60.0,48.5,66.5,45.0,,,,,7.47,8903.0,,,MIBGAS_Data_2021.xlsx,Trading Data PVB&VTP,6348
2021-01-09,GDAES_D+2,PVB,ES,2021-01-11,2021-01-11,38.14,50.0,32.25,50.0,32.25,,,,,25.62,2842.0,,,MIBGAS_Data_2021.xlsx,Trading Data PVB&VTP,6344
2021-01-10,GDAES_D+2,PVB,ES,2021-01-12,2021-01-12,34.91,,32.25,48.0,32.25,,,,,39.36,2700.0,,,MIBGAS_Data_2021.xlsx,Trading Data PVB&VTP,6340
2021-01-11,GDAES_D+2,PVB,ES,2021-01-13,2021-01-13,,,,,,,,,,34.53,0.0,,,MIBGAS_Data_2021.xlsx,Trading Data PVB&VTP,6322
2021-01-12,GDAES_D+2,PVB,ES,2021-01-14,2021-01-14,31.74,30.0,32.8,33.0,30.0,,,,,10.95,2500.0,,,MIBGAS_Data_2021.xlsx,Trading Data PVB&VTP,6304
2021-01-13,GDAES_D+2,PVB,ES,2021-01-15,2021-01-15,28.74,31.1,28.48,31.1,28.0,,,,,5.02,11002.0,,,MIBGAS_Data_2021.xlsx,Trading Data PVB&VTP,6286
2021-01-14,GDAES_D+2,PVB,ES,2021-01-16,2021-01-16,29.29,,28.5,29.5,28.5,,,,,8.42,4500.0,,,MIBGAS_Data_2021.xlsx,Trading Data PVB&VTP,6268
2021-01-15,GDAES_D+2,PVB,ES,2021-01-17,2021-01-17,27.62,27.96,27.35,28.43,26.7,,,,,1.77,9202.0,,,MIBGAS_Data_2021.xlsx,Trading Data PVB&VTP,6250
2021-01-16,GDAES_D+2,PVB,ES,2021-01-18,2021-01-18,27.01,,27.0,27.1,27.0,,,,,4.32,5500.0,,,MIBGAS_Data_2021.xlsx,Trading Data PVB&VTP,6246
2021-01-17,GDAES_D+2,PVB,ES,2021-01-19,2021-01-19,25.93,,26.0,26.0,25.9,,,,,2.89,1500.0,,,MIBGAS_Data_2021.xlsx,Trading Data PVB&VTP,6242
2021-01-18,GDAES_D+2,PVB,ES,2021-01-20,2021-01-20,26.12,26.0,26.58,26.6,25.0,,,,,8.87,5163.0,,,MIBGAS_Data_2021.xlsx,Trading Data PVB&VTP,6224
2021-01-19,GDAES_D+2,PVB,ES,2021-01-21,2021-01-21,25.86,26.0,25.6,28.0,25.5,,,,,7.93,7392.0,,,MIBGAS_Data_2021.xlsx,Trading Data PVB&VTP,6206
2021-01-20,GDAES_D+2,PVB,ES,2021-01-22,2021-01-22,24.04,,24.03,25.5,24.0,,,,,5.21,4640.0,,,MIBGAS_Data_2021.xlsx,Trading Data PVB&VTP,6188
2021-01-21,GDAES_D+2,PVB,ES,2021-01-23,2021-01-23,22.41,,22.4,22.8,22.4,,,,,5.88,98.0,,,MIBGAS_Data_2021.xlsx,Trading Data PVB&VTP,6170
2021-01-22,GDAES_D+2,PVB,ES,2021-01-24,2021-01-24,22.52,22.0,23.21,23.5,21.8,,,,,2.67,20738.0,,,MIBGAS_Data_2021.xlsx,Trading Data PVB&VTP,6152
2021-01-23,GDAES_D+2,PVB,ES,2021-01-25,2021-01-25,,,,,,,,,,19.09,0.0,,,MIBGAS_Data_2021.xlsx,Trading Data PVB&VTP,6148
2021-01-24,GDAES_D+2,PVB,ES,2021-01-26,2021-01-26,,,,,,,,,,14.54,0.0,,,MIBGAS_Data_2021.xlsx,Trading Data PVB&VTP,6144
2021-01-25,GDAES_D+2,PVB,ES,2021-01-27,2021-01-27,25.0,25.0,25.0,25.0,25.0,,,,,4.22,460.0,,,MIBGAS_Data_2021.xlsx,Trading Data PVB&VTP,6126
2021-01-26,GDAES_D+2,PVB,ES,2021-01-28,2021-01-28,22.3,,,22.3,22.3,,,,,3.26,2.0,,,MIBGAS_Data_2021.xlsx,Trading Data PVB&VTP,6108
2021-01-27,GDAES_D+2,PVB,ES,2021-01-29,2021-01-29,19.15,,19.15,20.0,19.15,,,,,3.88,4582.0,,,MIBGAS_Data_2021.xlsx,Trading Data PVB&VTP,6090
2021-01-28,GDAES_D+2,PVB,ES,2021-01-30,2021-01-30,19.52,19.34,20.25,20.25,19.34,,,,,8.76,3000.0,,,MIBGAS_Data_2021.xlsx,Trading Data PVB&VTP,6073
2021-01-29,GDAES_D+2,PVB,ES,2021-01-31,2021-01-31,20.15,20.26,20.4,20.9,18.0,,,,,4.05,6271.0,,,MIBGAS_Data_2021.xlsx,Trading Data PVB&VTP,6056
2021-01-30,GDAES_D+2,PVB,ES,2021-02-01,2021-02-01,,,,,,,,,,6.95,0.0,,,MIBGAS_Data_2021.xlsx,Trading Data PVB&VTP,6052
2021-01-31,GDAES_D+2,PVB,ES,2021-02-02,2021-02-02,19.5,,19.68,19.5,19.5,,,,,6.53,1000.0,,,MIBGAS_Data_2021.xlsx,Trading Data PVB&VTP,6048
2021-02-01,GDAES_D+2,PVB,ES,2021-02-03,2021-02-03,18.2,,18.2,18.2,18.2,,,,,5.4,2000.0,,,MIBGAS_Data_2021.xlsx,Trading Data PVB&VTP,6030
2021-02-02,GDAES_D+2,PVB,ES,2021-02-04,2021-02-04,18.15,18.15,17.95,18.2,18.1,,,,,3.26,4080.0,,,MIBGAS_Data_2021.xlsx,Trading Data PVB&VTP,6012
2021-02-03,GDAES_D+2,PVB,ES,2021-02-05,2021-02-05,17.6,17.68,17.45,17.73,17.45,,,,,1.41,13103.0,,,MIBGAS_Data_2021.xlsx,Trading Data PVB&VTP,5994
2021-02-04,GDAES_D+2,PVB,ES,2021-02-06,2021-02-06,,,17.7,,,,,,,3.97,0.0,,,MIBGAS_Data_2021.xlsx,Trading Data PVB&VTP,5976
2021-02-05,GDAES_D+2,PVB,ES,2021-02-07,2021-02-07,17.8,18.0,17.66,18.85,17.4,,,,,1.69,9407.0,,,MIBGAS_Data_2021.xlsx,Trading Data PVB&VTP,5958
2021-02-06,GDAES_D+2,PVB,ES,2021-02-08,2021-02-08,,,,,,,,,,5.7,0.0,,,MIBGAS_Data_2021.xlsx,Trading Data PVB&VTP,5954
2021-02-07,GDAES_D+2,PVB,ES,2021-02-09,2021-02-09,17.9,,17.9,17.9,17.9,,,,,3.39,500.0,,,MIBGAS_Data_2021.xlsx,Trading Data PVB&VTP,5950
2021-02-08,GDAES_D+2,PVB,ES,2021-02-10,2021-02-10,19.02,19.05,19.0,19.2,19.0,,,,,4.19,4008.0,,,MIBGAS_Data_2021.xlsx,Trading Data PVB&VTP,5932
2021-02-09,GDAES_D+2,PVB,ES,2021-02-11,2021-02-11,18.38,18.75,18.5,18.75,18.25,,,,,2.1,4200.0,,,MIBGAS_Data_2021.xlsx,Trading Data PVB&VTP,5914
2021-02-10,GDAES_D+2,PVB,ES,2021-02-12,2021-02-12,18.18,18.0,18.28,18.4,18.0,,,,,1.35,6450.0,,,MIBGAS_Data_2021.xlsx,Trading Data PVB&VTP,5896
2021-02-11,GDAES_D+2,PVB,ES,2021-02-13,2021-02-13,17.65,,17.7,17.8,17.5,,,,,3.7,665.0,,,MIBGAS_Data_2021.xlsx,Trading Data PVB&VTP,5878
2021-02-12,GDAES_D+2,PVB,ES,2021-02-14,2021-02-14,16.52,16.9,16.64,16.9,16.16,,,,,2.16,8994.0,,,MIBGAS_Data_2021.xlsx,Trading Data PVB&VTP,5860
2021-02-13,GDAES_D+2,PVB,ES,2021-02-15,2021-02-15,17.1,,17.3,17.3,16.85,,,,,3.45,3044.0,,,MIBGAS_Data_2021.xlsx,Trading Data PVB&VTP,5856
2021-02-14,GDAES_D+2,PVB,ES,2021-02-16,2021-02-16,17.18,,17.05,17.5,17.05,,,,,4.69,1550.0,,,MIBGAS_Data_2021.xlsx,Trading Data PVB&VTP,5852
2021-02-15,GDAES_D+2,PVB,ES,2021-02-17,2021-02-17,16.01,16.98,16.0,16.98,16.0,,,,,4.24,4710.0,,,MIBGAS_Data_2021.xlsx,Trading Data PVB&VTP,5834
2021-02-16,GDAES_D+2,PVB,ES,2021-02-18,2021-02-18,15.92,15.97,15.99,16.0,15.8,,,,,4.35,2535.0,,,MIBGAS_Data_2021.xlsx,Trading Data PVB&VTP,5816
2021-02-17,GDAES_D+2,PVB,ES,2021-02-19,2021-02-19,16.05,,16.05,16.1,16.05,,,,,4.23,1005.0,,,MIBGAS_Data_2021.xlsx,Trading Data PVB&VTP,5798
2021-02-18,GDAES_D+2,PVB,ES,2021-02-20,2021-02-20,,,15.73,,,,,,,4.0,0.0,,,MIBGAS_Data_2021.xlsx,Trading Data PVB&VTP,5780
2021-02-19,GDAES_D+2,PVB,ES,2021-02-21,2021-02-21,15.74,15.52,15.96,16.19,15.45,,,,,2.93,5112.0,,,MIBGAS_Data_2021.xlsx,Trading Data PVB&VTP,5762
2021-02-20,GDAES_D+2,PVB,ES,2021-02-22,2021-02-22,16.49,16.45,16.5,16.5,16.45,,,,,3.33,300.0,,,MIBGAS_Data_2021.xlsx,Trading Data PVB&VTP,5758
2021-02-21,GDAES_D+2,PVB,ES,2021-02-23,2021-02-23,16.13,16.13,16.3,16.13,16.13,,,,,2.71,500.0,,,MIBGAS_Data_2021.xlsx,Trading Data PVB&VTP,5754
2021-02-22,GDAES_D+2,PVB,ES,2021-02-24,2021-02-24,16.0,16.0,15.88,16.0,16.0,,,,,4.47,55.0,,,MIBGAS_Data_2021.xlsx,Trading Data PVB&VTP,5736
2021-02-23,GDAES_D+2,PVB,ES,2021-02-25,2021-02-25,15.98,16.0,15.92,16.0,15.85,,,,,2.67,61.0,,,MIBGAS_Data_2021.xlsx,Trading Data PVB&VTP,5718
2021-02-24,GDAES_D+2,PVB,ES,2021-02-26,2021-02-26,15.65,15.7,15.68,15.7,15.6,,,,,1.59,2384.0,,,MIBGAS_Data_2021.xlsx,Trading Data PVB&VTP,5700
2021-02-25,GDAES_D+2,PVB,ES,2021-02-27,2021-02-27,15.5,15.5,15.49,15.5,15.45,,,,,3.93,1530.0,,,MIBGAS_Data_2021.xlsx,Trading Data PVB&VTP,5683
2021-02-26,GDAES_D+2,PVB,ES,2021-02-28,2021-02-28,15.31,15.5,15.4,15.55,14.5,,,,,3.02,5404.0,,,MIBGAS_Data_2021.xlsx,Trading Data PVB&VTP,5666
2021-02-27,GDAES_D+2,PVB,ES,2021-03-01,2021-03-01,16.06,15.87,16.07,16.1,15.87,,,,,2.93,1550.0,,,MIBGAS_Data_2021.xlsx,Trading Data PVB&VTP,5662
2021-02-28,GDAES_D+2,PVB,ES,2021-03-02,2021-03-02,16.2,,16.2,16.2,16.2,,,,,4.28,500.0,,,MIBGAS_Data_2021.xlsx,Trading Data PVB&VTP,5658
2021-03-01,GDAES_D+2,PVB,ES,2021-03-03,2021-03-03,16.54,16.05,16.54,16.85,16.05,,,,,6.48,3490.0,,,MIBGAS_Data_2021.xlsx,Trading Data PVB&VTP,5640
2021-03-02,GDAES_D+2,PVB,ES,2021-03-04,2021-03-04,16.22,16.55,16.21,16.55,16.2,,,,,3.16,6009.0,,,MIBGAS_Data_2021.xlsx,Trading Data PVB&VTP,5622
2021-03-03,GDAES_D+2,PVB,ES,2021-03-05,2021-03-05,16.33,,16.22,16.33,16.33,,,,,3.42,89.0,,,MIBGAS_Data_2021.xlsx,Trading Data PVB&VTP,5604
2021-03-04,GDAES_D+2,PVB,ES,2021-03-06,2021-03-06,15.5,,15.5,15.5,15.35,,,,,2.52,532.0,,,MIBGAS_Data_2021.xlsx,Trading Data PVB&VTP,5586
2021-03-05,GDAES_D+2,PVB,ES,2021-03-07,2021-03-07,15.95,15.7,16.1,16.4,15.5,,,,,1.97,8507.0,,,MIBGAS_Data_2021.xlsx,Trading Data PVB&VTP,5568
2021-03-06,GDAES_D+2,PVB,ES,2021-03-08,2021-03-08,16.6,,16.75,16.6,16.59,,,,,1.74,861.0,,,MIBGAS_Data_2021.xlsx,Trading Data PVB&VTP,5564
2021-03-07,GDAES_D+2,PVB,ES,2021-03-09,2021-03-09,17.5,,16.83,17.5,17.5,,,,,4.74,159.0,,,MIBGAS_Data_2021.xlsx,Trading Data PVB&VTP,5560
2021-03-08,GDAES_D+2,PVB,ES,2021-03-10,2021-03-10,16.51,,16.5,17.0,16.5,,,,,2.55,613.0,,,MIBGAS_Data_2021.xlsx,Trading Data PVB&VTP,5542
2021-03-09,GDAES_D+2,PVB,ES,2021-03-11,2021-03-11,17.0,,17.03,17.0,17.0,,,,,2.12,930.0,,,MIBGAS_Data_2021.xlsx,Trading Data PVB&VTP,5524
2021-03-10,GDAES_D+2,PVB,ES,2021-03-12,2021-03-12,17.79,17.01,17.67,17.9,17.01,,,,,4.48,4020.0,,,MIBGAS_Data_2021.xlsx,Trading Data PVB&VTP,5506
2021-03-11,GDAES_D+2,PVB,ES,2021-03-13,2021-03-13,16.95,16.85,17.0,17.4,16.85,,,,,4.01,1327.0,,,MIBGAS_Data_2021.xlsx,Trading Data PVB&VTP,5488
2021-03-12,GDAES_D+2,PVB,ES,2021-03-14,2021-03-14,17.22,17.25,17.4,17.95,16.8,,,,,3.0,8643.0,,,MIBGAS_Data_2021.xlsx,Trading Data PVB&VTP,5470
2021-03-13,GDAES_D+2,PVB,ES,2021-03-15,2021-03-15,17.89,17.89,18.25,17.89,17.89,,,,,4.03,1000.0,,,MIBGAS_Data_2021.xlsx,Trading Data PVB&VTP,5466
2021-03-14,GDAES_D+2,PVB,ES,2021-03-16,2021-03-16,18.0,18.0,18.18,18.0,18.0,,,,,2.66,500.0,,,MIBGAS_Data_2021.xlsx,Trading Data PVB&VTP,5462
2021-03-15,GDAES_D+2,PVB,ES,2021-03-17,2021-03-17,18.54,,18.28,18.8,18.21,,,,,3.78,1020.0,,,MIBGAS_Data_2021.xlsx,Trading Data PVB&VTP,5444
2021-03-16,GDAES_D+2,PVB,ES,2021-03-18,2021-03-18,17.46,,17.35,18.45,17.4,,,,,2.26,2554.0,,,MIBGAS_Data_2021.xlsx,Trading Data PVB&VTP,5421
2021-03-17,GDAES_D+2,PVB,ES,2021-03-19,2021-03-19,17.24,,17.25,17.26,17.2,,,,,1.11,2315.0,,,MIBGAS_Data_2021.xlsx,Trading Data PVB&VTP,5398
2021-03-18,GDAES_D+2,PVB,ES,2021-03-20,2021-03-20,17.59,17.5,17.26,17.75,17.0,,,,,2.94,5569.0,,,MIBGAS_Data_2021.xlsx,Trading Data PVB&VTP,5374
2021-03-19,GDAES_D+2,PVB,ES,2021-03-21,2021-03-21,16.8,16.9,16.55,17.45,16.55,,,,,2.93,2703.0,,,MIBGAS_Data_2021.xlsx,Trading Data PVB&VTP,5351
2021-03-20,GDAES_D+2,PVB,ES,2021-03-22,2021-03-22,17.23,,17.23,17.25,17.2,,,,,4.04,1800.0,,,MIBGAS_Data_2021.xlsx,Trading Data PVB&VTP,5343
2021-03-21,GDAES_D+2,PVB,ES,2021-03-23,2021-03-23,17.82,,17.84,18.0,17.78,,,,,2.2,7160.0,,,MIBGAS_Data_2021.xlsx,Trading Data PVB&VTP,5335
2021-03-22,GDAES_D+2,PVB,ES,2021-03-24,2021-03-24,18.1,17.9,18.29,18.35,17.9,,,,,1.79,2760.0,,,MIBGAS_Data_2021.xlsx,Trading Data PVB&VTP,5312
2021-03-23,GDAES_D+2,PVB,ES,2021-03-25,2021-03-25,18.25,18.25,18.3,18.25,18.25,,,,,4.25,600.0,,,MIBGAS_Data_2021.xlsx,Trading Data PVB&VTP,5289
2021-03-24,GDAES_D+2,PVB,ES,2021-03-26,2021-03-26,18.18,18.0,18.33,18.3,18.0,,,,,2.09,2170.0,,,MIBGAS_Data_2021.xlsx,Trading Data PVB&VTP,5266
2021-03-25,GDAES_D+2,PVB,ES,2021-03-27,2021-03-27,17.19,17.19,17.23,17.19,17.19,,,,,4.26,6.0,,,MIBGAS_Data_2021.xlsx,Trading Data PVB&VTP,5243
2021-03-26,GDAES_D+2,PVB,ES,2021-03-28,2021-03-28,17.74,17.8,17.8,17.95,17.26,,,,,2.26,11395.0,,,MIBGAS_Data_2021.xlsx,Trading Data PVB&VTP,5220
2021-03-27,GDAES_D+2,PVB,ES,2021-03-29,2021-03-29,18.0,18.5,17.96,18.5,17.96,,,,,3.32,530.0,,,MIBGAS_Data_2021.xlsx,Trading Data PVB&VTP,5212
2021-03-28,GDAES_D+2,PVB,ES,2021-03-30,2021-03-30,18.02,18.0,,18.05,18.0,,,,,4.65,60.0,,,MIBGAS_Data_2021.xlsx,Trading Data PVB&VTP,5204
2021-03-29,GDAES_D+2,PVB,ES,2021-03-31,2021-03-31,17.48,17.9,17.68,17.9,17.45,,,,,2.94,784.0,,,MIBGAS_Data_2021.xlsx,Trading Data PVB&VTP,5182
2021-03-30,GDAES_D+2,PVB,ES,2021-04-01,2021-04-01,17.9,,17.9,17.9,17.9,,,,,7.96,300.0,,,MIBGAS_Data_2021.xlsx,Trading Data PVB&VTP,5160
2021-03-31,GDAES_D+2,PVB,ES,2021-04-02,2021-04-02,18.52,19.25,18.49,19.25,18.15,,,,,3.06,12243.0,,,MIBGAS_Data_2021.xlsx,Trading Data PVB&VTP,5134
2021-04-01,GDAES_D+2,PVB,ES,2021-04-03,2021-04-03,18.22,18.0,18.45,18.51,18.0,,,,,1.98,7002.0,,,MIBGAS_Data_2021.xlsx,Trading Data PVB&VTP,5107
2021-04-02,GDAES_D+2,PVB,ES,2021-04-04,2021-04-04,19.14,,19.5,19.5,19.0,,,,,6.47,1153.0,,,MIBGAS_Data_2021.xlsx,Trading Data PVB&VTP,5097
2021-04-03,GDAES_D+2,PVB,ES,2021-04-05,2021-04-05,18.7,18.7,18.7,18.7,18.7,,,,,16.34,5000.0,,,MIBGAS_Data_2021.xlsx,Trading Data PVB&VTP,5089
2021-04-04,GDAES_D+2,PVB,ES,2021-04-06,2021-04-06,,,,,,,,,,7.49,0.0,,,MIBGAS_Data_2021.xlsx,Trading Data PVB&VTP,5081
2021-04-05,GDAES_D+2,PVB,ES,2021-04-07,2021-04-07,18.62,18.62,,18.62,18.62,,,,,7.02,3.0,,,MIBGAS_Data_2021.xlsx,Trading Data PVB&VTP,5071
2021-04-06,GDAES_D+2,PVB,ES,2021-04-08,2021-04-08,20.4,19.25,20.49,20.5,19.25,,,,,2.1,3500.0,,,MIBGAS_Data_2021.xlsx,Trading Data PVB&VTP,5048
2021-04-07,GDAES_D+2,PVB,ES,2021-04-09,2021-04-09,19.67,19.6,19.75,19.8,19.6,,,,,1.61,8120.0,,,MIBGAS_Data_2021.xlsx,Trading Data PVB&VTP,5025
2021-04-08,GDAES_D+2,PVB,ES,2021-04-10,2021-04-10,19.25,,19.25,19.25,19.25,,,,,2.91,600.0,,,MIBGAS_Data_2021.xlsx,Trading Data PVB&VTP,5002
2021-04-09,GDAES_D+2,PVB,ES,2021-04-11,2021-04-11,19.14,19.5,18.91,19.55,18.85,,,,,1.1,15327.0,,,MIBGAS_Data_2021.xlsx,Trading Data PVB&VTP,4979
2021-04-10,GDAES_D+2,PVB,ES,2021-04-12,2021-04-12,19.76,,20.0,20.0,19.5,,,,,1.16,5930.0,,,MIBGAS_Data_2021.xlsx,Trading Data PVB&VTP,4971
2021-04-11,GDAES_D+2,PVB,ES,2021-04-13,2021-04-13,20.75,,20.77,20.89,20.47,,,,,3.59,14500.0,,,MIBGAS_Data_2021.xlsx,Trading Data PVB&VTP,4963
2021-04-12,GDAES_D+2,PVB,ES,2021-04-14,2021-04-14,20.96,20.73,20.99,21.1,20.73,,,,,2.88,32490.0,,,MIBGAS_Data_2021.xlsx,Trading Data PVB&VTP,4940
2021-04-13,GDAES_D+2,PVB,ES,2021-04-15,2021-04-15,20.95,20.98,20.92,21.0,20.9,,,,,0.53,24989.0,,,MIBGAS_Data_2021.xlsx,Trading Data PVB&VTP,4917
2021-04-14,GDAES_D+2,PVB,ES,2021-04-16,2021-04-16,20.66,20.9,20.9,20.9,20.45,,,,,0.73,23950.0,,,MIBGAS_Data_2021.xlsx,Trading Data PVB&VTP,4894
2021-04-15,GDAES_D+2,PVB,ES,2021-04-17,2021-04-17,20.47,,20.6,20.55,20.4,,,,,2.64,901.0,,,MIBGAS_Data_2021.xlsx,Trading Data PVB&VTP,4871
2021-04-16,GDAES_D+2,PVB,ES,2021-04-18,2021-04-18,21.11,20.65,21.25,21.7,20.65,,,,,1.86,10090.0,,,MIBGAS_Data_2021.xlsx,Trading Data PVB&VTP,4848
2021-04-17,GDAES_D+2,PVB,ES,2021-04-19,2021-04-19,22.08,,22.05,22.5,22.0,,,,,0.69,19400.0,,,MIBGAS_Data_2021.xlsx,Trading Data PVB&VTP,4840
2021-04-18,GDAES_D+2,PVB,ES,2021-04-20,2021-04-20,23.0,,23.0,23.0,23.0,,,,,7.37,1000.0,,,MIBGAS_Data_2021.xlsx,Trading Data PVB&VTP,4832
2021-04-19,GDAES_D+2,PVB,ES,2021-04-21,2021-04-21,23.04,22.79,22.65,23.24,22.65,,,,,2.94,32037.0,,,MIBGAS_Data_2021.xlsx,Trading Data PVB&VTP,4809
2021-04-20,GDAES_D+2,PVB,ES,2021-04-22,2021-04-22,22.15,22.64,22.15,22.64,21.99,,,,,2.3,9765.0,,,MIBGAS_Data_2021.xlsx,Trading Data PVB&VTP,4786
2021-04-21,GDAES_D+2,PVB,ES,2021-04-23,2021-04-23,21.98,,22.0,22.0,21.95,,,,,2.18,2500.0,,,MIBGAS_Data_2021.xlsx,Trading Data PVB&VTP,4763
2021-04-22,GDAES_D+2,PVB,ES,2021-04-24,2021-04-24,,,22.0,,,,,,,2.72,0.0,,,MIBGAS_Data_2021.xlsx,Trading Data PVB&VTP,4740
2021-04-23,GDAES_D+2,PVB,ES,2021-04-25,2021-04-25,21.44,21.8,20.84,21.8,20.0,,,,,2.25,6134.0,,,MIBGAS_Data_2021.xlsx,Trading Data PVB&VTP,4717
2021-04-24,GDAES_D+2,PVB,ES,2021-04-26,2021-04-26,21.21,,21.25,21.25,21.16,,,,,3.69,1700.0,,,MIBGAS_Data_2021.xlsx,Trading Data PVB&VTP,4709
2021-04-25,GDAES_D+2,PVB,ES,2021-04-27,2021-04-27,21.7,,21.7,21.7,21.7,,,,,4.53,250.0,,,MIBGAS_Data_2021.xlsx,Trading Data PVB&VTP,4701
2021-04-26,GDAES_D+2,PVB,ES,2021-04-28,2021-04-28,21.9,,21.9,21.97,21.8,,,,,3.35,6621.0,,,MIBGAS_Data_2021.xlsx,Trading Data PVB&VTP,4678
2021-04-27,GDAES_D+2,PVB,ES,2021-04-29,2021-04-29,21.82,21.85,22.58,22.34,21.25,,,,,1.93,3008.0,,,MIBGAS_Data_2021.xlsx,Trading Data PVB&VTP,4656
2021-04-28,GDAES_D+2,PVB,ES,2021-04-30,2021-04-30,22.1,22.1,22.6,22.1,22.1,,,,,4.18,250.0,,,MIBGAS_Data_2021.xlsx,Trading Data PVB&VTP,4634
2021-04-29,GDAES_D+2,PVB,ES,2021-05-01,2021-05-01,22.13,22.0,22.5,22.5,22.0,,,,,3.81,2770.0,,,MIBGAS_Data_2021.xlsx,Trading Data PVB&VTP,4612
2021-04-30,GDAES_D+2,PVB,ES,2021-05-02,2021-05-02,22.82,22.35,23.12,23.16,22.35,,,,,1.06,15894.0,,,MIBGAS_Data_2021.xlsx,Trading Data PVB&VTP,4588
2021-05-01,GDAES_D+2,PVB,ES,2021-05-03,2021-05-03,23.55,23.55,23.9,23.55,23.55,,,,,2.62,4240.0,,,MIBGAS_Data_2021.xlsx,Trading Data PVB&VTP,4580
2021-05-02,GDAES_D+2,PVB,ES,2021-05-04,2021-05-04,25.47,,25.5,25.5,25.45,,,,,5.98,9500.0,,,MIBGAS_Data_2021.xlsx,Trading Data PVB&VTP,4572
2021-05-03,GDAES_D+2,PVB,ES,2021-05-05,2021-05-05,27.01,,26.73,27.05,27.0,,,,,12.66,1530.0,,,MIBGAS_Data_2021.xlsx,Trading Data PVB&VTP,4549
2021-05-04,GDAES_D+2,PVB,ES,2021-05-06,2021-05-06,26.37,26.48,25.17,26.48,25.15,,,,,4.27,2722.0,,,MIBGAS_Data_2021.xlsx,Trading Data PVB&VTP,4526
2021-05-05,GDAES_D+2,PVB,ES,2021-05-07,2021-05-07,24.62,24.0,25.0,25.0,23.85,,,,,2.49,2132.0,,,MIBGAS_Data_2021.xlsx,Trading Data PVB&VTP,4503
2021-05-06,GDAES_D+2,PVB,ES,2021-05-08,2021-05-08,24.42,,24.3,24.55,24.3,,,,,5.62,1020.0,,,MIBGAS_Data_2021.xlsx,Trading Data PVB&VTP,4480
2021-05-07,GDAES_D+2,PVB,ES,2021-05-09,2021-05-09,23.43,24.0,23.37,24.0,23.05,,,,,1.48,11225.0,,,MIBGAS_Data_2021.xlsx,Trading Data PVB&VTP,4457
2021-05-08,GDAES_D+2,PVB,ES,2021-05-10,2021-05-10,,,25.25,,,,,,,7.42,0.0,,,MIBGAS_Data_2021.xlsx,Trading Data PVB&VTP,4449
2021-05-09,GDAES_D+2,PVB,ES,2021-05-11,2021-05-11,,,,,,,,,,8.49,0.0,,,MIBGAS_Data_2021.xlsx,Trading Data PVB&VTP,4441
2021-05-10,GDAES_D+2,PVB,ES,2021-05-12,2021-05-12,25.0,25.0,,25.0,25.0,,,,,8.43,2.0,,,MIBGAS_Data_2021.xlsx,Trading Data PVB&VTP,4418
2021-05-11,GDAES_D+2,PVB,ES,2021-05-13,2021-05-13,,,,,,,,,,8.68,0.0,,,MIBGAS_Data_2021.xlsx,Trading Data PVB&VTP,4395
2021-05-12,GDAES_D+2,PVB,ES,2021-05-14,2021-05-14,25.25,25.25,25.25,25.25,25.25,,,,,6.16,200.0,,,MIBGAS_Data_2021.xlsx,Trading Data PVB&VTP,4372
2021-05-13,GDAES_D+2,PVB,ES,2021-05-15,2021-05-15,24.01,,,24.01,24.01,,,,,6.0,10.0,,,MIBGAS_Data_2021.xlsx,Trading Data PVB&VTP,4349
2021-05-14,GDAES_D+2,PVB,ES,2021-05-16,2021-05-16,24.98,24.51,25.53,25.9,24.38,,,,,3.54,5321.0,,,MIBGAS_Data_2021.xlsx,Trading Data PVB&VTP,4326
2021-05-15,GDAES_D+2,PVB,ES,2021-05-17,2021-05-17,25.5,,,25.5,25.5,,,,,4.95,30.0,,,MIBGAS_Data_2021.xlsx,Trading Data PVB&VTP,4318
2021-05-16,GDAES_D+2,PVB,ES,2021-05-18,2021-05-18,,,,,,,,,,7.1,0.0,,,MIBGAS_Data_2021.xlsx,Trading Data PVB&VTP,4310
2021-05-17,GDAES_D+2,PVB,ES,2021-05-19,2021-05-19,26.0,26.0,,26.0,26.0,,,,,5.95,7.0,,,MIBGAS_Data_2021.xlsx,Trading Data PVB&VTP,4287
2021-05-18,GDAES_D+2,PVB,ES,2021-05-20,2021-05-20,25.15,,25.15,25.19,25.06,,,,,2.02,721.0,,,MIBGAS_Data_2021.xlsx,Trading Data PVB&VTP,4264
2021-05-19,GDAES_D+2,PVB,ES,2021-05-21,2021-05-21,24.05,,,24.06,24.05,,,,,4.98,21.0,,,MIBGAS_Data_2021.xlsx,Trading Data PVB&VTP,4241
2021-05-20,GDAES_D+2,PVB,ES,2021-05-22,2021-05-22,23.39,,23.95,23.95,22.25,,,,,4.86,1734.0,,,MIBGAS_Data_2021.xlsx,Trading Data PVB&VTP,4218
2021-05-21,GDAES_D+2,PVB,ES,2021-05-23,2021-05-23,24.13,24.5,23.9,24.5,23.5,,,,,3.9,3575.0,,,MIBGAS_Data_2021.xlsx,Trading Data PVB&VTP,4195
2021-05-22,GDAES_D+2,PVB,ES,2021-05-24,2021-05-24,,,,,,,,,,6.04,0.0,,,MIBGAS_Data_2021.xlsx,Trading Data PVB&VTP,4187
2021-05-23,GDAES_D+2,PVB,ES,2021-05-25,2021-05-25,,,,,,,,,,11.99,0.0,,,MIBGAS_Data_2021.xlsx,Trading Data PVB&VTP,4179
2021-05-24,GDAES_D+2,PVB,ES,2021-05-26,2021-05-26,23.86,,23.95,24.05,23.8,,,,,4.81,820.0,,,MIBGAS_Data_2021.xlsx,Trading Data PVB&VTP,4156
2021-05-25,GDAES_D+2,PVB,ES,2021-05-27,2021-05-27,24.8,24.25,25.5,25.5,24.25,,,,,9.35,500.0,,,MIBGAS_Data_2021.xlsx,Trading Data PVB&VTP,4133
2021-05-26,GDAES_D+2,PVB,ES,2021-05-28,2021-05-28,26.65,,26.65,26.65,26.65,,,,,5.15,100.0,,,MIBGAS_Data_2021.xlsx,Trading Data PVB&VTP,4110
2021-05-27,GDAES_D+2,PVB,ES,2021-05-29,2021-05-29,25.29,25.03,25.09,25.7,25.0,,,,,4.05,1156.0,,,MIBGAS_Data_2021.xlsx,Trading Data PVB&VTP,4087
2021-05-28,GDAES_D+2,PVB,ES,2021-05-30,2021-05-30,24.43,25.0,24.28,25.0,23.8,,,,,1.64,17864.0,,,MIBGAS_Data_2021.xlsx,Trading Data PVB&VTP,4063
2021-05-29,GDAES_D+2,PVB,ES,2021-05-31,2021-05-31,,,,,,,,,,3.08,0.0,,,MIBGAS_Data_2021.xlsx,Trading Data PVB&VTP,4055
2021-05-30,GDAES_D+2,PVB,ES,2021-06-01,2021-06-01,26.15,,26.5,26.5,25.44,,,,,3.22,4010.0,,,MIBGAS_Data_2021.xlsx,Trading Data PVB&VTP,4047
2021-05-31,GDAES_D+2,PVB,ES,2021-06-02,2021-06-02,26.13,,26.13,26.3,26.0,,,,,4.31,1301.0,,,MIBGAS_Data_2021.xlsx,Trading Data PVB&VTP,4025
2021-06-01,GDAES_D+2,PVB,ES,2021-06-03,2021-06-03,26.13,26.0,26.15,26.2,26.0,,,,26.15,2.41,1200.0,,,MIBGAS_Data_2021.xlsx,Trading Data PVB&VTP,4002
2021-06-02,GDAES_D+2,PVB,ES,2021-06-04,2021-06-04,26.0,,26.0,26.0,26.0,,,,26.0,4.33,100.0,,,MIBGAS_Data_2021.xlsx,Trading Data PVB&VTP,3979
2021-06-03,GDAES_D+2,PVB,ES,2021-06-05,2021-06-05,26.0,26.0,,26.0,26.0,,,,,5.1,15.0,,,MIBGAS_Data_2021.xlsx,Trading Data PVB&VTP,3956
2021-06-04,GDAES_D+2,PVB,ES,2021-06-06,2021-06-06,24.68,24.5,25.0,25.98,24.5,,,,25.0,0.87,16925.0,,,MIBGAS_Data_2021.xlsx,Trading Data PVB&VTP,3933
2021-06-05,GDAES_D+2,PVB,ES,2021-06-07,2021-06-07,25.98,,26.13,26.0,25.97,,,,26.13,1.8,1500.0,,,MIBGAS_Data_2021.xlsx,Trading Data PVB&VTP,3925
2021-06-06,GDAES_D+2,PVB,ES,2021-06-08,2021-06-08,,,26.28,,,,,,26.28,1.47,0.0,,,MIBGAS_Data_2021.xlsx,Trading Data PVB&VTP,3917
2021-06-07,GDAES_D+2,PVB,ES,2021-06-09,2021-06-09,26.0,26.0,,26.0,26.0,,,,,4.35,1.0,,,MIBGAS_Data_2021.xlsx,Trading Data PVB&VTP,3894
2021-06-08,GDAES_D+2,PVB,ES,2021-06-10,2021-06-10,26.75,26.75,26.75,26.75,26.75,,,,26.75,4.12,200.0,,,MIBGAS_Data_2021.xlsx,Trading Data PVB&VTP,3871
2021-06-09,GDAES_D+2,PVB,ES,2021-06-11,2021-06-11,27.97,27.25,27.76,28.0,27.25,,,,27.76,3.28,3300.0,,,MIBGAS_Data_2021.xlsx,Trading Data PVB&VTP,3848
2021-06-10,GDAES_D+2,PVB,ES,2021-06-12,2021-06-12,27.42,27.17,28.03,28.25,27.17,,,,28.03,5.89,710.0,,,MIBGAS_Data_2021.xlsx,Trading Data PVB&VTP,3825
2021-06-11,GDAES_D+2,PVB,ES,2021-06-13,2021-06-13,27.52,28.0,27.19,28.0,27.0,,,,27.19,1.63,7958.0,,,MIBGAS_Data_2021.xlsx,Trading Data PVB&VTP,3802
2021-06-12,GDAES_D+2,PVB,ES,2021-06-14,2021-06-14,28.83,,28.83,28.85,28.8,,,,28.83,4.8,1150.0,,,MIBGAS_Data_2021.xlsx,Trading Data PVB&VTP,3794
2021-06-13,GDAES_D+2,PVB,ES,2021-06-15,2021-06-15,,,,,,,,,,12.14,0.0,,,MIBGAS_Data_2021.xlsx,Trading Data PVB&VTP,3786
2021-06-14,GDAES_D+2,PVB,ES,2021-06-16,2021-06-16,29.4,29.5,29.4,29.5,29.4,,,,29.4,2.72,51.0,,,MIBGAS_Data_2021.xlsx,Trading Data PVB&VTP,3763
2021-06-15,GDAES_D+2,PVB,ES,2021-06-17,2021-06-17,29.02,29.0,29.02,29.4,29.0,,,,29.02,5.9,104.0,,,MIBGAS_Data_2021.xlsx,Trading Data PVB&VTP,3740
2021-06-16,GDAES_D+2,PVB,ES,2021-06-18,2021-06-18,28.5,28.5,28.5,28.5,28.5,,,,28.5,4.15,151.0,,,MIBGAS_Data_2021.xlsx,Trading Data PVB&VTP,3717
2021-06-17,GDAES_D+2,PVB,ES,2021-06-19,2021-06-19,28.95,,28.95,28.95,28.95,,,,28.95,3.24,3200.0,,,MIBGAS_Data_2021.xlsx,Trading Data PVB&VTP,3694
2021-06-18,GDAES_D+2,PVB,ES,2021-06-20,2021-06-20,28.26,28.7,28.31,29.6,27.55,,,,28.31,2.12,23013.0,,,MIBGAS_Data_2021.xlsx,Trading Data PVB&VTP,3671
2021-06-19,GDAES_D+2,PVB,ES,2021-06-21,2021-06-21,28.78,,28.75,28.8,28.75,,,,28.75,3.62,1000.0,,,MIBGAS_Data_2021.xlsx,Trading Data PVB&VTP,3663
2021-06-20,GDAES_D+2,PVB,ES,2021-06-22,2021-06-22,28.92,,29.0,29.0,28.75,,,,29.0,4.26,3000.0,,,MIBGAS_Data_2021.xlsx,Trading Data PVB&VTP,3655
2021-06-21,GDAES_D+2,PVB,ES,2021-06-23,2021-06-23,29.22,,29.22,29.25,29.19,,,,29.22,4.45,450.0,,,MIBGAS_Data_2021.xlsx,Trading Data PVB&VTP,3632
2021-06-22,GDAES_D+2,PVB,ES,2021-06-24,2021-06-24,29.96,29.5,30.0,30.0,29.5,,,,30.0,3.18,651.0,,,MIBGAS_Data_2021.xlsx,Trading Data PVB&VTP,3609
2021-06-23,GDAES_D+2,PVB,ES,2021-06-25,2021-06-25,31.2,,31.25,31.25,31.15,,,,31.25,5.03,2490.0,,,MIBGAS_Data_2021.xlsx,Trading Data PVB&VTP,3586
2021-06-24,GDAES_D+2,PVB,ES,2021-06-26,2021-06-26,30.09,30.5,28.5,30.5,28.5,,,,28.5,6.79,630.0,,,MIBGAS_Data_2021.xlsx,Trading Data PVB&VTP,3563
2021-06-25,GDAES_D+2,PVB,ES,2021-06-27,2021-06-27,30.78,30.5,30.43,32.99,30.1,,,,30.43,4.55,7265.0,,,MIBGAS_Data_2021.xlsx,Trading Data PVB&VTP,3540
2021-06-26,GDAES_D+2,PVB,ES,2021-06-28,2021-06-28,31.33,31.03,31.7,31.7,31.03,,,,31.7,1.68,695.0,,,MIBGAS_Data_2021.xlsx,Trading Data PVB&VTP,3532
2021-06-27,GDAES_D+2,PVB,ES,2021-06-29,2021-06-29,31.2,31.2,31.2,31.2,31.2,,,,31.2,3.98,380.0,,,MIBGAS_Data_2021.xlsx,Trading Data PVB&VTP,3524
2021-06-28,GDAES_D+2,PVB,ES,2021-06-30,2021-06-30,32.4,,,32.4,32.4,,,,,4.49,1.0,,,MIBGAS_Data_2021.xlsx,Trading Data PVB&VTP,3502
2021-06-29,GDAES_D+2,PVB,ES,2021-07-01,2021-07-01,,,33.23,,,,,,33.23,4.7,0.0,,,MIBGAS_Data_2021.xlsx,Trading Data PVB&VTP,3480
2021-06-30,GDAES_D+2,PVB,ES,2021-07-02,2021-07-02,35.0,,35.05,35.1,34.95,,,,35.05,3.63,149.0,,,MIBGAS_Data_2021.xlsx,Trading Data PVB&VTP,3459
2021-07-01,GDAES_D+2,PVB,ES,2021-07-03,2021-07-03,35.5,35.5,35.5,35.5,35.5,,,,35.5,31.3,800.0,,,MIBGAS_Data_2021.xlsx,Trading Data PVB&VTP,3436
2021-07-02,GDAES_D+2,PVB,ES,2021-07-04,2021-07-04,35.83,36.5,35.56,38.0,35.0,,,,35.56,4.0,11647.0,,,MIBGAS_Data_2021.xlsx,Trading Data PVB&VTP,3413
2021-07-03,GDAES_D+2,PVB,ES,2021-07-05,2021-07-05,36.0,,36.0,36.07,36.0,,,,36.0,6.56,102.0,,,MIBGAS_Data_2021.xlsx,Trading Data PVB&VTP,3405
2021-07-04,GDAES_D+2,PVB,ES,2021-07-06,2021-07-06,,,,,,,,,,,0.0,,,MIBGAS_Data_2021.xlsx,Trading Data PVB&VTP,3397
2021-07-05,GDAES_D+2,PVB,ES,2021-07-07,2021-07-07,37.5,,37.5,37.52,37.5,,,,37.5,3.56,1281.0,,,MIBGAS_Data_2021.xlsx,Trading Data PVB&VTP,3374
2021-07-06,GDAES_D+2,PVB,ES,2021-07-08,2021-07-08,36.19,37.5,35.54,37.5,35.05,,,,35.54,1.9,1545.0,,,MIBGAS_Data_2021.xlsx,Trading Data PVB&VTP,3351
2021-07-07,GDAES_D+2,PVB,ES,2021-07-09,2021-07-09,35.84,35.99,35.8,36.0,35.6,,,,35.8,45.04,2550.0,,,MIBGAS_Data_2021.xlsx,Trading Data PVB&VTP,3328
2021-07-08,GDAES_D+2,PVB,ES,2021-07-10,2021-07-10,34.08,,35.0,35.0,32.6,,,,35.0,7.47,1629.0,,,MIBGAS_Data_2021.xlsx,Trading Data PVB&VTP,3305
2021-07-09,GDAES_D+2,PVB,ES,2021-07-11,2021-07-11,34.97,33.99,35.52,35.8,33.99,,,,35.52,1.99,16382.0,,,MIBGAS_Data_2021.xlsx,Trading Data PVB&VTP,3282
2021-07-10,GDAES_D+2,PVB,ES,2021-07-12,2021-07-12,,,,,,,,,,6.21,0.0,,,MIBGAS_Data_2021.xlsx,Trading Data PVB&VTP,3274
2021-07-11,GDAES_D+2,PVB,ES,2021-07-13,2021-07-13,,,,,,,,,,6.87,0.0,,,MIBGAS_Data_2021.xlsx,Trading Data PVB&VTP,3266
2021-07-12,GDAES_D+2,PVB,ES,2021-07-14,2021-07-14,36.3,37.45,35.79,37.45,35.0,,,,35.79,2.61,172.0,,,MIBGAS_Data_2021.xlsx,Trading Data PVB&VTP,3243
2021-07-13,GDAES_D+2,PVB,ES,2021-07-15,2021-07-15,35.35,36.0,35.0,36.0,35.0,,,,35.0,2.73,200.0,,,MIBGAS_Data_2021.xlsx,Trading Data PVB&VTP,3220
2021-07-14,GDAES_D+2,PVB,ES,2021-07-16,2021-07-16,35.46,35.45,33.73,35.95,35.45,,,,33.73,19.65,51.0,,,MIBGAS_Data_2021.xlsx,Trading Data PVB&VTP,3197
2021-07-15,GDAES_D+2,PVB,ES,2021-07-17,2021-07-17,33.24,,33.35,36.0,33.02,,,,33.35,6.89,2045.0,,,MIBGAS_Data_2021.xlsx,Trading Data PVB&VTP,3174
2021-07-16,GDAES_D+2,PVB,ES,2021-07-18,2021-07-18,34.21,33.95,34.75,35.05,33.95,,,,34.75,3.01,4922.0,,,MIBGAS_Data_2021.xlsx,Trading Data PVB&VTP,3151
2021-07-17,GDAES_D+2,PVB,ES,2021-07-19,2021-07-19,35.5,,35.7,35.5,35.5,,,,35.7,1.19,300.0,,,MIBGAS_Data_2021.xlsx,Trading Data PVB&VTP,3143
2021-07-18,GDAES_D+2,PVB,ES,2021-07-20,2021-07-20,,,,,,,,,,,0.0,,,MIBGAS_Data_2021.xlsx,Trading Data PVB&VTP,3135
2021-07-19,GDAES_D+2,PVB,ES,2021-07-21,2021-07-21,,,,,,,,,,12.59,0.0,,,MIBGAS_Data_2021.xlsx,Trading Data PVB&VTP,3112
2021-07-20,GDAES_D+2,PVB,ES,2021-07-22,2021-07-22,37.06,37.25,37.13,37.25,37.05,,,,37.13,2.55,207.0,,,MIBGAS_Data_2021.xlsx,Trading Data PVB&VTP,3089
2021-07-21,GDAES_D+2,PVB,ES,2021-07-23,2021-07-23,36.0,36.0,36.0,36.0,36.0,,,,36.0,4.42,225.0,,,MIBGAS_Data_2021.xlsx,Trading Data PVB&VTP,3066
2021-07-22,GDAES_D+2,PVB,ES,2021-07-24,2021-07-24,36.21,,36.2,36.55,36.2,,,,36.2,3.42,2050.0,,,MIBGAS_Data_2021.xlsx,Trading Data PVB&VTP,3043
2021-07-23,GDAES_D+2,PVB,ES,2021-07-25,2021-07-25,35.49,36.5,35.4,36.5,34.8,,,,35.4,2.43,9138.0,,,MIBGAS_Data_2021.xlsx,Trading Data PVB&VTP,3020
2021-07-24,GDAES_D+2,PVB,ES,2021-07-26,2021-07-26,36.17,,36.72,37.0,35.0,,,,36.72,1.86,1120.0,,,MIBGAS_Data_2021.xlsx,Trading Data PVB&VTP,3012
2021-07-25,GDAES_D+2,PVB,ES,2021-07-27,2021-07-27,,,,,,,,,,,0.0,,,MIBGAS_Data_2021.xlsx,Trading Data PVB&VTP,3004
2021-07-26,GDAES_D+2,PVB,ES,2021-07-28,2021-07-28,,,,,,,,,,8.43,0.0,,,MIBGAS_Data_2021.xlsx,Trading Data PVB&VTP,2981
2021-07-27,GDAES_D+2,PVB,ES,2021-07-29,2021-07-29,38.45,,38.4,38.5,38.3,,,,38.4,3.08,1101.0,,,MIBGAS_Data_2021.xlsx,Trading Data PVB&VTP,2958
2021-07-28,GDAES_D+2,PVB,ES,2021-07-30,2021-07-30,38.55,38.5,38.6,38.6,38.5,,,,38.6,0.6,1025.0,,,MIBGAS_Data_2021.xlsx,Trading Data PVB&VTP,2936
2021-07-29,GDAES_D+2,PVB,ES,2021-07-31,2021-07-31,39.4,,39.63,40.0,38.8,,,,39.63,2.65,6840.0,,,MIBGAS_Data_2021.xlsx,Trading Data PVB&VTP,2914
2021-07-30,GDAES_D+2,PVB,ES,2021-08-01,2021-08-01,39.62,40.0,39.56,40.0,39.2,,,,39.56,1.06,12287.0,,,MIBGAS_Data_2021.xlsx,Trading Data PVB&VTP,2892
2021-07-31,GDAES_D+2,PVB,ES,2021-08-02,2021-08-02,39.24,,39.5,39.5,39.2,,,,39.5,2.54,2500.0,,,MIBGAS_Data_2021.xlsx,Trading Data PVB&VTP,2884
2021-08-01,GDAES_D+2,PVB,ES,2021-08-03,2021-08-03,,,,,,,,,,10.28,0.0,,,MIBGAS_Data_2021.xlsx,Trading Data PVB&VTP,2876
2021-08-02,GDAES_D+2,PVB,ES,2021-08-04,2021-08-04,,,,,,,,,,6.91,0.0,,,MIBGAS_Data_2021.xlsx,Trading Data PVB&VTP,2853
2021-08-03,GDAES_D+2,PVB,ES,2021-08-05,2021-08-05,41.98,41.98,41.98,41.98,41.98,,,,41.98,4.99,52.0,,,MIBGAS_Data_2021.xlsx,Trading Data PVB&VTP,2830
2021-08-04,GDAES_D+2,PVB,ES,2021-08-06,2021-08-06,41.97,41.97,,41.97,41.97,,,,,7.51,2.0,,,MIBGAS_Data_2021.xlsx,Trading Data PVB&VTP,2807
2021-08-05,GDAES_D+2,PVB,ES,2021-08-07,2021-08-07,,,,,,,,,,7.92,0.0,,,MIBGAS_Data_2021.xlsx,Trading Data PVB&VTP,2784
2021-08-06,GDAES_D+2,PVB,ES,2021-08-08,2021-08-08,42.43,42.5,42.0,43.9,42.0,,,,42.0,3.27,8474.0,,,MIBGAS_Data_2021.xlsx,Trading Data PVB&VTP,2761
2021-08-07,GDAES_D+2,PVB,ES,2021-08-09,2021-08-09,,,,,,,,,,2.33,0.0,,,MIBGAS_Data_2021.xlsx,Trading Data PVB&VTP,2753
2021-08-08,GDAES_D+2,PVB,ES,2021-08-10,2021-08-10,,,,,,,,,,8.36,0.0,,,MIBGAS_Data_2021.xlsx,Trading Data PVB&VTP,2745
2021-08-09,GDAES_D+2,PVB,ES,2021-08-11,2021-08-11,44.0,44.0,42.8,44.0,44.0,,,,42.8,3.78,3.0,,,MIBGAS_Data_2021.xlsx,Trading Data PVB&VTP,2722
2021-08-10,GDAES_D+2,PVB,ES,2021-08-12,2021-08-12,,,,,,,,,,7.94,0.0,,,MIBGAS_Data_2021.xlsx,Trading Data PVB&VTP,2699
2021-08-11,GDAES_D+2,PVB,ES,2021-08-13,2021-08-13,45.65,44.5,46.0,46.0,44.5,,,,46.0,3.59,1750.0,,,MIBGAS_Data_2021.xlsx,Trading Data PVB&VTP,2676
2021-08-12,GDAES_D+2,PVB,ES,2021-08-14,2021-08-14,45.1,45.1,45.1,45.1,45.1,,,,45.1,4.31,200.0,,,MIBGAS_Data_2021.xlsx,Trading Data PVB&VTP,2653
2021-08-13,GDAES_D+2,PVB,ES,2021-08-15,2021-08-15,44.28,45.05,44.15,45.5,43.22,,,,44.15,3.26,8686.0,,,MIBGAS_Data_2021.xlsx,Trading Data PVB&VTP,2630
2021-08-14,GDAES_D+2,PVB,ES,2021-08-16,2021-08-16,47.5,,47.5,47.5,47.5,,,,47.5,,1248.0,,,MIBGAS_Data_2021.xlsx,Trading Data PVB&VTP,2622
2021-08-15,GDAES_D+2,PVB,ES,2021-08-17,2021-08-17,,,,,,,,,,6.32,0.0,,,MIBGAS_Data_2021.xlsx,Trading Data PVB&VTP,2614
2021-08-16,GDAES_D+2,PVB,ES,2021-08-18,2021-08-18,47.62,46.95,47.75,47.75,46.95,,,,47.75,3.53,502.0,,,MIBGAS_Data_2021.xlsx,Trading Data PVB&VTP,2591
2021-08-17,GDAES_D+2,PVB,ES,2021-08-19,2021-08-19,47.53,47.35,47.26,47.95,47.35,,,,47.26,3.4,856.0,,,MIBGAS_Data_2021.xlsx,Trading Data PVB&VTP,2568
2021-08-18,GDAES_D+2,PVB,ES,2021-08-20,2021-08-20,46.28,47.4,45.01,47.5,45.0,,,,45.01,3.59,907.0,,,MIBGAS_Data_2021.xlsx,Trading Data PVB&VTP,2545
2021-08-19,GDAES_D+2,PVB,ES,2021-08-21,2021-08-21,40.68,,41.15,41.15,40.01,,,,41.15,19.66,1310.0,,,MIBGAS_Data_2021.xlsx,Trading Data PVB&VTP,2522
2021-08-20,GDAES_D+2,PVB,ES,2021-08-22,2021-08-22,41.24,42.05,41.05,42.05,41.0,,,,41.05,2.15,10631.0,,,MIBGAS_Data_2021.xlsx,Trading Data PVB&VTP,2499
2021-08-21,GDAES_D+2,PVB,ES,2021-08-23,2021-08-23,42.06,41.95,42.25,42.25,41.9,,,,42.25,1.95,1669.0,,,MIBGAS_Data_2021.xlsx,Trading Data PVB&VTP,2491
2021-08-22,GDAES_D+2,PVB,ES,2021-08-24,2021-08-24,,,,,,,,,,,0.0,,,MIBGAS_Data_2021.xlsx,Trading Data PVB&VTP,2483
2021-08-23,GDAES_D+2,PVB,ES,2021-08-25,2021-08-25,42.92,,43.0,44.5,42.9,,,,43.0,4.21,2376.0,,,MIBGAS_Data_2021.xlsx,Trading Data PVB&VTP,2460
2021-08-24,GDAES_D+2,PVB,ES,2021-08-26,2021-08-26,45.0,45.0,45.0,45.0,45.0,,,,45.0,6.43,702.0,,,MIBGAS_Data_2021.xlsx,Trading Data PVB&VTP,2437
2021-08-25,GDAES_D+2,PVB,ES,2021-08-27,2021-08-27,46.69,46.0,47.0,47.0,46.0,,,,47.0,2.04,4290.0,,,MIBGAS_Data_2021.xlsx,Trading Data PVB&VTP,2414
2021-08-26,GDAES_D+2,PVB,ES,2021-08-28,2021-08-28,46.0,46.0,46.0,46.0,46.0,,,,46.0,5.09,62.0,,,MIBGAS_Data_2021.xlsx,Trading Data PVB&VTP,2391
2021-08-27,GDAES_D+2,PVB,ES,2021-08-29,2021-08-29,45.81,46.99,46.0,46.99,45.0,,,,46.0,3.44,17419.0,,,MIBGAS_Data_2021.xlsx,Trading Data PVB&VTP,2366
2021-08-28,GDAES_D+2,PVB,ES,2021-08-30,2021-08-30,47.99,,48.0,48.0,47.5,,,,48.0,7.39,279.0,,,MIBGAS_Data_2021.xlsx,Trading Data PVB&VTP,2358
2021-08-29,GDAES_D+2,PVB,ES,2021-08-31,2021-08-31,49.07,,49.45,55.0,47.75,,,,49.45,5.01,12521.0,,,MIBGAS_Data_2021.xlsx,Trading Data PVB&VTP,2350
2021-08-30,GDAES_D+2,PVB,ES,2021-09-01,2021-09-01,,,,,,,,,,11.31,0.0,,,MIBGAS_Data_2021.xlsx,Trading Data PVB&VTP,2328
2021-08-31,GDAES_D+2,PVB,ES,2021-09-02,2021-09-02,50.05,50.0,,50.1,50.0,,,,,3.79,2.0,,,MIBGAS_Data_2021.xlsx,Trading Data PVB&VTP,2306
2021-09-01,GDAES_D+2,PVB,ES,2021-09-03,2021-09-03,53.29,,,53.5,53.25,,,,,3.82,6.0,,,MIBGAS_Data_2021.xlsx,Trading Data PVB&VTP,2283
2021-09-02,GDAES_D+2,PVB,ES,2021-09-04,2021-09-04,53.22,53.0,,53.4,53.0,,,,,2.11,26.0,,,MIBGAS_Data_2021.xlsx,Trading Data PVB&VTP,2260
2021-09-03,GDAES_D+2,PVB,ES,2021-09-05,2021-09-05,51.75,52.2,51.25,52.4,51.25,,,,51.25,1.24,14610.0,,,MIBGAS_Data_2021.xlsx,Trading Data PVB&VTP,2237
2021-09-04,GDAES_D+2,PVB,ES,2021-09-06,2021-09-06,,,,,,,,,,4.97,0.0,,,MIBGAS_Data_2021.xlsx,Trading Data PVB&VTP,2229
2021-09-05,GDAES_D+2,PVB,ES,2021-09-07,2021-09-07,51.53,51.53,51.53,51.53,51.53,,,,51.53,3.88,150.0,,,MIBGAS_Data_2021.xlsx,Trading Data PVB&VTP,2221
2021-09-06,GDAES_D+2,PVB,ES,2021-09-08,2021-09-08,54.15,54.15,53.75,54.15,54.15,,,,53.75,2.56,2.0,,,MIBGAS_Data_2021.xlsx,Trading Data PVB&VTP,2198
2021-09-07,GDAES_D+2,PVB,ES,2021-09-09,2021-09-09,54.21,54.15,54.34,56.0,54.15,,,,54.34,3.68,288.0,,,MIBGAS_Data_2021.xlsx,Trading Data PVB&VTP,2175
2021-09-08,GDAES_D+2,PVB,ES,2021-09-10,2021-09-10,55.82,54.6,56.5,56.5,54.6,,,,56.5,3.12,776.0,,,MIBGAS_Data_2021.xlsx,Trading Data PVB&VTP,2152
2021-09-09,GDAES_D+2,PVB,ES,2021-09-11,2021-09-11,59.0,,59.0,59.0,59.0,,,,59.0,11.12,1000.0,,,MIBGAS_Data_2021.xlsx,Trading Data PVB&VTP,2129
2021-09-10,GDAES_D+2,PVB,ES,2021-09-12,2021-09-12,57.96,58.69,58.07,58.69,56.2,,,,58.07,4.07,7982.0,,,MIBGAS_Data_2021.xlsx,Trading Data PVB&VTP,2106
2021-09-11,GDAES_D+2,PVB,ES,2021-09-13,2021-09-13,,,,,,,,,,4.4,0.0,,,MIBGAS_Data_2021.xlsx,Trading Data PVB&VTP,2098
2021-09-12,GDAES_D+2,PVB,ES,2021-09-14,2021-09-14,61.85,,61.85,61.85,61.85,,,,61.85,10.15,5000.0,,,MIBGAS_Data_2021.xlsx,Trading Data PVB&VTP,2090
2021-09-13,GDAES_D+2,PVB,ES,2021-09-15,2021-09-15,63.93,65.0,64.25,65.0,63.75,,,,64.25,3.61,5201.0,,,MIBGAS_Data_2021.xlsx,Trading Data PVB&VTP,2067
2021-09-14,GDAES_D+2,PVB,ES,2021-09-16,2021-09-16,69.9,,69.9,69.9,69.9,,,,69.9,14.48,700.0,,,MIBGAS_Data_2021.xlsx,Trading Data PVB&VTP,2044
2021-09-15,GDAES_D+2,PVB,ES,2021-09-17,2021-09-17,76.57,,71.8,79.0,71.76,,,,71.8,5.25,9487.0,,,MIBGAS_Data_2021.xlsx,Trading Data PVB&VTP,2021
2021-09-16,GDAES_D+2,PVB,ES,2021-09-18,2021-09-18,67.5,67.5,,67.5,67.5,,,,,11.81,1.0,,,MIBGAS_Data_2021.xlsx,Trading Data PVB&VTP,1998
2021-09-17,GDAES_D+2,PVB,ES,2021-09-19,2021-09-19,65.32,66.0,65.06,67.0,64.65,,,,65.06,6.9,11417.0,,,MIBGAS_Data_2021.xlsx,Trading Data PVB&VTP,1975
2021-09-18,GDAES_D+2,PVB,ES,2021-09-20,2021-09-20,,,,,,,,,,12.1,0.0,,,MIBGAS_Data_2021.xlsx,Trading Data PVB&VTP,1967
2021-09-19,GDAES_D+2,PVB,ES,2021-09-21,2021-09-21,,,,,,,,,,14.38,0.0,,,MIBGAS_Data_2021.xlsx,Trading Data PVB&VTP,1959
2021-09-20,GDAES_D+2,PVB,ES,2021-09-22,2021-09-22,,,,,,,,,,19.98,0.0,,,MIBGAS_Data_2021.xlsx,Trading Data PVB&VTP,1936
2021-09-21,GDAES_D+2,PVB,ES,2021-09-23,2021-09-23,70.01,70.01,,70.01,70.01,,,,,5.37,2.0,,,MIBGAS_Data_2021.xlsx,Trading Data PVB&VTP,1913
2021-09-22,GDAES_D+2,PVB,ES,2021-09-24,2021-09-24,,,,,,,,,,3.26,0.0,,,MIBGAS_Data_2021.xlsx,Trading Data PVB&VTP,1890
2021-09-23,GDAES_D+2,PVB,ES,2021-09-25,2021-09-25,69.0,69.0,69.0,69.0,69.0,,,,69.0,9.18,958.0,,,MIBGAS_Data_2021.xlsx,Trading Data PVB&VTP,1867
2021-09-24,GDAES_D+2,PVB,ES,2021-09-26,2021-09-26,68.29,68.0,67.68,68.85,67.25,,,,67.68,1.15,16449.0,,,MIBGAS_Data_2021.xlsx,Trading Data PVB&VTP,1844
2021-09-25,GDAES_D+2,PVB,ES,2021-09-27,2021-09-27,70.98,,71.25,71.5,70.25,,,,71.25,3.34,1554.0,,,MIBGAS_Data_2021.xlsx,Trading Data PVB&VTP,1836
2021-09-26,GDAES_D+2,PVB,ES,2021-09-28,2021-09-28,72.85,,72.85,72.85,72.85,,,,72.85,9.94,3000.0,,,MIBGAS_Data_2021.xlsx,Trading Data PVB&VTP,1828
2021-09-27,GDAES_D+2,PVB,ES,2021-09-29,2021-09-29,71.6,71.6,,71.6,71.6,,,,,7.54,2.0,,,MIBGAS_Data_2021.xlsx,Trading Data PVB&VTP,1806
2021-09-28,GDAES_D+2,PVB,ES,2021-09-30,2021-09-30,,,,,,,,,,,0.0,,,MIBGAS_Data_2021.xlsx,Trading Data PVB&VTP,1784
2021-09-29,GDAES_D+2,PVB,ES,2021-10-01,2021-10-01,83.83,82.0,85.0,85.0,82.0,,,,85.0,2.53,601.0,,,MIBGAS_Data_2021.xlsx,Trading Data PVB&VTP,1762
2021-09-30,GDAES_D+2,PVB,ES,2021-10-02,2021-10-02,,,,,,,,,,,0.0,,,MIBGAS_Data_2021.xlsx,Trading Data PVB&VTP,1742
2021-10-01,GDAES_D+2,PVB,ES,2021-10-03,2021-10-03,87.62,91.0,86.08,96.0,86.0,,,,86.08,13.8,12606.0,,,MIBGAS_Data_2021.xlsx,Trading Data PVB&VTP,1719
2021-10-02,GDAES_D+2,PVB,ES,2021-10-04,2021-10-04,79.9,87.62,78.6,87.62,78.05,,,,78.6,14.54,9286.0,,,MIBGAS_Data_2021.xlsx,Trading Data PVB&VTP,1711
2021-10-03,GDAES_D+2,PVB,ES,2021-10-05,2021-10-05,,,,,,,,,,22.65,0.0,,,MIBGAS_Data_2021.xlsx,Trading Data PVB&VTP,1703
2021-10-04,GDAES_D+2,PVB,ES,2021-10-06,2021-10-06,,,,,,,,,,,0.0,,,MIBGAS_Data_2021.xlsx,Trading Data PVB&VTP,1680
2021-10-05,GDAES_D+2,PVB,ES,2021-10-07,2021-10-07,,,,,,,,,,20.7,0.0,,,MIBGAS_Data_2021.xlsx,Trading Data PVB&VTP,1657
2021-10-06,GDAES_D+2,PVB,ES,2021-10-08,2021-10-08,117.84,117.0,117.86,160.0,117.0,,,,117.86,145.12,102.0,,,MIBGAS_Data_2021.xlsx,Trading Data PVB&VTP,1634
2021-10-07,GDAES_D+2,PVB,ES,2021-10-09,2021-10-09,96.9,100.0,99.5,100.0,94.99,,,,99.5,8.72,2207.0,,,MIBGAS_Data_2021.xlsx,Trading Data PVB&VTP,1611
2021-10-08,GDAES_D+2,PVB,ES,2021-10-10,2021-10-10,85.66,92.0,70.0,94.0,70.0,,,,70.0,8.35,24100.0,,,MIBGAS_Data_2021.xlsx,Trading Data PVB&VTP,1588
2021-10-09,GDAES_D+2,PVB,ES,2021-10-11,2021-10-11,83.99,83.99,83.99,83.99,83.99,,,,83.99,13.91,1000.0,,,MIBGAS_Data_2021.xlsx,Trading Data PVB&VTP,1580
2021-10-10,GDAES_D+2,PVB,ES,2021-10-12,2021-10-12,89.0,89.0,,89.0,89.0,,,,,14.08,15.0,,,MIBGAS_Data_2021.xlsx,Trading Data PVB&VTP,1572
2021-10-11,GDAES_D+2,PVB,ES,2021-10-13,2021-10-13,85.9,89.0,83.86,89.0,83.0,,,,83.86,4.55,6187.0,,,MIBGAS_Data_2021.xlsx,Trading Data PVB&VTP,1549
2021-10-12,GDAES_D+2,PVB,ES,2021-10-14,2021-10-14,,,,,,,,,,,0.0,,,MIBGAS_Data_2021.xlsx,Trading Data PVB&VTP,1526
2021-10-13,GDAES_D+2,PVB,ES,2021-10-15,2021-10-15,,,,,,,,,,10.4,0.0,,,MIBGAS_Data_2021.xlsx,Trading Data PVB&VTP,1503
2021-10-14,GDAES_D+2,PVB,ES,2021-10-16,2021-10-16,95.23,103.0,95.0,103.0,95.0,,,,95.0,8.41,103.0,,,MIBGAS_Data_2021.xlsx,Trading Data PVB&VTP,1480
2021-10-15,GDAES_D+2,PVB,ES,2021-10-17,2021-10-17,92.09,98.0,90.04,98.0,80.0,,,,90.04,3.65,18765.0,,,MIBGAS_Data_2021.xlsx,Trading Data PVB&VTP,1457
2021-10-16,GDAES_D+2,PVB,ES,2021-10-18,2021-10-18,89.62,,89.43,90.17,88.5,,,,89.43,5.41,1500.0,,,MIBGAS_Data_2021.xlsx,Trading Data PVB&VTP,1449
2021-10-17,GDAES_D+2,PVB,ES,2021-10-19,2021-10-19,92.5,,,92.5,92.5,,,,,4.81,10.0,,,MIBGAS_Data_2021.xlsx,Trading Data PVB&VTP,1441
2021-10-18,GDAES_D+2,PVB,ES,2021-10-20,2021-10-20,94.99,89.0,95.0,95.0,89.0,,,,95.0,17.27,5005.0,,,MIBGAS_Data_2021.xlsx,Trading Data PVB&VTP,1418
2021-10-19,GDAES_D+2,PVB,ES,2021-10-21,2021-10-21,88.0,,88.0,88.01,88.0,,,,88.0,3.4,70.0,,,MIBGAS_Data_2021.xlsx,Trading Data PVB&VTP,1395
2021-10-20,GDAES_D+2,PVB,ES,2021-10-22,2021-10-22,,,,,,,,,,4.49,0.0,,,MIBGAS_Data_2021.xlsx,Trading Data PVB&VTP,1372
2021-10-21,GDAES_D+2,PVB,ES,2021-10-23,2021-10-23,88.47,90.0,,90.0,88.01,,,,,6.1,13.0,,,MIBGAS_Data_2021.xlsx,Trading Data PVB&VTP,1349
2021-10-22,GDAES_D+2,PVB,ES,2021-10-24,2021-10-24,87.03,87.2,87.1,87.75,86.0,,,,87.1,0.84,16859.0,,,MIBGAS_Data_2021.xlsx,Trading Data PVB&VTP,1326
2021-10-23,GDAES_D+2,PVB,ES,2021-10-25,2021-10-25,90.62,88.0,91.95,92.0,88.0,,,,91.95,2.4,7501.0,,,MIBGAS_Data_2021.xlsx,Trading Data PVB&VTP,1318
2021-10-24,GDAES_D+2,PVB,ES,2021-10-26,2021-10-26,,,,,,,,,,6.38,0.0,,,MIBGAS_Data_2021.xlsx,Trading Data PVB&VTP,1310
2021-10-25,GDAES_D+2,PVB,ES,2021-10-27,2021-10-27,92.25,,92.25,92.25,92.25,,,,92.25,4.92,4000.0,,,MIBGAS_Data_2021.xlsx,Trading Data PVB&VTP,1287
2021-10-26,GDAES_D+2,PVB,ES,2021-10-28,2021-10-28,90.79,92.0,89.0,92.0,89.0,,,,89.0,1.65,5717.0,,,MIBGAS_Data_2021.xlsx,Trading Data PVB&VTP,1264
2021-10-27,GDAES_D+2,PVB,ES,2021-10-29,2021-10-29,85.62,90.0,85.67,90.0,85.45,,,,85.67,2.08,13238.0,,,MIBGAS_Data_2021.xlsx,Trading Data PVB&VTP,1241
2021-10-28,GDAES_D+2,PVB,ES,2021-10-30,2021-10-30,75.41,77.0,75.12,77.0,75.0,,,,75.12,4.76,133.0,,,MIBGAS_Data_2021.xlsx,Trading Data PVB&VTP,1219
2021-10-29,GDAES_D+2,PVB,ES,2021-10-31,2021-10-31,64.94,71.0,62.0,71.0,60.0,,,,62.0,4.6,16908.0,,,MIBGAS_Data_2021.xlsx,Trading Data PVB&VTP,1195
2021-10-30,GDAES_D+2,PVB,ES,2021-11-01,2021-11-01,61.21,60.0,62.75,62.9,60.0,,,,62.75,8.43,5560.0,,,MIBGAS_Data_2021.xlsx,Trading Data PVB&VTP,1187
2021-10-31,GDAES_D+2,PVB,ES,2021-11-02,2021-11-02,57.99,,59.0,60.05,57.75,,,,59.0,8.02,7510.0,,,MIBGAS_Data_2021.xlsx,Trading Data PVB&VTP,1179
2021-11-01,GDAES_D+2,PVB,ES,2021-11-03,2021-11-03,62.04,,62.0,62.5,62.0,,,,62.0,12.32,11520.0,,,MIBGAS_Data_2021.xlsx,Trading Data PVB&VTP,1156
2021-11-02,GDAES_D+2,PVB,ES,2021-11-04,2021-11-04,67.47,,67.5,67.5,65.0,,,,67.5,6.66,293.0,,,MIBGAS_Data_2021.xlsx,Trading Data PVB&VTP,1133
2021-11-03,GDAES_D+2,PVB,ES,2021-11-05,2021-11-05,74.9,,76.85,76.85,74.5,,,,76.85,8.41,8966.0,,,MIBGAS_Data_2021.xlsx,Trading Data PVB&VTP,1110
2021-11-04,GDAES_D+2,PVB,ES,2021-11-06,2021-11-06,73.58,,73.96,74.0,72.51,,,,73.96,1.87,1203.0,,,MIBGAS_Data_2021.xlsx,Trading Data PVB&VTP,1087
2021-11-05,GDAES_D+2,PVB,ES,2021-11-07,2021-11-07,69.8,73.0,69.99,73.0,68.5,,,,69.99,3.56,12709.0,,,MIBGAS_Data_2021.xlsx,Trading Data PVB&VTP,1064
2021-11-06,GDAES_D+2,PVB,ES,2021-11-08,2021-11-08,72.04,,72.15,72.2,71.75,,,,72.15,3.83,2500.0,,,MIBGAS_Data_2021.xlsx,Trading Data PVB&VTP,1056
2021-11-07,GDAES_D+2,PVB,ES,2021-11-09,2021-11-09,74.47,,74.5,75.0,71.05,,,,74.5,2.52,1110.0,,,MIBGAS_Data_2021.xlsx,Trading Data PVB&VTP,1048
2021-11-08,GDAES_D+2,PVB,ES,2021-11-10,2021-11-10,77.3,79.0,77.93,79.0,76.5,,,,77.93,2.95,17789.0,,,MIBGAS_Data_2021.xlsx,Trading Data PVB&VTP,1025
2021-11-09,GDAES_D+2,PVB,ES,2021-11-11,2021-11-11,76.68,77.5,74.2,77.5,72.3,,,,74.2,1.61,17064.0,,,MIBGAS_Data_2021.xlsx,Trading Data PVB&VTP,1002
2021-11-10,GDAES_D+2,PVB,ES,2021-11-12,2021-11-12,67.42,70.0,67.95,70.0,63.0,,,,67.95,4.17,19866.0,,,MIBGAS_Data_2021.xlsx,Trading Data PVB&VTP,979
2021-11-11,GDAES_D+2,PVB,ES,2021-11-13,2021-11-13,72.36,,72.75,73.5,70.05,,,,72.75,8.69,735.0,,,MIBGAS_Data_2021.xlsx,Trading Data PVB&VTP,956
2021-11-12,GDAES_D+2,PVB,ES,2021-11-14,2021-11-14,74.56,75.0,75.8,77.4,72.0,,,,75.8,3.01,41025.0,,,MIBGAS_Data_2021.xlsx,Trading Data PVB&VTP,933
2021-11-13,GDAES_D+2,PVB,ES,2021-11-15,2021-11-15,77.06,76.5,78.1,78.1,76.5,,,,78.1,3.27,3670.0,,,MIBGAS_Data_2021.xlsx,Trading Data PVB&VTP,925
2021-11-14,GDAES_D+2,PVB,ES,2021-11-16,2021-11-16,78.18,,78.47,79.5,78.0,,,,78.47,2.15,2275.0,,,MIBGAS_Data_2021.xlsx,Trading Data PVB&VTP,917
2021-11-15,GDAES_D+2,PVB,ES,2021-11-17,2021-11-17,81.48,,81.99,82.0,81.0,,,,81.99,5.28,3900.0,,,MIBGAS_Data_2021.xlsx,Trading Data PVB&VTP,894
2021-11-16,GDAES_D+2,PVB,ES,2021-11-18,2021-11-18,89.3,83.0,92.0,92.0,83.0,,,,92.0,3.85,2839.0,,,MIBGAS_Data_2021.xlsx,Trading Data PVB&VTP,871
2021-11-17,GDAES_D+2,PVB,ES,2021-11-19,2021-11-19,97.03,97.1,95.85,100.01,95.05,,,,95.85,2.12,7469.0,,,MIBGAS_Data_2021.xlsx,Trading Data PVB&VTP,848
2021-11-18,GDAES_D+2,PVB,ES,2021-11-20,2021-11-20,96.25,96.75,95.98,96.75,95.0,,,,95.98,3.57,1040.0,,,MIBGAS_Data_2021.xlsx,Trading Data PVB&VTP,825
2021-11-19,GDAES_D+2,PVB,ES,2021-11-21,2021-11-21,90.79,93.45,93.0,93.5,90.0,,,,93.0,2.3,19710.0,,,MIBGAS_Data_2021.xlsx,Trading Data PVB&VTP,802
2021-11-20,GDAES_D+2,PVB,ES,2021-11-22,2021-11-22,92.25,,92.25,92.5,92.0,,,,92.25,8.73,200.0,,,MIBGAS_Data_2021.xlsx,Trading Data PVB&VTP,794
2021-11-21,GDAES_D+2,PVB,ES,2021-11-23,2021-11-23,,,,,,,,,,9.55,0.0,,,MIBGAS_Data_2021.xlsx,Trading Data PVB&VTP,786
2021-11-22,GDAES_D+2,PVB,ES,2021-11-24,2021-11-24,85.88,92.0,86.7,92.0,84.25,,,,86.7,5.37,6955.0,,,MIBGAS_Data_2021.xlsx,Trading Data PVB&VTP,763
2021-11-23,GDAES_D+2,PVB,ES,2021-11-25,2021-11-25,89.94,87.5,94.0,94.0,87.5,,,,94.0,3.89,1699.0,,,MIBGAS_Data_2021.xlsx,Trading Data PVB&VTP,740
2021-11-24,GDAES_D+2,PVB,ES,2021-11-26,2021-11-26,96.36,95.0,97.0,97.0,94.0,,,,97.0,3.07,1243.0,,,MIBGAS_Data_2021.xlsx,Trading Data PVB&VTP,717
2021-11-25,GDAES_D+2,PVB,ES,2021-11-27,2021-11-27,94.61,94.0,94.16,95.05,94.0,,,,94.16,2.8,223.0,,,MIBGAS_Data_2021.xlsx,Trading Data PVB&VTP,694
2021-11-26,GDAES_D+2,PVB,ES,2021-11-28,2021-11-28,92.17,95.23,91.25,95.23,90.0,,,,91.25,1.76,31406.0,,,MIBGAS_Data_2021.xlsx,Trading Data PVB&VTP,671
2021-11-27,GDAES_D+2,PVB,ES,2021-11-29,2021-11-29,90.23,90.23,90.23,90.23,90.23,,,,90.23,3.67,988.0,,,MIBGAS_Data_2021.xlsx,Trading Data PVB&VTP,663
2021-11-28,GDAES_D+2,PVB,ES,2021-11-30,2021-11-30,,,,,,,,,,5.17,0.0,,,MIBGAS_Data_2021.xlsx,Trading Data PVB&VTP,655
2021-11-29,GDAES_D+2,PVB,ES,2021-12-01,2021-12-01,98.5,97.0,,100.0,97.0,,,,,5.03,50.0,,,MIBGAS_Data_2021.xlsx,Trading Data PVB&VTP,633
2021-11-30,GDAES_D+2,PVB,ES,2021-12-02,2021-12-02,99.0,,99.0,99.01,99.0,,,,99.0,6.23,1020.0,,,MIBGAS_Data_2021.xlsx,Trading Data PVB&VTP,611
2021-12-01,GDAES_D+2,PVB,ES,2021-12-03,2021-12-03,99.0,,99.0,99.0,99.0,,,,99.0,2.99,280.0,,,MIBGAS_Data_2021.xlsx,Trading Data PVB&VTP,588
2021-12-02,GDAES_D+2,PVB,ES,2021-12-04,2021-12-04,95.02,,95.5,95.5,94.5,,,,95.5,3.72,1149.0,,,MIBGAS_Data_2021.xlsx,Trading Data PVB&VTP,565
2021-12-03,GDAES_D+2,PVB,ES,2021-12-05,2021-12-05,93.15,92.78,91.6,95.9,91.6,,,,91.6,1.34,20135.0,,,MIBGAS_Data_2021.xlsx,Trading Data PVB&VTP,540
2021-12-04,GDAES_D+2,PVB,ES,2021-12-06,2021-12-06,90.49,,91.0,91.0,90.0,,,,91.0,2.63,8275.0,,,MIBGAS_Data_2021.xlsx,Trading Data PVB&VTP,532
2021-12-05,GDAES_D+2,PVB,ES,2021-12-07,2021-12-07,93.86,93.86,,93.86,93.86,,,,,3.6,4.0,,,MIBGAS_Data_2021.xlsx,Trading Data PVB&VTP,524
2021-12-06,GDAES_D+2,PVB,ES,2021-12-08,2021-12-08,90.0,89.9,90.0,90.0,89.9,,,,90.0,6.43,2004.0,,,MIBGAS_Data_2021.xlsx,Trading Data PVB&VTP,501
2021-12-07,GDAES_D+2,PVB,ES,2021-12-09,2021-12-09,90.71,90.0,95.0,97.0,90.0,,,,95.0,3.96,13130.0,,,MIBGAS_Data_2021.xlsx,Trading Data PVB&VTP,478
2021-12-08,GDAES_D+2,PVB,ES,2021-12-10,2021-12-10,97.05,,97.5,97.5,97.0,,,,97.5,4.0,2780.0,,,MIBGAS_Data_2021.xlsx,Trading Data PVB&VTP,455
2021-12-09,GDAES_D+2,PVB,ES,2021-12-11,2021-12-11,104.0,104.0,,104.0,104.0,,,,,11.15,5.0,,,MIBGAS_Data_2021.xlsx,Trading Data PVB&VTP,432
2021-12-10,GDAES_D+2,PVB,ES,2021-12-12,2021-12-12,104.06,103.0,106.0,106.0,100.1,,,,106.0,2.05,8673.0,,,MIBGAS_Data_2021.xlsx,Trading Data PVB&VTP,409
2021-12-11,GDAES_D+2,PVB,ES,2021-12-13,2021-12-13,111.81,,111.9,111.9,111.5,,,,111.9,3.6,16800.0,,,MIBGAS_Data_2021.xlsx,Trading Data PVB&VTP,401
2021-12-12,GDAES_D+2,PVB,ES,2021-12-14,2021-12-14,113.98,,114.0,114.0,113.95,,,,114.0,5.57,780.0,,,MIBGAS_Data_2021.xlsx,Trading Data PVB&VTP,393
2021-12-13,GDAES_D+2,PVB,ES,2021-12-15,2021-12-15,,,,,,,,,,9.0,0.0,,,MIBGAS_Data_2021.xlsx,Trading Data PVB&VTP,370
2021-12-14,GDAES_D+2,PVB,ES,2021-12-16,2021-12-16,126.33,122.95,126.5,126.5,122.95,,,,126.5,11.02,105.0,,,MIBGAS_Data_2021.xlsx,Trading Data PVB&VTP,347
2021-12-15,GDAES_D+2,PVB,ES,2021-12-17,2021-12-17,126.4,,127.0,127.0,124.0,,,,127.0,11.99,125.0,,,MIBGAS_Data_2021.xlsx,Trading Data PVB&VTP,324
2021-12-16,GDAES_D+2,PVB,ES,2021-12-18,2021-12-18,,,,,,,,,,21.75,0.0,,,MIBGAS_Data_2021.xlsx,Trading Data PVB&VTP,301
2021-12-17,GDAES_D+2,PVB,ES,2021-12-19,2021-12-19,135.67,124.75,136.25,137.5,124.75,,,,136.25,2.38,17576.0,,,MIBGAS_Data_2021.xlsx,Trading Data PVB&VTP,278
2021-12-18,GDAES_D+2,PVB,ES,2021-12-20,2021-12-20,141.27,136.75,142.25,142.25,136.75,,,,142.25,2.58,19614.0,,,MIBGAS_Data_2021.xlsx,Trading Data PVB&VTP,270
2021-12-19,GDAES_D+2,PVB,ES,2021-12-21,2021-12-21,146.12,146.0,148.5,158.5,146.0,,,,148.5,7.14,2020.0,,,MIBGAS_Data_2021.xlsx,Trading Data PVB&VTP,262
2021-12-20,GDAES_D+2,PVB,ES,2021-12-22,2021-12-22,142.0,142.0,142.0,142.0,142.0,,,,142.0,31.75,73.0,,,MIBGAS_Data_2021.xlsx,Trading Data PVB&VTP,239
2021-12-21,GDAES_D+2,PVB,ES,2021-12-23,2021-12-23,161.6,,168.0,168.0,160.4,,,,168.0,2.92,1780.0,,,MIBGAS_Data_2021.xlsx,Trading Data PVB&VTP,216
2021-12-22,GDAES_D+2,PVB,ES,2021-12-24,2021-12-24,171.71,170.0,175.3,175.3,166.0,,,,175.3,2.94,3813.0,,,MIBGAS_Data_2021.xlsx,Trading Data PVB&VTP,193
2021-12-23,GDAES_D+2,PVB,ES,2021-12-25,2021-12-25,144.98,150.0,137.0,150.1,134.0,,,,137.0,4.54,9853.0,,,MIBGAS_Data_2021.xlsx,Trading Data PVB&VTP,164
2021-12-24,GDAES_D+2,PVB,ES,2021-12-26,2021-12-26,99.63,108.0,91.0,109.0,91.0,,,,91.0,6.54,15607.0,,,MIBGAS_Data_2021.xlsx,Trading Data PVB&VTP,137
2021-12-25,GDAES_D+2,PVB,ES,2021-12-27,2021-12-27,71.97,,67.0,96.0,67.0,,,,67.0,14.29,1425.0,,,MIBGAS_Data_2021.xlsx,Trading Data PVB&VTP,127
2021-12-26,GDAES_D+2,PVB,ES,2021-12-28,2021-12-28,85.0,,85.0,85.0,85.0,,,,85.0,56.23,100.0,,,MIBGAS_Data_2021.xlsx,Trading Data PVB&VTP,119
2021-12-27,GDAES_D+2,PVB,ES,2021-12-29,2021-12-29,90.85,90.5,90.0,94.0,88.5,,,,90.0,10.04,7158.0,,,MIBGAS_Data_2021.xlsx,Trading Data PVB&VTP,96
2021-12-28,GDAES_D+2,PVB,ES,2021-12-30,2021-12-30,91.05,93.1,90.64,93.1,80.5,,,,90.64,7.65,120.0,,,MIBGAS_Data_2021.xlsx,Trading Data PVB&VTP,74
2021-12-29,GDAES_D+2,PVB,ES,2021-12-31,2021-12-31,92.92,92.01,97.31,97.5,92.0,,,,97.31,4.12,3915.0,,,MIBGAS_Data_2021.xlsx,Trading Data PVB&VTP,52
2021-12-30,GDAES_D+2,PVB,ES,2022-01-01,2022-01-01,83.47,90.0,78.0,90.0,78.0,,,,78.0,4.56,12900.0,,,MIBGAS_Data_2021.xlsx,Trading Data PVB&VTP,26
2021-12-31,GDAES_D+2,PVB,ES,2022-01-02,2022-01-02,69.36,76.0,61.71,76.0,60.5,,,,61.71,9.89,12317.0,,,MIBGAS_Data_2021.xlsx,Trading Data PVB&VTP,4
2022-01-01,GDAES_D+2,PVB,ES,2022-01-03,2022-01-03,53.12,59.44,51.75,59.44,51.75,,,,51.75,14.13,280.0,50.0,,MIBGAS_Data_2022.xlsx,Trading Data PVB&VTP,6766
2022-01-02,GDAES_D+2,PVB,ES,2022-01-04,2022-01-04,54.43,52.98,54.5,54.55,52.98,,,,54.5,8.75,1050.0,50.0,,MIBGAS_Data_2022.xlsx,Trading Data PVB&VTP,6758
2022-01-03,GDAES_D+2,PVB,ES,2022-01-05,2022-01-05,76.91,,77.8,78.0,75.0,,,,77.8,12.26,4605.0,0.0,,MIBGAS_Data_2022.xlsx,Trading Data PVB&VTP,6735
2022-01-04,GDAES_D+2,PVB,ES,2022-01-06,2022-01-06,88.48,,86.12,94.5,85.5,,,,86.12,5.45,3173.0,0.0,,MIBGAS_Data_2022.xlsx,Trading Data PVB&VTP,6712
2022-01-05,GDAES_D+2,PVB,ES,2022-01-07,2022-01-07,90.56,93.5,90.5,93.5,90.5,,,,90.5,2.73,2648.0,26.0,,MIBGAS_Data_2022.xlsx,Trading Data PVB&VTP,6689
2022-01-06,GDAES_D+2,PVB,ES,2022-01-08,2022-01-08,,,,,,,,,,5.75,0.0,0.0,,MIBGAS_Data_2022.xlsx,Trading Data PVB&VTP,6666
2022-01-07,GDAES_D+2,PVB,ES,2022-01-09,2022-01-09,87.87,91.0,82.0,96.4,82.0,,,,82.0,4.8,11089.0,3114.0,,MIBGAS_Data_2022.xlsx,Trading Data PVB&VTP,6643
2022-01-08,GDAES_D+2,PVB,ES,2022-01-10,2022-01-10,86.0,,,86.0,86.0,,,,,22.19,10.0,0.0,,MIBGAS_Data_2022.xlsx,Trading Data PVB&VTP,6635
2022-01-09,GDAES_D+2,PVB,ES,2022-01-11,2022-01-11,89.5,,89.5,89.5,89.5,,,,89.5,,5000.0,0.0,,MIBGAS_Data_2022.xlsx,Trading Data PVB&VTP,6627
2022-01-10,GDAES_D+2,PVB,ES,2022-01-12,2022-01-12,85.9,85.95,84.5,88.5,84.0,,,,84.5,3.45,7336.0,3006.0,,MIBGAS_Data_2022.xlsx,Trading Data PVB&VTP,6604
2022-01-11,GDAES_D+2,PVB,ES,2022-01-13,2022-01-13,80.89,81.45,79.43,82.95,78.0,,,,79.43,1.73,5123.0,41.0,,MIBGAS_Data_2022.xlsx,Trading Data PVB&VTP,6581
2022-01-12,GDAES_D+2,PVB,ES,2022-01-14,2022-01-14,75.57,,75.19,80.5,75.0,,,,75.19,4.75,3135.0,0.0,,MIBGAS_Data_2022.xlsx,Trading Data PVB&VTP,6558
2022-01-13,GDAES_D+2,PVB,ES,2022-01-15,2022-01-15,75.76,70.0,80.0,80.0,70.0,,,,80.0,7.29,1605.0,65.0,,MIBGAS_Data_2022.xlsx,Trading Data PVB&VTP,6535
2022-01-14,GDAES_D+2,PVB,ES,2022-01-16,2022-01-16,88.09,87.0,84.0,90.0,82.0,,,,84.0,3.47,29827.0,3040.0,,MIBGAS_Data_2022.xlsx,Trading Data PVB&VTP,6512
2022-01-15,GDAES_D+2,PVB,ES,2022-01-17,2022-01-17,88.41,,89.5,89.5,87.5,,,,89.5,2.85,9000.0,0.0,,MIBGAS_Data_2022.xlsx,Trading Data PVB&VTP,6504
2022-01-16,GDAES_D+2,PVB,ES,2022-01-18,2022-01-18,,,,,,,,,,8.66,0.0,0.0,,MIBGAS_Data_2022.xlsx,Trading Data PVB&VTP,6496
2022-01-17,GDAES_D+2,PVB,ES,2022-01-19,2022-01-19,80.23,81.5,77.0,83.73,75.0,,,,77.0,4.22,17087.0,4052.0,,MIBGAS_Data_2022.xlsx,Trading Data PVB&VTP,6473
2022-01-18,GDAES_D+2,PVB,ES,2022-01-20,2022-01-20,79.27,80.0,80.0,80.0,75.0,,,,80.0,6.96,1686.0,20.0,,MIBGAS_Data_2022.xlsx,Trading Data PVB&VTP,6450
2022-01-19,GDAES_D+2,PVB,ES,2022-01-21,2022-01-21,72.01,72.01,72.02,72.06,72.01,,,,72.02,3.74,2010.0,2000.0,,MIBGAS_Data_2022.xlsx,Trading Data PVB&VTP,6427
2022-01-20,GDAES_D+2,PVB,ES,2022-01-22,2022-01-22,71.79,70.5,71.9,71.9,70.5,,,,71.9,4.03,542.0,42.0,,MIBGAS_Data_2022.xlsx,Trading Data PVB&VTP,6404
2022-01-21,GDAES_D+2,PVB,ES,2022-01-23,2022-01-23,77.87,74.0,77.69,80.5,73.8,,,,77.69,2.12,22630.0,64.0,,MIBGAS_Data_2022.xlsx,Trading Data PVB&VTP,6381
2022-01-22,GDAES_D+2,PVB,ES,2022-01-24,2022-01-24,81.05,,83.5,83.5,78.0,,,,83.5,6.0,7848.0,0.0,,MIBGAS_Data_2022.xlsx,Trading Data PVB&VTP,6373
2022-01-23,GDAES_D+2,PVB,ES,2022-01-25,2022-01-25,84.99,,84.99,84.99,84.99,,,,84.99,6.23,500.0,0.0,,MIBGAS_Data_2022.xlsx,Trading Data PVB&VTP,6365
2022-01-24,GDAES_D+2,PVB,ES,2022-01-26,2022-01-26,88.4,85.0,91.5,91.5,83.85,,,,91.5,6.71,1917.0,25.0,,MIBGAS_Data_2022.xlsx,Trading Data PVB&VTP,6342
2022-01-25,GDAES_D+2,PVB,ES,2022-01-27,2022-01-27,,,,,,,,,,6.76,0.0,0.0,,MIBGAS_Data_2022.xlsx,Trading Data PVB&VTP,6319
2022-01-26,GDAES_D+2,PVB,ES,2022-01-28,2022-01-28,90.0,90.0,,90.0,90.0,,,,,4.29,45.0,45.0,,MIBGAS_Data_2022.xlsx,Trading Data PVB&VTP,6296
2022-01-27,GDAES_D+2,PVB,ES,2022-01-29,2022-01-29,90.05,,,90.06,90.05,,,,,2.69,26.0,0.0,,MIBGAS_Data_2022.xlsx,Trading Data PVB&VTP,6273
2022-01-28,GDAES_D+2,PVB,ES,2022-01-30,2022-01-30,90.57,90.5,89.81,91.5,89.75,,,,89.81,1.06,22434.0,220.0,,MIBGAS_Data_2022.xlsx,Trading Data PVB&VTP,6251
2022-01-29,GDAES_D+2,PVB,ES,2022-01-31,2022-01-31,92.1,,92.2,92.2,92.0,,,,92.2,2.79,4000.0,0.0,,MIBGAS_Data_2022.xlsx,Trading Data PVB&VTP,6243
2022-01-30,GDAES_D+2,PVB,ES,2022-02-01,2022-02-01,,,,,,,,,,6.9,0.0,0.0,,MIBGAS_Data_2022.xlsx,Trading Data PVB&VTP,6235
2022-01-31,GDAES_D+2,PVB,ES,2022-02-02,2022-02-02,84.55,88.0,83.7,88.0,83.65,,,,83.7,3.76,6368.0,40.0,,MIBGAS_Data_2022.xlsx,Trading Data PVB&VTP,6213
2022-02-01,GDAES_D+2,PVB,ES,2022-02-03,2022-02-03,77.65,80.0,75.44,80.0,75.05,,,,75.44,4.12,6591.0,3050.0,,MIBGAS_Data_2022.xlsx,Trading Data PVB&VTP,6190
2022-02-02,GDAES_D+2,PVB,ES,2022-02-04,2022-02-04,78.39,76.0,78.5,78.5,76.0,,,,78.5,4.56,925.0,25.0,,MIBGAS_Data_2022.xlsx,Trading Data PVB&VTP,6167
2022-02-03,GDAES_D+2,PVB,ES,2022-02-05,2022-02-05,77.12,78.0,77.06,80.0,77.06,,,,77.06,3.46,1029.0,10.0,,MIBGAS_Data_2022.xlsx,Trading Data PVB&VTP,6144
2022-02-04,GDAES_D+2,PVB,ES,2022-02-06,2022-02-06,79.91,78.0,80.86,81.45,78.0,,,,80.86,3.2,26636.0,4372.0,,MIBGAS_Data_2022.xlsx,Trading Data PVB&VTP,6121
2022-02-05,GDAES_D+2,PVB,ES,2022-02-07,2022-02-07,80.52,79.05,81.0,81.0,79.05,,,,81.0,1.81,5150.0,1000.0,,MIBGAS_Data_2022.xlsx,Trading Data PVB&VTP,6113
2022-02-06,GDAES_D+2,PVB,ES,2022-02-08,2022-02-08,,,,,,,,,,7.07,0.0,0.0,,MIBGAS_Data_2022.xlsx,Trading Data PVB&VTP,6105
2022-02-07,GDAES_D+2,PVB,ES,2022-02-09,2022-02-09,77.75,78.0,77.99,78.0,77.0,,,,77.99,4.05,4000.0,2000.0,,MIBGAS_Data_2022.xlsx,Trading Data PVB&VTP,6082
2022-02-08,GDAES_D+2,PVB,ES,2022-02-10,2022-02-10,79.9,,79.17,81.0,77.2,,,,79.17,3.61,10023.0,0.0,,MIBGAS_Data_2022.xlsx,Trading Data PVB&VTP,6059
2022-02-09,GDAES_D+2,PVB,ES,2022-02-11,2022-02-11,75.84,75.5,75.8,76.06,75.0,,,,75.8,4.08,3181.0,300.0,,MIBGAS_Data_2022.xlsx,Trading Data PVB&VTP,6036
2022-02-10,GDAES_D+2,PVB,ES,2022-02-12,2022-02-12,74.91,76.0,74.25,76.0,74.25,,,,74.25,5.95,3200.0,1200.0,,MIBGAS_Data_2022.xlsx,Trading Data PVB&VTP,6013
2022-02-11,GDAES_D+2,PVB,ES,2022-02-13,2022-02-13,73.6,73.0,74.5,74.55,72.0,,,,74.5,1.61,67995.0,3363.0,,MIBGAS_Data_2022.xlsx,Trading Data PVB&VTP,5990
2022-02-12,GDAES_D+2,PVB,ES,2022-02-14,2022-02-14,78.5,78.5,78.5,78.5,78.5,,,,78.5,6.08,1381.0,1381.0,,MIBGAS_Data_2022.xlsx,Trading Data PVB&VTP,5982
2022-02-13,GDAES_D+2,PVB,ES,2022-02-15,2022-02-15,,,,,,,,,,11.04,0.0,0.0,,MIBGAS_Data_2022.xlsx,Trading Data PVB&VTP,5974
2022-02-14,GDAES_D+2,PVB,ES,2022-02-16,2022-02-16,82.23,83.0,,84.5,80.01,,,,,5.26,33.0,20.0,,MIBGAS_Data_2022.xlsx,Trading Data PVB&VTP,5951
2022-02-15,GDAES_D+2,PVB,ES,2022-02-17,2022-02-17,72.03,,70.09,78.55,70.05,,,,70.09,2.71,210.0,0.0,,MIBGAS_Data_2022.xlsx,Trading Data PVB&VTP,5928
2022-02-16,GDAES_D+2,PVB,ES,2022-02-18,2022-02-18,67.94,66.5,68.0,68.0,66.5,,,,68.0,12.73,1564.0,64.0,,MIBGAS_Data_2022.xlsx,Trading Data PVB&VTP,5905
2022-02-17,GDAES_D+2,PVB,ES,2022-02-19,2022-02-19,71.04,75.45,71.0,75.45,71.0,,,,71.0,6.81,1008.0,8.0,,MIBGAS_Data_2022.xlsx,Trading Data PVB&VTP,5882
2022-02-18,GDAES_D+2,PVB,ES,2022-02-20,2022-02-20,69.91,69.5,72.9,72.94,68.9,,,,72.9,1.64,8791.0,281.0,,MIBGAS_Data_2022.xlsx,Trading Data PVB&VTP,5859
2022-02-19,GDAES_D+2,PVB,ES,2022-02-21,2022-02-21,72.0,72.0,72.0,72.0,72.0,,,,72.0,7.08,400.0,400.0,,MIBGAS_Data_2022.xlsx,Trading Data PVB&VTP,5851
2022-02-20,GDAES_D+2,PVB,ES,2022-02-22,2022-02-22,,,,,,,,,,12.9,0.0,0.0,,MIBGAS_Data_2022.xlsx,Trading Data PVB&VTP,5843
2022-02-21,GDAES_D+2,PVB,ES,2022-02-23,2022-02-23,70.02,70.0,,70.05,70.0,,,,,4.19,67.0,42.0,,MIBGAS_Data_2022.xlsx,Trading Data PVB&VTP,5820
2022-02-22,GDAES_D+2,PVB,ES,2022-02-24,2022-02-24,76.32,74.0,,80.95,74.0,,,,,7.98,15.0,10.0,,MIBGAS_Data_2022.xlsx,Trading Data PVB&VTP,5797
2022-02-23,GDAES_D+2,PVB,ES,2022-02-25,2022-02-25,83.35,80.04,85.0,85.0,80.04,,,,85.0,5.41,2763.0,300.0,,MIBGAS_Data_2022.xlsx,Trading Data PVB&VTP,5774
2022-02-24,GDAES_D+2,PVB,ES,2022-02-26,2022-02-26,115.5,,116.0,116.0,115.0,,,,116.0,29.96,4000.0,0.0,,MIBGAS_Data_2022.xlsx,Trading Data PVB&VTP,5751
2022-02-25,GDAES_D+2,PVB,ES,2022-02-27,2022-02-27,99.3,102.0,91.79,108.0,88.0,,,,91.79,13.49,9984.0,528.0,,MIBGAS_Data_2022.xlsx,Trading Data PVB&VTP,5729
2022-02-26,GDAES_D+2,PVB,ES,2022-02-28,2022-02-28,100.0,,100.0,100.0,100.0,,,,100.0,17.42,1500.0,0.0,,MIBGAS_Data_2022.xlsx,Trading Data PVB&VTP,5721
2022-02-27,GDAES_D+2,PVB,ES,2022-03-01,2022-03-01,108.2,,104.0,110.0,104.0,,,,104.0,14.68,3810.0,0.0,,MIBGAS_Data_2022.xlsx,Trading Data PVB&VTP,5713
2022-02-28,GDAES_D+2,PVB,ES,2022-03-02,2022-03-02,103.65,,101.5,108.0,101.01,,,,101.5,11.39,1510.0,0.0,,MIBGAS_Data_2022.xlsx,Trading Data PVB&VTP,5691
2022-03-01,GDAES_D+2,PVB,ES,2022-03-03,2022-03-03,120.0,,120.0,120.0,120.0,,,,120.0,13.73,200.0,0.0,,MIBGAS_Data_2022.xlsx,Trading Data PVB&VTP,5668
2022-03-02,GDAES_D+2,PVB,ES,2022-03-04,2022-03-04,,,,,,,,,,61.93,0.0,0.0,,MIBGAS_Data_2022.xlsx,Trading Data PVB&VTP,5645
2022-03-03,GDAES_D+2,PVB,ES,2022-03-05,2022-03-05,162.92,197.0,160.0,197.0,158.01,,,,160.0,56.96,136.0,8.0,,MIBGAS_Data_2022.xlsx,Trading Data PVB&VTP,5622
2022-03-04,GDAES_D+2,PVB,ES,2022-03-06,2022-03-06,177.97,152.0,195.18,207.0,152.0,,,,195.18,8.85,20728.0,650.0,,MIBGAS_Data_2022.xlsx,Trading Data PVB&VTP,5599
2022-03-05,GDAES_D+2,PVB,ES,2022-03-07,2022-03-07,198.83,199.0,198.82,199.0,193.0,,,,198.82,9.22,103.0,100.0,,MIBGAS_Data_2022.xlsx,Trading Data PVB&VTP,5591
2022-03-06,GDAES_D+2,PVB,ES,2022-03-08,2022-03-08,,,,,,,,,,12.85,0.0,0.0,,MIBGAS_Data_2022.xlsx,Trading Data PVB&VTP,5583
2022-03-07,GDAES_D+2,PVB,ES,2022-03-09,2022-03-09,225.01,250.0,219.95,300.0,215.05,,,,219.95,41.98,1089.0,50.0,,MIBGAS_Data_2022.xlsx,Trading Data PVB&VTP,5560
2022-03-08,GDAES_D+2,PVB,ES,2022-03-10,2022-03-10,195.3,,195.0,230.05,195.0,,,,195.0,19.32,3040.0,0.0,,MIBGAS_Data_2022.xlsx,Trading Data PVB&VTP,5537
2022-03-09,GDAES_D+2,PVB,ES,2022-03-11,2022-03-11,175.44,180.0,,180.0,145.01,,,,,55.68,23.0,20.0,,MIBGAS_Data_2022.xlsx,Trading Data PVB&VTP,5514
2022-03-10,GDAES_D+2,PVB,ES,2022-03-12,2022-03-12,127.64,135.0,116.59,135.0,98.1,,,,116.59,46.15,250.0,200.0,,MIBGAS_Data_2022.xlsx,Trading Data PVB&VTP,5491
2022-03-11,GDAES_D+2,PVB,ES,2022-03-13,2022-03-13,115.15,100.03,119.99,125.1,100.0,,,,119.99,11.53,12284.0,100.0,,MIBGAS_Data_2022.xlsx,Trading Data PVB&VTP,5468
2022-03-12,GDAES_D+2,PVB,ES,2022-03-14,2022-03-14,107.31,,107.0,112.06,107.0,,,,107.0,8.62,213.0,0.0,,MIBGAS_Data_2022.xlsx,Trading Data PVB&VTP,5460
2022-03-13,GDAES_D+2,PVB,ES,2022-03-15,2022-03-15,,,,,,,,,,,0.0,0.0,,MIBGAS_Data_2022.xlsx,Trading Data PVB&VTP,5452
2022-03-14,GDAES_D+2,PVB,ES,2022-03-16,2022-03-16,112.16,112.0,102.88,115.0,90.05,,,,102.88,11.76,1397.0,35.0,,MIBGAS_Data_2022.xlsx,Trading Data PVB&VTP,5429
2022-03-15,GDAES_D+2,PVB,ES,2022-03-17,2022-03-17,108.02,,108.02,110.0,108.0,,,,108.02,6.85,2050.0,0.0,,MIBGAS_Data_2022.xlsx,Trading Data PVB&VTP,5406
2022-03-16,GDAES_D+2,PVB,ES,2022-03-18,2022-03-18,102.04,111.5,98.05,111.5,98.05,,,,98.05,4.67,374.0,3.0,,MIBGAS_Data_2022.xlsx,Trading Data PVB&VTP,5383
2022-03-17,GDAES_D+2,PVB,ES,2022-03-19,2022-03-19,99.91,100.0,99.49,100.0,98.56,,,,99.49,7.07,551.0,500.0,,MIBGAS_Data_2022.xlsx,Trading Data PVB&VTP,5360
2022-03-18,GDAES_D+2,PVB,ES,2022-03-20,2022-03-20,98.45,102.2,98.48,102.2,95.0,,,,98.48,3.82,9160.0,2552.0,,MIBGAS_Data_2022.xlsx,Trading Data PVB&VTP,5337
2022-03-19,GDAES_D+2,PVB,ES,2022-03-21,2022-03-21,91.47,94.74,91.3,94.74,91.3,,,,91.3,4.06,520.0,10.0,,MIBGAS_Data_2022.xlsx,Trading Data PVB&VTP,5329
2022-03-20,GDAES_D+2,PVB,ES,2022-03-22,2022-03-22,,,,,,,,,,5.17,0.0,0.0,,MIBGAS_Data_2022.xlsx,Trading Data PVB&VTP,5321
2022-03-21,GDAES_D+2,PVB,ES,2022-03-23,2022-03-23,96.35,,93.6,97.5,93.05,,,,93.6,3.27,774.0,0.0,,MIBGAS_Data_2022.xlsx,Trading Data PVB&VTP,5298
2022-03-22,GDAES_D+2,PVB,ES,2022-03-24,2022-03-24,94.66,94.0,95.13,95.5,94.0,,,,95.13,3.77,760.0,35.0,,MIBGAS_Data_2022.xlsx,Trading Data PVB&VTP,5275
2022-03-23,GDAES_D+2,PVB,ES,2022-03-25,2022-03-25,104.1,94.0,115.0,115.0,94.0,,,,115.0,7.68,3145.0,45.0,,MIBGAS_Data_2022.xlsx,Trading Data PVB&VTP,5252
2022-03-24,GDAES_D+2,PVB,ES,2022-03-26,2022-03-26,114.24,114.01,104.91,119.0,104.05,,,,104.91,9.93,2002.0,1412.0,,MIBGAS_Data_2022.xlsx,Trading Data PVB&VTP,5229
2022-03-25,GDAES_D+2,PVB,ES,2022-03-27,2022-03-27,100.08,95.16,94.95,105.0,94.5,,,,94.95,3.97,12263.0,1000.0,,MIBGAS_Data_2022.xlsx,Trading Data PVB&VTP,5206
2022-03-26,GDAES_D+2,PVB,ES,2022-03-28,2022-03-28,91.05,94.0,90.74,94.0,90.0,,,,90.74,4.59,3871.0,51.0,,MIBGAS_Data_2022.xlsx,Trading Data PVB&VTP,5198
2022-03-27,GDAES_D+2,PVB,ES,2022-03-29,2022-03-29,,,,,,,,,,4.54,0.0,0.0,,MIBGAS_Data_2022.xlsx,Trading Data PVB&VTP,5190
2022-03-28,GDAES_D+2,PVB,ES,2022-03-30,2022-03-30,100.62,96.0,101.85,102.0,96.0,,,,101.85,5.68,222.0,15.0,,MIBGAS_Data_2022.xlsx,Trading Data PVB&VTP,5168
2022-03-29,GDAES_D+2,PVB,ES,2022-03-31,2022-03-31,104.5,104.5,,104.5,104.5,,,,,,25.0,25.0,,MIBGAS_Data_2022.xlsx,Trading Data PVB&VTP,5146
2022-03-30,GDAES_D+2,PVB,ES,2022-04-01,2022-04-01,113.55,107.0,,119.0,107.0,,,,,13.01,55.0,25.0,,MIBGAS_Data_2022.xlsx,Trading Data PVB&VTP,5124
2022-03-31,GDAES_D+2,PVB,ES,2022-04-02,2022-04-02,,,,,,,,,,,0.0,0.0,,MIBGAS_Data_2022.xlsx,Trading Data PVB&VTP,5104
2022-04-01,GDAES_D+2,PVB,ES,2022-04-03,2022-04-03,114.84,119.01,110.0,123.5,108.55,,,,110.0,3.14,12449.0,1000.0,,MIBGAS_Data_2022.xlsx,Trading Data PVB&VTP,5081
2022-04-02,GDAES_D+2,PVB,ES,2022-04-04,2022-04-04,115.21,,115.5,115.5,115.0,,,,115.5,8.61,3000.0,0.0,,MIBGAS_Data_2022.xlsx,Trading Data PVB&VTP,5073
2022-04-03,GDAES_D+2,PVB,ES,2022-04-05,2022-04-05,,,,,,,,,,7.41,0.0,0.0,,MIBGAS_Data_2022.xlsx,Trading Data PVB&VTP,5065
2022-04-04,GDAES_D+2,PVB,ES,2022-04-06,2022-04-06,105.93,114.0,103.45,114.0,103.25,,,,103.45,7.29,5175.0,15.0,,MIBGAS_Data_2022.xlsx,Trading Data PVB&VTP,5042
2022-04-05,GDAES_D+2,PVB,ES,2022-04-07,2022-04-07,105.4,106.0,106.61,108.0,104.05,,,,106.61,5.2,1151.0,25.0,,MIBGAS_Data_2022.xlsx,Trading Data PVB&VTP,5019
2022-04-06,GDAES_D+2,PVB,ES,2022-04-08,2022-04-08,101.69,102.0,101.14,102.53,100.3,,,,101.14,4.42,5060.0,20.0,,MIBGAS_Data_2022.xlsx,Trading Data PVB&VTP,4996
2022-04-07,GDAES_D+2,PVB,ES,2022-04-09,2022-04-09,99.54,102.0,,102.0,98.05,,,,,9.17,40.0,10.0,,MIBGAS_Data_2022.xlsx,Trading Data PVB&VTP,4973
2022-04-08,GDAES_D+2,PVB,ES,2022-04-10,2022-04-10,96.0,98.24,90.0,99.95,90.0,,,,90.0,3.86,10955.0,3500.0,,MIBGAS_Data_2022.xlsx,Trading Data PVB&VTP,4950
2022-04-09,GDAES_D+2,PVB,ES,2022-04-11,2022-04-11,101.3,,101.3,101.3,101.3,,,,101.3,9.09,709.0,0.0,,MIBGAS_Data_2022.xlsx,Trading Data PVB&VTP,4942
2022-04-10,GDAES_D+2,PVB,ES,2022-04-12,2022-04-12,101.05,,100.0,102.0,100.0,,,,100.0,4.08,5500.0,0.0,,MIBGAS_Data_2022.xlsx,Trading Data PVB&VTP,4934
2022-04-11,GDAES_D+2,PVB,ES,2022-04-13,2022-04-13,92.77,99.0,91.85,99.0,91.5,,,,91.85,1.73,3678.0,15.0,,MIBGAS_Data_2022.xlsx,Trading Data PVB&VTP,4911
2022-04-12,GDAES_D+2,PVB,ES,2022-04-14,2022-04-14,93.49,93.0,93.72,95.0,92.6,,,,93.72,1.34,12577.0,5000.0,,MIBGAS_Data_2022.xlsx,Trading Data PVB&VTP,4888
2022-04-13,GDAES_D+2,PVB,ES,2022-04-15,2022-04-15,92.71,92.0,92.76,93.15,91.0,,,,92.76,0.68,12121.0,1328.0,,MIBGAS_Data_2022.xlsx,Trading Data PVB&VTP,4859
2022-04-14,GDAES_D+2,PVB,ES,2022-04-16,2022-04-16,81.47,90.0,70.0,92.0,70.0,,,,70.0,8.02,14218.0,5000.0,,MIBGAS_Data_2022.xlsx,Trading Data PVB&VTP,4832
2022-04-15,GDAES_D+2,PVB,ES,2022-04-17,2022-04-17,72.54,,73.0,73.0,71.0,,,,73.0,6.71,65.0,0.0,,MIBGAS_Data_2022.xlsx,Trading Data PVB&VTP,4822
2022-04-16,GDAES_D+2,PVB,ES,2022-04-18,2022-04-18,76.9,,,76.9,76.9,,,,,14.41,30.0,0.0,,MIBGAS_Data_2022.xlsx,Trading Data PVB&VTP,4814
2022-04-17,GDAES_D+2,PVB,ES,2022-04-19,2022-04-19,68.64,,64.0,71.5,64.0,,,,64.0,4.14,9138.0,0.0,,MIBGAS_Data_2022.xlsx,Trading Data PVB&VTP,4806
2022-04-18,GDAES_D+2,PVB,ES,2022-04-20,2022-04-20,60.98,75.0,65.0,75.0,56.5,,,,65.0,15.61,11230.0,7.0,,MIBGAS_Data_2022.xlsx,Trading Data PVB&VTP,4796
2022-04-19,GDAES_D+2,PVB,ES,2022-04-21,2022-04-21,73.71,65.0,74.75,74.75,65.0,,,,74.75,15.49,1550.0,50.0,,MIBGAS_Data_2022.xlsx,Trading Data PVB&VTP,4773
2022-04-20,GDAES_D+2,PVB,ES,2022-04-22,2022-04-22,79.03,78.0,80.7,84.0,78.0,,,,80.7,6.34,263.0,218.0,,MIBGAS_Data_2022.xlsx,Trading Data PVB&VTP,4750
2022-04-21,GDAES_D+2,PVB,ES,2022-04-23,2022-04-23,85.6,84.0,86.05,86.05,84.0,,,,86.05,4.85,1402.0,2.0,,MIBGAS_Data_2022.xlsx,Trading Data PVB&VTP,4727
2022-04-22,GDAES_D+2,PVB,ES,2022-04-24,2022-04-24,75.1,87.0,61.01,87.0,61.0,,,,61.01,5.65,14709.0,2000.0,,MIBGAS_Data_2022.xlsx,Trading Data PVB&VTP,4704
2022-04-23,GDAES_D+2,PVB,ES,2022-04-25,2022-04-25,80.61,78.0,85.5,85.5,78.0,,,,85.5,12.59,8900.0,4000.0,,MIBGAS_Data_2022.xlsx,Trading Data PVB&VTP,4696
2022-04-24,GDAES_D+2,PVB,ES,2022-04-26,2022-04-26,88.84,,87.69,90.0,87.69,,,,87.69,12.72,10500.0,0.0,,MIBGAS_Data_2022.xlsx,Trading Data PVB&VTP,4688
2022-04-25,GDAES_D+2,PVB,ES,2022-04-27,2022-04-27,83.94,85.89,80.5,87.0,80.5,,,,80.5,3.71,9335.0,1110.0,,MIBGAS_Data_2022.xlsx,Trading Data PVB&VTP,4665
2022-04-26,GDAES_D+2,PVB,ES,2022-04-28,2022-04-28,79.74,83.0,82.5,83.0,77.5,,,,82.5,5.55,5167.0,57.0,,MIBGAS_Data_2022.xlsx,Trading Data PVB&VTP,4642
2022-04-27,GDAES_D+2,PVB,ES,2022-04-29,2022-04-29,87.49,90.0,87.2,90.0,86.5,,,,87.2,9.29,3650.0,100.0,,MIBGAS_Data_2022.xlsx,Trading Data PVB&VTP,4620
2022-04-28,GDAES_D+2,PVB,ES,2022-04-30,2022-04-30,79.68,84.0,77.5,84.0,77.0,,,,77.5,5.36,3032.0,10.0,,MIBGAS_Data_2022.xlsx,Trading Data PVB&VTP,4598
2022-04-29,GDAES_D+2,PVB,ES,2022-05-01,2022-05-01,74.53,78.0,74.2,80.0,71.6,,,,74.2,4.07,25143.0,345.0,,MIBGAS_Data_2022.xlsx,Trading Data PVB&VTP,4574
2022-04-30,GDAES_D+2,PVB,ES,2022-05-02,2022-05-02,77.45,,77.0,77.6,77.0,,,,77.0,14.13,3800.0,0.0,,MIBGAS_Data_2022.xlsx,Trading Data PVB&VTP,4566
2022-05-01,GDAES_D+2,PVB,ES,2022-05-03,2022-05-03,80.22,,81.0,81.0,80.0,,,,81.0,7.05,4500.0,0.0,,MIBGAS_Data_2022.xlsx,Trading Data PVB&VTP,4558
2022-05-02,GDAES_D+2,PVB,ES,2022-05-04,2022-05-04,80.47,79.0,82.6,82.75,77.05,,,,82.6,6.85,6618.0,60.0,,MIBGAS_Data_2022.xlsx,Trading Data PVB&VTP,4535
2022-05-03,GDAES_D+2,PVB,ES,2022-05-05,2022-05-05,82.65,84.0,80.25,85.0,80.0,,,,80.25,3.07,7887.0,4200.0,,MIBGAS_Data_2022.xlsx,Trading Data PVB&VTP,4512
2022-05-04,GDAES_D+2,PVB,ES,2022-05-06,2022-05-06,84.01,83.3,81.53,85.5,81.0,,,,81.53,2.26,7849.0,4.0,,MIBGAS_Data_2022.xlsx,Trading Data PVB&VTP,4489
2022-05-05,GDAES_D+2,PVB,ES,2022-05-07,2022-05-07,84.55,,,85.05,84.05,,,,,4.54,10.0,0.0,,MIBGAS_Data_2022.xlsx,Trading Data PVB&VTP,4466
2022-05-06,GDAES_D+2,PVB,ES,2022-05-08,2022-05-08,79.3,82.5,77.0,82.5,73.0,,,,77.0,2.8,19263.0,3018.0,,MIBGAS_Data_2022.xlsx,Trading Data PVB&VTP,4443
2022-05-07,GDAES_D+2,PVB,ES,2022-05-09,2022-05-09,79.51,74.0,79.92,81.0,74.0,,,,79.92,9.75,8230.0,500.0,,MIBGAS_Data_2022.xlsx,Trading Data PVB&VTP,4435
2022-05-08,GDAES_D+2,PVB,ES,2022-05-10,2022-05-10,83.8,,84.0,84.0,82.0,,,,84.0,6.74,5000.0,0.0,,MIBGAS_Data_2022.xlsx,Trading Data PVB&VTP,4427
2022-05-09,GDAES_D+2,PVB,ES,2022-05-11,2022-05-11,79.72,84.0,73.0,84.0,73.0,,,,73.0,4.9,13218.0,52.0,,MIBGAS_Data_2022.xlsx,Trading Data PVB&VTP,4404
2022-05-10,GDAES_D+2,PVB,ES,2022-05-12,2022-05-12,70.83,73.89,67.92,73.89,66.0,,,,67.92,6.87,8587.0,66.0,,MIBGAS_Data_2022.xlsx,Trading Data PVB&VTP,4381
2022-05-11,GDAES_D+2,PVB,ES,2022-05-13,2022-05-13,69.87,71.13,69.15,71.13,69.0,,,,69.15,8.52,4050.0,1500.0,,MIBGAS_Data_2022.xlsx,Trading Data PVB&VTP,4358
2022-05-12,GDAES_D+2,PVB,ES,2022-05-14,2022-05-14,81.94,73.0,82.0,82.0,73.0,,,,82.0,10.38,779.0,5.0,,MIBGAS_Data_2022.xlsx,Trading Data PVB&VTP,4335
2022-05-13,GDAES_D+2,PVB,ES,2022-05-15,2022-05-15,72.83,77.0,70.3,77.0,69.0,,,,70.3,3.96,21306.0,3050.0,,MIBGAS_Data_2022.xlsx,Trading Data PVB&VTP,4310
2022-05-14,GDAES_D+2,PVB,ES,2022-05-16,2022-05-16,74.14,75.0,74.0,75.0,73.74,,,,74.0,6.02,1700.0,30.0,,MIBGAS_Data_2022.xlsx,Trading Data PVB&VTP,4302
2022-05-15,GDAES_D+2,PVB,ES,2022-05-17,2022-05-17,,,,,,,,,,16.36,0.0,0.0,,MIBGAS_Data_2022.xlsx,Trading Data PVB&VTP,4294
2022-05-16,GDAES_D+2,PVB,ES,2022-05-18,2022-05-18,72.25,77.95,71.23,77.95,70.0,,,,71.23,12.94,7995.0,55.0,,MIBGAS_Data_2022.xlsx,Trading Data PVB&VTP,4271
2022-05-17,GDAES_D+2,PVB,ES,2022-05-19,2022-05-19,72.24,72.7,,72.7,72.05,,,,,10.85,7.0,2.0,,MIBGAS_Data_2022.xlsx,Trading Data PVB&VTP,4248
2022-05-18,GDAES_D+2,PVB,ES,2022-05-20,2022-05-20,76.5,73.5,76.5,76.5,73.5,,,,76.5,7.34,1801.0,1.0,,MIBGAS_Data_2022.xlsx,Trading Data PVB&VTP,4225
2022-05-19,GDAES_D+2,PVB,ES,2022-05-21,2022-05-21,74.34,74.97,73.7,74.97,73.7,,,,73.7,10.01,1002.0,502.0,,MIBGAS_Data_2022.xlsx,Trading Data PVB&VTP,4202
2022-05-20,GDAES_D+2,PVB,ES,2022-05-22,2022-05-22,70.67,69.0,69.19,72.8,68.5,,,,69.19,1.91,23922.0,3896.0,,MIBGAS_Data_2022.xlsx,Trading Data PVB&VTP,4179
2022-05-21,GDAES_D+2,PVB,ES,2022-05-23,2022-05-23,74.94,,76.0,76.0,73.0,,,,76.0,2.28,4500.0,0.0,,MIBGAS_Data_2022.xlsx,Trading Data PVB&VTP,4171
2022-05-22,GDAES_D+2,PVB,ES,2022-05-24,2022-05-24,,,,,,,,,,,0.0,0.0,,MIBGAS_Data_2022.xlsx,Trading Data PVB&VTP,4163
2022-05-23,GDAES_D+2,PVB,ES,2022-05-25,2022-05-25,75.0,77.0,74.92,77.0,73.01,,,,74.92,5.03,104.0,51.0,,MIBGAS_Data_2022.xlsx,Trading Data PVB&VTP,4140
2022-05-24,GDAES_D+2,PVB,ES,2022-05-26,2022-05-26,75.0,75.0,75.0,75.0,75.0,,,,75.0,2.71,61.0,61.0,,MIBGAS_Data_2022.xlsx,Trading Data PVB&VTP,4117
2022-05-25,GDAES_D+2,PVB,ES,2022-05-27,2022-05-27,75.61,75.5,75.25,76.0,75.25,,,,75.25,5.64,4810.0,5.0,,MIBGAS_Data_2022.xlsx,Trading Data PVB&VTP,4094
2022-05-26,GDAES_D+2,PVB,ES,2022-05-28,2022-05-28,76.21,,,77.0,76.05,,,,,4.37,6.0,0.0,,MIBGAS_Data_2022.xlsx,Trading Data PVB&VTP,4071
2022-05-27,GDAES_D+2,PVB,ES,2022-05-29,2022-05-29,69.48,67.25,71.19,72.5,67.25,,,,71.19,3.43,26051.0,4000.0,,MIBGAS_Data_2022.xlsx,Trading Data PVB&VTP,4048
2022-05-28,GDAES_D+2,PVB,ES,2022-05-30,2022-05-30,74.35,70.05,77.9,77.9,70.05,,,,77.9,4.77,10198.0,1000.0,,MIBGAS_Data_2022.xlsx,Trading Data PVB&VTP,4040
2022-05-29,GDAES_D+2,PVB,ES,2022-05-31,2022-05-31,81.21,,80.7,82.0,80.7,,,,80.7,3.61,9000.0,0.0,,MIBGAS_Data_2022.xlsx,Trading Data PVB&VTP,4032
2022-05-30,GDAES_D+2,PVB,ES,2022-06-01,2022-06-01,78.57,80.0,78.5,80.0,78.4,,,,78.5,3.18,1054.0,2.0,,MIBGAS_Data_2022.xlsx,Trading Data PVB&VTP,4010
2022-05-31,GDAES_D+2,PVB,ES,2022-06-02,2022-06-02,,,,,,,,,,4.42,0.0,0.0,,MIBGAS_Data_2022.xlsx,Trading Data PVB&VTP,3988
2022-06-01,GDAES_D+2,PVB,ES,2022-06-03,2022-06-03,77.07,82.0,70.55,82.0,70.0,,,,70.55,4.63,13983.0,4010.0,,MIBGAS_Data_2022.xlsx,Trading Data PVB&VTP,3961
2022-06-02,GDAES_D+2,PVB,ES,2022-06-04,2022-06-04,73.63,75.98,73.04,75.98,73.0,,,,73.04,6.97,257.0,1.0,,MIBGAS_Data_2022.xlsx,Trading Data PVB&VTP,3938
2022-06-03,GDAES_D+2,PVB,ES,2022-06-05,2022-06-05,73.75,74.75,73.72,74.85,72.55,,,,73.72,2.69,57761.0,480.0,,MIBGAS_Data_2022.xlsx,Trading Data PVB&VTP,3917
2022-06-04,GDAES_D+2,PVB,ES,2022-06-06,2022-06-06,76.0,75.99,76.0,76.0,75.99,,,,76.0,4.8,4500.0,2000.0,,MIBGAS_Data_2022.xlsx,Trading Data PVB&VTP,3909
2022-06-05,GDAES_D+2,PVB,ES,2022-06-07,2022-06-07,,,,,,,,,,5.28,0.0,0.0,,MIBGAS_Data_2022.xlsx,Trading Data PVB&VTP,3901
2022-06-06,GDAES_D+2,PVB,ES,2022-06-08,2022-06-08,74.54,81.0,74.48,81.0,74.05,,,,74.48,8.29,940.0,2.0,,MIBGAS_Data_2022.xlsx,Trading Data PVB&VTP,3878
2022-06-07,GDAES_D+2,PVB,ES,2022-06-09,2022-06-09,71.52,73.0,72.35,73.0,70.5,,,,72.35,7.7,11942.0,105.0,,MIBGAS_Data_2022.xlsx,Trading Data PVB&VTP,3855
2022-06-08,GDAES_D+2,PVB,ES,2022-06-10,2022-06-10,72.01,74.0,72.0,74.0,72.0,,,,72.0,3.34,1165.0,5.0,,MIBGAS_Data_2022.xlsx,Trading Data PVB&VTP,3832
2022-06-09,GDAES_D+2,PVB,ES,2022-06-11,2022-06-11,80.0,80.0,80.0,80.0,80.0,,,,80.0,5.69,2010.0,2010.0,,MIBGAS_Data_2022.xlsx,Trading Data PVB&VTP,3809
2022-06-10,GDAES_D+2,PVB,ES,2022-06-12,2022-06-12,78.2,75.5,74.89,79.3,70.0,,,,74.89,4.43,17329.0,2000.0,,MIBGAS_Data_2022.xlsx,Trading Data PVB&VTP,3786
2022-06-11,GDAES_D+2,PVB,ES,2022-06-13,2022-06-13,76.67,,76.46,78.99,75.05,,,,76.46,8.28,2505.0,0.0,,MIBGAS_Data_2022.xlsx,Trading Data PVB&VTP,3778
2022-06-12,GDAES_D+2,PVB,ES,2022-06-14,2022-06-14,80.12,,79.81,81.0,78.5,,,,79.81,5.47,7400.0,0.0,,MIBGAS_Data_2022.xlsx,Trading Data PVB&VTP,3770
2022-06-13,GDAES_D+2,PVB,ES,2022-06-15,2022-06-15,79.93,77.0,80.89,82.5,77.0,,,,80.89,2.66,8202.0,17.0,,MIBGAS_Data_2022.xlsx,Trading Data PVB&VTP,3747
2022-06-14,GDAES_D+2,PVB,ES,2022-06-16,2022-06-16,84.64,79.0,91.85,91.85,79.0,,,,91.85,2.54,14827.0,55.0,,MIBGAS_Data_2022.xlsx,Trading Data PVB&VTP,3724
2022-06-15,GDAES_D+2,PVB,ES,2022-06-17,2022-06-17,96.96,93.0,105.96,110.0,93.0,,,,105.96,2.01,21443.0,5008.0,,MIBGAS_Data_2022.xlsx,Trading Data PVB&VTP,3701
2022-06-16,GDAES_D+2,PVB,ES,2022-06-18,2022-06-18,112.48,102.0,124.96,125.0,102.0,,,,124.96,4.83,594.0,100.0,,MIBGAS_Data_2022.xlsx,Trading Data PVB&VTP,3678
2022-06-17,GDAES_D+2,PVB,ES,2022-06-19,2022-06-19,107.39,105.02,108.14,117.5,101.0,,,,108.14,5.94,12648.0,1200.0,,MIBGAS_Data_2022.xlsx,Trading Data PVB&VTP,3655
2022-06-18,GDAES_D+2,PVB,ES,2022-06-20,2022-06-20,109.0,109.0,109.0,109.0,109.0,,,,109.0,13.22,2000.0,2000.0,,MIBGAS_Data_2022.xlsx,Trading Data PVB&VTP,3647
2022-06-19,GDAES_D+2,PVB,ES,2022-06-21,2022-06-21,,,,,,,,,,9.81,0.0,0.0,,MIBGAS_Data_2022.xlsx,Trading Data PVB&VTP,3639
2022-06-20,GDAES_D+2,PVB,ES,2022-06-22,2022-06-22,113.94,116.0,113.67,116.0,113.0,,,,113.67,6.13,850.0,100.0,,MIBGAS_Data_2022.xlsx,Trading Data PVB&VTP,3616
2022-06-21,GDAES_D+2,PVB,ES,2022-06-23,2022-06-23,114.49,111.0,114.0,115.1,111.0,,,,114.0,2.99,6711.0,11.0,,MIBGAS_Data_2022.xlsx,Trading Data PVB&VTP,3593
2022-06-22,GDAES_D+2,PVB,ES,2022-06-24,2022-06-24,117.68,117.81,117.07,120.0,115.25,,,,117.07,5.8,10334.0,1259.0,,MIBGAS_Data_2022.xlsx,Trading Data PVB&VTP,3570
2022-06-23,GDAES_D+2,PVB,ES,2022-06-25,2022-06-25,120.6,118.02,121.0,123.0,118.02,,,,121.0,6.41,1760.0,300.0,,MIBGAS_Data_2022.xlsx,Trading Data PVB&VTP,3547
2022-06-24,GDAES_D+2,PVB,ES,2022-06-26,2022-06-26,116.09,117.0,113.37,117.5,109.0,,,,113.37,7.61,8807.0,2013.0,,MIBGAS_Data_2022.xlsx,Trading Data PVB&VTP,3524
2022-06-25,GDAES_D+2,PVB,ES,2022-06-27,2022-06-27,119.45,,120.96,121.0,117.0,,,,120.96,4.06,6245.0,0.0,,MIBGAS_Data_2022.xlsx,Trading Data PVB&VTP,3516
2022-06-26,GDAES_D+2,PVB,ES,2022-06-28,2022-06-28,,,,,,,,,,4.82,0.0,0.0,,MIBGAS_Data_2022.xlsx,Trading Data PVB&VTP,3508
2022-06-27,GDAES_D+2,PVB,ES,2022-06-29,2022-06-29,117.27,122.0,117.0,122.0,117.0,,,,117.0,3.74,3200.0,100.0,,MIBGAS_Data_2022.xlsx,Trading Data PVB&VTP,3486
2022-06-28,GDAES_D+2,PVB,ES,2022-06-30,2022-06-30,115.9,116.11,115.0,117.0,114.5,,,,115.0,3.91,3551.0,1100.0,,MIBGAS_Data_2022.xlsx,Trading Data PVB&VTP,3464
2022-06-29,GDAES_D+2,PVB,ES,2022-07-01,2022-07-01,117.36,117.5,117.9,121.95,115.6,,,,117.9,2.56,6550.0,2003.0,,MIBGAS_Data_2022.xlsx,Trading Data PVB&VTP,3442
2022-06-30,GDAES_D+2,PVB,ES,2022-07-02,2022-07-02,121.83,122.0,121.0,125.5,115.0,,,,121.0,3.91,4600.0,2000.0,,MIBGAS_Data_2022.xlsx,Trading Data PVB&VTP,3421
2022-07-01,GDAES_D+2,PVB,ES,2022-07-03,2022-07-03,121.12,124.0,118.13,126.0,117.4,,,,118.13,3.28,13865.0,700.0,,MIBGAS_Data_2022.xlsx,Trading Data PVB&VTP,3398
2022-07-02,GDAES_D+2,PVB,ES,2022-07-04,2022-07-04,123.95,120.5,128.5,129.0,120.5,,,,128.5,4.03,9417.0,2000.0,,MIBGAS_Data_2022.xlsx,Trading Data PVB&VTP,3390
2022-07-03,GDAES_D+2,PVB,ES,2022-07-05,2022-07-05,133.4,125.0,137.0,137.0,125.0,,,,137.0,1.27,5180.0,200.0,,MIBGAS_Data_2022.xlsx,Trading Data PVB&VTP,3382
2022-07-04,GDAES_D+2,PVB,ES,2022-07-06,2022-07-06,136.3,134.0,137.19,137.95,131.99,,,,137.19,1.06,10505.0,1000.0,,MIBGAS_Data_2022.xlsx,Trading Data PVB&VTP,3359
2022-07-05,GDAES_D+2,PVB,ES,2022-07-07,2022-07-07,141.16,136.0,141.79,147.0,136.0,,,,141.79,4.35,2400.0,400.0,,MIBGAS_Data_2022.xlsx,Trading Data PVB&VTP,3336
2022-07-06,GDAES_D+2,PVB,ES,2022-07-08,2022-07-08,142.22,139.0,145.27,146.6,136.0,,,,145.27,2.44,20609.0,9.0,,MIBGAS_Data_2022.xlsx,Trading Data PVB&VTP,3313
2022-07-07,GDAES_D+2,PVB,ES,2022-07-09,2022-07-09,151.53,142.0,153.97,156.0,142.0,,,,153.97,5.83,3317.0,300.0,,MIBGAS_Data_2022.xlsx,Trading Data PVB&VTP,3290
2022-07-08,GDAES_D+2,PVB,ES,2022-07-10,2022-07-10,145.53,150.0,131.5,151.05,130.0,,,,131.5,2.01,35440.0,6009.0,,MIBGAS_Data_2022.xlsx,Trading Data PVB&VTP,3267
2022-07-09,GDAES_D+2,PVB,ES,2022-07-11,2022-07-11,138.37,130.15,143.75,144.0,130.15,,,,143.75,3.68,20005.0,5000.0,,MIBGAS_Data_2022.xlsx,Trading Data PVB&VTP,3259
2022-07-10,GDAES_D+2,PVB,ES,2022-07-12,2022-07-12,146.08,148.0,146.0,148.0,145.1,,,,146.0,2.33,5900.0,900.0,,MIBGAS_Data_2022.xlsx,Trading Data PVB&VTP,3251
2022-07-11,GDAES_D+2,PVB,ES,2022-07-13,2022-07-13,143.06,145.0,139.7,146.0,132.0,,,,139.7,2.14,17020.0,300.0,,MIBGAS_Data_2022.xlsx,Trading Data PVB&VTP,3228
2022-07-12,GDAES_D+2,PVB,ES,2022-07-14,2022-07-14,140.43,145.0,139.44,145.0,138.5,,,,139.44,2.74,9815.0,800.0,,MIBGAS_Data_2022.xlsx,Trading Data PVB&VTP,3205
2022-07-13,GDAES_D+2,PVB,ES,2022-07-15,2022-07-15,146.64,144.5,146.99,149.8,142.0,,,,146.99,0.66,20598.0,1637.0,,MIBGAS_Data_2022.xlsx,Trading Data PVB&VTP,3182
2022-07-14,GDAES_D+2,PVB,ES,2022-07-16,2022-07-16,137.98,140.0,122.4,140.0,122.0,,,,122.4,2.99,2615.0,5.0,,MIBGAS_Data_2022.xlsx,Trading Data PVB&VTP,3159
2022-07-15,GDAES_D+2,PVB,ES,2022-07-17,2022-07-17,105.24,132.75,97.0,132.75,97.0,,,,97.0,7.21,17003.0,300.0,,MIBGAS_Data_2022.xlsx,Trading Data PVB&VTP,3136
2022-07-16,GDAES_D+2,PVB,ES,2022-07-18,2022-07-18,94.92,96.0,94.9,96.0,93.0,,,,94.9,5.07,13500.0,2000.0,,MIBGAS_Data_2022.xlsx,Trading Data PVB&VTP,3128
2022-07-17,GDAES_D+2,PVB,ES,2022-07-19,2022-07-19,94.27,,100.0,100.0,93.5,,,,100.0,7.45,2226.0,0.0,,MIBGAS_Data_2022.xlsx,Trading Data PVB&VTP,3120
2022-07-18,GDAES_D+2,PVB,ES,2022-07-20,2022-07-20,108.74,101.0,106.68,112.5,101.0,,,,106.68,5.28,4503.0,100.0,,MIBGAS_Data_2022.xlsx,Trading Data PVB&VTP,3097
2022-07-19,GDAES_D+2,PVB,ES,2022-07-21,2022-07-21,112.46,105.0,111.72,116.0,105.0,,,,111.72,2.92,5782.0,200.0,,MIBGAS_Data_2022.xlsx,Trading Data PVB&VTP,3074
2022-07-20,GDAES_D+2,PVB,ES,2022-07-22,2022-07-22,115.09,111.0,116.0,116.0,111.0,,,,116.0,1.27,1735.0,100.0,,MIBGAS_Data_2022.xlsx,Trading Data PVB&VTP,3051
2022-07-21,GDAES_D+2,PVB,ES,2022-07-23,2022-07-23,119.65,110.34,127.0,127.0,110.34,,,,127.0,3.94,4186.0,500.0,,MIBGAS_Data_2022.xlsx,Trading Data PVB&VTP,3028
2022-07-22,GDAES_D+2,PVB,ES,2022-07-24,2022-07-24,126.46,128.0,112.0,128.5,112.0,,,,112.0,1.97,21822.0,250.0,,MIBGAS_Data_2022.xlsx,Trading Data PVB&VTP,3003
2022-07-23,GDAES_D+2,PVB,ES,2022-07-25,2022-07-25,122.22,116.0,127.0,127.0,116.0,,,,127.0,2.94,14503.0,2000.0,,MIBGAS_Data_2022.xlsx,Trading Data PVB&VTP,2995
2022-07-24,GDAES_D+2,PVB,ES,2022-07-26,2022-07-26,132.69,128.0,134.5,134.5,128.0,,,,134.5,4.35,900.0,250.0,,MIBGAS_Data_2022.xlsx,Trading Data PVB&VTP,2987
2022-07-25,GDAES_D+2,PVB,ES,2022-07-27,2022-07-27,128.05,130.0,122.8,133.0,120.0,,,,122.8,5.09,34441.0,486.0,,MIBGAS_Data_2022.xlsx,Trading Data PVB&VTP,2964
2022-07-26,GDAES_D+2,PVB,ES,2022-07-28,2022-07-28,135.11,129.0,140.23,140.0,129.0,,,,140.23,2.95,4184.0,281.0,,MIBGAS_Data_2022.xlsx,Trading Data PVB&VTP,2941
2022-07-27,GDAES_D+2,PVB,ES,2022-07-29,2022-07-29,146.03,150.0,138.73,150.0,134.4,,,,138.73,5.03,23749.0,1036.0,,MIBGAS_Data_2022.xlsx,Trading Data PVB&VTP,2918
2022-07-28,GDAES_D+2,PVB,ES,2022-07-30,2022-07-30,138.13,140.03,136.0,140.03,136.0,,,,136.0,3.08,3003.0,500.0,,MIBGAS_Data_2022.xlsx,Trading Data PVB&VTP,2896
2022-07-29,GDAES_D+2,PVB,ES,2022-07-31,2022-07-31,112.88,125.0,104.96,128.0,99.5,,,,104.96,9.29,26423.0,9.0,,MIBGAS_Data_2022.xlsx,Trading Data PVB&VTP,2874
2022-07-30,GDAES_D+2,PVB,ES,2022-08-01,2022-08-01,110.59,114.0,110.84,114.0,109.5,,,,110.84,9.93,12274.0,1174.0,,MIBGAS_Data_2022.xlsx,Trading Data PVB&VTP,2866
2022-07-31,GDAES_D+2,PVB,ES,2022-08-02,2022-08-02,124.15,125.0,126.0,126.0,118.8,,,,126.0,5.73,12500.0,1000.0,,MIBGAS_Data_2022.xlsx,Trading Data PVB&VTP,2858
2022-08-01,GDAES_D+2,PVB,ES,2022-08-03,2022-08-03,124.9,125.0,126.14,127.5,123.3,,,,126.14,2.82,4102.0,2.0,,MIBGAS_Data_2022.xlsx,Trading Data PVB&VTP,2835
2022-08-02,GDAES_D+2,PVB,ES,2022-08-04,2022-08-04,129.08,,127.8,134.0,126.5,,,,127.8,3.54,13701.0,0.0,,MIBGAS_Data_2022.xlsx,Trading Data PVB&VTP,2812
2022-08-03,GDAES_D+2,PVB,ES,2022-08-05,2022-08-05,132.14,,131.21,140.0,130.0,,,,131.21,5.3,4856.0,0.0,,MIBGAS_Data_2022.xlsx,Trading Data PVB&VTP,2789
2022-08-04,GDAES_D+2,PVB,ES,2022-08-06,2022-08-06,128.72,122.0,130.5,130.5,122.0,,,,130.5,11.04,1303.0,2.0,,MIBGAS_Data_2022.xlsx,Trading Data PVB&VTP,2766
2022-08-05,GDAES_D+2,PVB,ES,2022-08-07,2022-08-07,127.31,129.96,126.17,129.96,121.5,,,,126.17,1.59,42403.0,3.0,,MIBGAS_Data_2022.xlsx,Trading Data PVB&VTP,2743
2022-08-06,GDAES_D+2,PVB,ES,2022-08-08,2022-08-08,121.06,,121.11,121.13,121.0,,,,121.11,5.58,7880.0,0.0,,MIBGAS_Data_2022.xlsx,Trading Data PVB&VTP,2735
2022-08-07,GDAES_D+2,PVB,ES,2022-08-09,2022-08-09,130.0,,130.0,130.0,130.0,,,,130.0,12.23,4000.0,0.0,,MIBGAS_Data_2022.xlsx,Trading Data PVB&VTP,2727
2022-08-08,GDAES_D+2,PVB,ES,2022-08-10,2022-08-10,126.65,130.0,124.62,131.1,123.0,,,,124.62,2.31,10796.0,2.0,,MIBGAS_Data_2022.xlsx,Trading Data PVB&VTP,2704
2022-08-09,GDAES_D+2,PVB,ES,2022-08-11,2022-08-11,125.46,,124.19,128.0,123.2,,,,124.19,2.22,6912.0,0.0,,MIBGAS_Data_2022.xlsx,Trading Data PVB&VTP,2681
2022-08-10,GDAES_D+2,PVB,ES,2022-08-12,2022-08-12,136.65,120.0,139.0,140.6,120.0,,,,139.0,3.64,8477.0,100.0,,MIBGAS_Data_2022.xlsx,Trading Data PVB&VTP,2658
2022-08-11,GDAES_D+2,PVB,ES,2022-08-13,2022-08-13,143.46,130.0,144.0,144.0,130.0,,,,144.0,14.17,520.0,20.0,,MIBGAS_Data_2022.xlsx,Trading Data PVB&VTP,2635
2022-08-12,GDAES_D+2,PVB,ES,2022-08-14,2022-08-14,141.53,144.0,142.48,145.0,139.0,,,,142.48,1.57,24696.0,10.0,,MIBGAS_Data_2022.xlsx,Trading Data PVB&VTP,2610
2022-08-13,GDAES_D+2,PVB,ES,2022-08-15,2022-08-15,146.69,139.0,147.14,149.0,139.0,,,,147.14,3.0,15175.0,824.0,,MIBGAS_Data_2022.xlsx,Trading Data PVB&VTP,2602
2022-08-14,GDAES_D+2,PVB,ES,2022-08-16,2022-08-16,149.75,152.0,148.0,152.0,148.0,,,,148.0,3.63,4510.0,1299.0,,MIBGAS_Data_2022.xlsx,Trading Data PVB&VTP,2594
2022-08-15,GDAES_D+2,PVB,ES,2022-08-17,2022-08-17,149.16,151.0,149.0,151.0,149.0,,,,149.0,2.58,11915.0,600.0,,MIBGAS_Data_2022.xlsx,Trading Data PVB&VTP,2571
2022-08-16,GDAES_D+2,PVB,ES,2022-08-18,2022-08-18,157.05,147.0,155.0,166.75,147.0,,,,155.0,2.6,33879.0,100.0,,MIBGAS_Data_2022.xlsx,Trading Data PVB&VTP,2548
2022-08-17,GDAES_D+2,PVB,ES,2022-08-19,2022-08-19,159.4,154.0,149.05,161.2,149.05,,,,149.05,3.4,7994.0,5.0,,MIBGAS_Data_2022.xlsx,Trading Data PVB&VTP,2525
2022-08-18,GDAES_D+2,PVB,ES,2022-08-20,2022-08-20,158.22,153.5,160.0,160.0,153.5,,,,160.0,5.39,679.0,6.0,,MIBGAS_Data_2022.xlsx,Trading Data PVB&VTP,2502
2022-08-19,GDAES_D+2,PVB,ES,2022-08-21,2022-08-21,166.12,157.0,169.66,172.0,156.6,,,,169.66,2.89,16077.0,900.0,,MIBGAS_Data_2022.xlsx,Trading Data PVB&VTP,2479
2022-08-20,GDAES_D+2,PVB,ES,2022-08-22,2022-08-22,181.01,,187.0,187.0,174.95,,,,187.0,5.4,3027.0,0.0,,MIBGAS_Data_2022.xlsx,Trading Data PVB&VTP,2471
2022-08-21,GDAES_D+2,PVB,ES,2022-08-23,2022-08-23,,,,,,,,,,,0.0,0.0,,MIBGAS_Data_2022.xlsx,Trading Data PVB&VTP,2463
2022-08-22,GDAES_D+2,PVB,ES,2022-08-24,2022-08-24,208.54,190.0,205.0,214.25,190.0,,,,205.0,3.92,19462.0,2.0,,MIBGAS_Data_2022.xlsx,Trading Data PVB&VTP,2440
2022-08-23,GDAES_D+2,PVB,ES,2022-08-25,2022-08-25,203.82,210.0,198.09,210.0,194.0,,,,198.09,5.17,14021.0,9.0,,MIBGAS_Data_2022.xlsx,Trading Data PVB&VTP,2417
2022-08-24,GDAES_D+2,PVB,ES,2022-08-26,2022-08-26,205.33,201.0,211.75,211.75,198.0,,,,211.75,4.56,10360.0,500.0,,MIBGAS_Data_2022.xlsx,Trading Data PVB&VTP,2394
2022-08-25,GDAES_D+2,PVB,ES,2022-08-27,2022-08-27,226.91,205.0,230.3,230.3,205.0,,,,230.3,5.82,17506.0,500.0,,MIBGAS_Data_2022.xlsx,Trading Data PVB&VTP,2371
2022-08-26,GDAES_D+2,PVB,ES,2022-08-28,2022-08-28,219.11,215.0,205.0,227.0,199.0,,,,205.0,1.56,23002.0,202.0,,MIBGAS_Data_2022.xlsx,Trading Data PVB&VTP,2346
2022-08-27,GDAES_D+2,PVB,ES,2022-08-29,2022-08-29,210.56,201.0,218.0,218.0,201.0,,,,218.0,3.43,11750.0,1000.0,,MIBGAS_Data_2022.xlsx,Trading Data PVB&VTP,2338
2022-08-28,GDAES_D+2,PVB,ES,2022-08-30,2022-08-30,228.75,220.0,232.0,233.95,220.0,,,,232.0,4.27,15500.0,3500.0,,MIBGAS_Data_2022.xlsx,Trading Data PVB&VTP,2330
2022-08-29,GDAES_D+2,PVB,ES,2022-08-31,2022-08-31,229.55,235.0,223.59,238.0,210.1,,,,223.59,7.77,2432.0,1.0,,MIBGAS_Data_2022.xlsx,Trading Data PVB&VTP,2308
2022-08-30,GDAES_D+2,PVB,ES,2022-09-01,2022-09-01,211.97,233.0,198.13,235.0,190.0,,,,198.13,7.02,14006.0,1005.0,,MIBGAS_Data_2022.xlsx,Trading Data PVB&VTP,2286
2022-08-31,GDAES_D+2,PVB,ES,2022-09-02,2022-09-02,187.02,,174.76,208.0,173.01,,,,174.76,11.29,11538.0,0.0,,MIBGAS_Data_2022.xlsx,Trading Data PVB&VTP,2264
2022-09-01,GDAES_D+2,PVB,ES,2022-09-03,2022-09-03,167.91,170.0,157.87,173.0,155.0,,,,157.87,6.97,1826.0,2.0,,MIBGAS_Data_2022.xlsx,Trading Data PVB&VTP,2241
2022-09-02,GDAES_D+2,PVB,ES,2022-09-04,2022-09-04,90.87,149.0,73.0,156.0,70.0,,,,73.0,19.51,15263.0,10.0,,MIBGAS_Data_2022.xlsx,Trading Data PVB&VTP,2218
2022-09-03,GDAES_D+2,PVB,ES,2022-09-05,2022-09-05,121.58,110.0,119.0,130.0,110.0,,,,119.0,8.34,6854.0,10.0,,MIBGAS_Data_2022.xlsx,Trading Data PVB&VTP,2210
2022-09-04,GDAES_D+2,PVB,ES,2022-09-06,2022-09-06,133.97,130.5,130.0,137.5,129.85,,,,130.0,9.39,5405.0,500.0,,MIBGAS_Data_2022.xlsx,Trading Data PVB&VTP,2202
2022-09-05,GDAES_D+2,PVB,ES,2022-09-07,2022-09-07,127.68,140.0,124.07,160.0,122.0,,,,124.07,13.78,2704.0,4.0,,MIBGAS_Data_2022.xlsx,Trading Data PVB&VTP,2179
2022-09-06,GDAES_D+2,PVB,ES,2022-09-08,2022-09-08,103.76,125.0,106.36,125.0,97.85,,,,106.36,6.34,17060.0,5.0,,MIBGAS_Data_2022.xlsx,Trading Data PVB&VTP,2156
2022-09-07,GDAES_D+2,PVB,ES,2022-09-09,2022-09-09,109.42,,109.75,109.75,109.0,,,,109.75,9.91,900.0,0.0,,MIBGAS_Data_2022.xlsx,Trading Data PVB&VTP,2133
2022-09-08,GDAES_D+2,PVB,ES,2022-09-10,2022-09-10,119.48,104.0,126.5,128.0,104.0,,,,126.5,15.35,973.0,1.0,,MIBGAS_Data_2022.xlsx,Trading Data PVB&VTP,2110
2022-09-09,GDAES_D+2,PVB,ES,2022-09-11,2022-09-11,136.32,129.15,130.77,141.0,120.0,,,,130.77,5.21,26779.0,3.0,,MIBGAS_Data_2022.xlsx,Trading Data PVB&VTP,2087
2022-09-10,GDAES_D+2,PVB,ES,2022-09-12,2022-09-12,134.59,129.0,138.45,145.0,129.0,,,,138.45,8.04,52846.0,4800.0,,MIBGAS_Data_2022.xlsx,Trading Data PVB&VTP,2079
2022-09-11,GDAES_D+2,PVB,ES,2022-09-13,2022-09-13,147.15,145.0,148.6,148.6,145.0,,,,148.6,4.89,10426.0,1.0,,MIBGAS_Data_2022.xlsx,Trading Data PVB&VTP,2071
2022-09-12,GDAES_D+2,PVB,ES,2022-09-14,2022-09-14,139.3,140.0,136.69,143.5,127.0,,,,136.69,3.0,25176.0,50.0,,MIBGAS_Data_2022.xlsx,Trading Data PVB&VTP,2048
2022-09-13,GDAES_D+2,PVB,ES,2022-09-15,2022-09-15,137.02,140.0,139.87,140.0,134.0,,,,139.87,2.89,23555.0,5005.0,,MIBGAS_Data_2022.xlsx,Trading Data PVB&VTP,2025
2022-09-14,GDAES_D+2,PVB,ES,2022-09-16,2022-09-16,153.78,140.0,165.6,166.5,140.0,,,,165.6,3.69,35050.0,5005.0,,MIBGAS_Data_2022.xlsx,Trading Data PVB&VTP,2002
2022-09-15,GDAES_D+2,PVB,ES,2022-09-17,2022-09-17,158.32,155.0,149.79,178.0,141.0,,,,149.79,8.68,2907.0,100.0,,MIBGAS_Data_2022.xlsx,Trading Data PVB&VTP,1979
2022-09-16,GDAES_D+2,PVB,ES,2022-09-18,2022-09-18,94.39,125.0,101.18,125.0,75.0,,,,101.18,14.18,19208.0,17.0,,MIBGAS_Data_2022.xlsx,Trading Data PVB&VTP,1956
2022-09-17,GDAES_D+2,PVB,ES,2022-09-19,2022-09-19,114.99,104.98,120.0,120.0,104.98,,,,120.0,29.8,1500.0,500.0,,MIBGAS_Data_2022.xlsx,Trading Data PVB&VTP,1948
2022-09-18,GDAES_D+2,PVB,ES,2022-09-20,2022-09-20,118.25,,117.65,119.0,117.5,,,,117.65,30.12,3000.0,0.0,,MIBGAS_Data_2022.xlsx,Trading Data PVB&VTP,1940
2022-09-19,GDAES_D+2,PVB,ES,2022-09-21,2022-09-21,121.59,124.0,119.44,124.0,115.1,,,,119.44,9.01,6007.0,1.0,,MIBGAS_Data_2022.xlsx,Trading Data PVB&VTP,1917
2022-09-20,GDAES_D+2,PVB,ES,2022-09-22,2022-09-22,,,,,,,,,,8.46,0.0,0.0,,MIBGAS_Data_2022.xlsx,Trading Data PVB&VTP,1894
2022-09-21,GDAES_D+2,PVB,ES,2022-09-23,2022-09-23,132.38,124.05,117.92,139.0,114.0,,,,117.92,8.55,6449.0,8.0,,MIBGAS_Data_2022.xlsx,Trading Data PVB&VTP,1871
2022-09-22,GDAES_D+2,PVB,ES,2022-09-24,2022-09-24,115.39,,109.61,120.0,106.05,,,,109.61,10.08,1310.0,0.0,,MIBGAS_Data_2022.xlsx,Trading Data PVB&VTP,1848
2022-09-23,GDAES_D+2,PVB,ES,2022-09-25,2022-09-25,97.77,110.0,92.34,111.0,89.87,,,,92.34,7.71,11106.0,10.0,,MIBGAS_Data_2022.xlsx,Trading Data PVB&VTP,1825
2022-09-24,GDAES_D+2,PVB,ES,2022-09-26,2022-09-26,102.0,,,102.0,102.0,,,,,18.72,1.0,0.0,,MIBGAS_Data_2022.xlsx,Trading Data PVB&VTP,1817
2022-09-25,GDAES_D+2,PVB,ES,2022-09-27,2022-09-27,,,,,,,,,,10.41,0.0,0.0,,MIBGAS_Data_2022.xlsx,Trading Data PVB&VTP,1809
2022-09-26,GDAES_D+2,PVB,ES,2022-09-28,2022-09-28,87.46,99.99,83.5,99.99,83.5,,,,83.5,14.91,9354.0,1.0,,MIBGAS_Data_2022.xlsx,Trading Data PVB&VTP,1786
2022-09-27,GDAES_D+2,PVB,ES,2022-09-29,2022-09-29,94.71,100.0,95.4,100.0,93.0,,,,95.4,16.82,1153.0,60.0,,MIBGAS_Data_2022.xlsx,Trading Data PVB&VTP,1764
2022-09-28,GDAES_D+2,PVB,ES,2022-09-30,2022-09-30,93.05,,90.0,98.5,90.0,,,,90.0,8.98,13682.0,0.0,,MIBGAS_Data_2022.xlsx,Trading Data PVB&VTP,1742
2022-09-29,GDAES_D+2,PVB,ES,2022-10-01,2022-10-01,83.99,85.0,81.81,86.0,78.0,,,,81.81,4.46,241.0,40.0,,MIBGAS_Data_2022.xlsx,Trading Data PVB&VTP,1720
2022-09-30,GDAES_D+2,PVB,ES,2022-10-02,2022-10-02,74.58,80.0,76.41,82.0,62.0,,,,76.41,9.46,19873.0,3.0,,MIBGAS_Data_2022.xlsx,Trading Data PVB&VTP,1700
2022-10-01,GDAES_D+2,PVB,ES,2022-10-03,2022-10-03,92.23,,97.0,97.0,80.0,,,,97.0,14.41,5831.0,0.0,,MIBGAS_Data_2022.xlsx,Trading Data PVB&VTP,1692
2022-10-02,GDAES_D+2,PVB,ES,2022-10-04,2022-10-04,111.21,,113.21,120.0,110.95,,,,113.21,10.97,863.0,0.0,,MIBGAS_Data_2022.xlsx,Trading Data PVB&VTP,1684
2022-10-03,GDAES_D+2,PVB,ES,2022-10-05,2022-10-05,94.33,90.0,92.5,96.0,90.0,,,,92.5,11.3,13534.0,100.0,,MIBGAS_Data_2022.xlsx,Trading Data PVB&VTP,1661
2022-10-04,GDAES_D+2,PVB,ES,2022-10-06,2022-10-06,99.51,96.0,94.0,105.0,93.5,,,,94.0,7.55,8151.0,1.0,,MIBGAS_Data_2022.xlsx,Trading Data PVB&VTP,1638
2022-10-05,GDAES_D+2,PVB,ES,2022-10-07,2022-10-07,86.92,,85.0,88.0,85.0,,,,85.0,20.98,8278.0,0.0,,MIBGAS_Data_2022.xlsx,Trading Data PVB&VTP,1615
2022-10-06,GDAES_D+2,PVB,ES,2022-10-08,2022-10-08,86.55,,85.36,92.0,81.0,,,,85.36,12.22,7230.0,0.0,,MIBGAS_Data_2022.xlsx,Trading Data PVB&VTP,1592
2022-10-07,GDAES_D+2,PVB,ES,2022-10-09,2022-10-09,76.12,82.25,72.0,82.25,69.9,,,,72.0,3.9,23549.0,2006.0,,MIBGAS_Data_2022.xlsx,Trading Data PVB&VTP,1569
2022-10-08,GDAES_D+2,PVB,ES,2022-10-10,2022-10-10,68.0,,78.0,85.0,63.1,,,,78.0,27.86,7724.0,0.0,,MIBGAS_Data_2022.xlsx,Trading Data PVB&VTP,1561
2022-10-09,GDAES_D+2,PVB,ES,2022-10-11,2022-10-11,,,,,,,,,,23.02,0.0,0.0,,MIBGAS_Data_2022.xlsx,Trading Data PVB&VTP,1553
2022-10-10,GDAES_D+2,PVB,ES,2022-10-12,2022-10-12,82.91,,83.96,86.25,78.0,,,,83.96,11.16,10542.0,0.0,,MIBGAS_Data_2022.xlsx,Trading Data PVB&VTP,1530
2022-10-11,GDAES_D+2,PVB,ES,2022-10-13,2022-10-13,79.06,80.0,77.13,86.75,75.0,,,,77.13,2.76,17582.0,4.0,,MIBGAS_Data_2022.xlsx,Trading Data PVB&VTP,1507
2022-10-12,GDAES_D+2,PVB,ES,2022-10-14,2022-10-14,,,,,,,,,,12.81,0.0,0.0,,MIBGAS_Data_2022.xlsx,Trading Data PVB&VTP,1484
2022-10-13,GDAES_D+2,PVB,ES,2022-10-15,2022-10-15,70.2,,68.9,73.05,68.9,,,,68.9,7.22,6330.0,0.0,,MIBGAS_Data_2022.xlsx,Trading Data PVB&VTP,1461
2022-10-14,GDAES_D+2,PVB,ES,2022-10-16,2022-10-16,54.12,63.99,47.14,65.0,44.0,,,,47.14,5.39,25778.0,4.0,,MIBGAS_Data_2022.xlsx,Trading Data PVB&VTP,1438
2022-10-15,GDAES_D+2,PVB,ES,2022-10-17,2022-10-17,62.14,,62.14,62.9,61.8,,,,62.14,22.52,4250.0,0.0,,MIBGAS_Data_2022.xlsx,Trading Data PVB&VTP,1430
2022-10-16,GDAES_D+2,PVB,ES,2022-10-18,2022-10-18,58.09,,52.0,65.05,52.0,,,,52.0,40.09,3004.0,0.0,,MIBGAS_Data_2022.xlsx,Trading Data PVB&VTP,1422
2022-10-17,GDAES_D+2,PVB,ES,2022-10-19,2022-10-19,41.46,70.0,39.66,70.0,39.25,,,,39.66,19.48,7416.0,1.0,,MIBGAS_Data_2022.xlsx,Trading Data PVB&VTP,1399
2022-10-18,GDAES_D+2,PVB,ES,2022-10-20,2022-10-20,28.05,,29.0,32.05,25.05,,,,29.0,37.81,4510.0,0.0,,MIBGAS_Data_2022.xlsx,Trading Data PVB&VTP,1376
2022-10-19,GDAES_D+2,PVB,ES,2022-10-21,2022-10-21,30.2,,30.0,32.0,30.0,,,,30.0,36.06,7262.0,0.0,,MIBGAS_Data_2022.xlsx,Trading Data PVB&VTP,1353
2022-10-20,GDAES_D+2,PVB,ES,2022-10-22,2022-10-22,,,,,,,,,,36.82,0.0,0.0,,MIBGAS_Data_2022.xlsx,Trading Data PVB&VTP,1330
2022-10-21,GDAES_D+2,PVB,ES,2022-10-23,2022-10-23,38.46,41.78,33.01,43.2,32.0,,,,33.01,4.25,43577.0,6005.0,,MIBGAS_Data_2022.xlsx,Trading Data PVB&VTP,1307
2022-10-22,GDAES_D+2,PVB,ES,2022-10-24,2022-10-24,38.81,38.12,39.05,39.05,38.12,,,,39.05,18.7,1305.0,285.0,,MIBGAS_Data_2022.xlsx,Trading Data PVB&VTP,1299
2022-10-23,GDAES_D+2,PVB,ES,2022-10-25,2022-10-25,45.0,,45.0,45.0,45.0,,,,45.0,20.0,338.0,0.0,,MIBGAS_Data_2022.xlsx,Trading Data PVB&VTP,1291
2022-10-24,GDAES_D+2,PVB,ES,2022-10-26,2022-10-26,32.81,40.0,31.0,40.0,31.0,,,,31.0,13.23,13882.0,181.0,,MIBGAS_Data_2022.xlsx,Trading Data PVB&VTP,1268
2022-10-25,GDAES_D+2,PVB,ES,2022-10-27,2022-10-27,34.67,,35.69,36.5,34.0,,,,35.69,18.17,13625.0,0.0,,MIBGAS_Data_2022.xlsx,Trading Data PVB&VTP,1245
2022-10-26,GDAES_D+2,PVB,ES,2022-10-28,2022-10-28,46.58,,46.0,48.2,45.92,,,,46.0,18.38,5850.0,0.0,,MIBGAS_Data_2022.xlsx,Trading Data PVB&VTP,1222
2022-10-27,GDAES_D+2,PVB,ES,2022-10-29,2022-10-29,41.88,,41.0,43.0,41.0,,,,41.0,23.63,850.0,0.0,,MIBGAS_Data_2022.xlsx,Trading Data PVB&VTP,1199
2022-10-28,GDAES_D+2,PVB,ES,2022-10-30,2022-10-30,38.12,33.02,38.92,42.0,33.02,,,,38.92,15.29,28508.0,2400.0,,MIBGAS_Data_2022.xlsx,Trading Data PVB&VTP,1177
2022-10-29,GDAES_D+2,PVB,ES,2022-10-31,2022-10-31,65.04,,70.13,70.25,60.0,,,,70.13,49.69,5727.0,0.0,,MIBGAS_Data_2022.xlsx,Trading Data PVB&VTP,1169
2022-10-30,GDAES_D+2,PVB,ES,2022-11-01,2022-11-01,,,,,,,,,,24.8,0.0,0.0,,MIBGAS_Data_2022.xlsx,Trading Data PVB&VTP,1161
2022-10-31,GDAES_D+2,PVB,ES,2022-11-02,2022-11-02,53.78,62.0,52.82,62.0,46.0,,,,52.82,29.93,7625.0,1000.0,,MIBGAS_Data_2022.xlsx,Trading Data PVB&VTP,1139
2022-11-01,GDAES_D+2,PVB,ES,2022-11-03,2022-11-03,51.97,,61.0,61.0,46.0,,,,61.0,21.44,2686.0,0.0,,MIBGAS_Data_2022.xlsx,Trading Data PVB&VTP,1116
2022-11-02,GDAES_D+2,PVB,ES,2022-11-04,2022-11-04,51.75,,51.94,54.5,46.0,,,,51.94,7.2,118635.0,0.0,,MIBGAS_Data_2022.xlsx,Trading Data PVB&VTP,1093
2022-11-03,GDAES_D+2,PVB,ES,2022-11-05,2022-11-05,54.28,,53.0,55.5,53.0,,,,53.0,48.02,2050.0,0.0,,MIBGAS_Data_2022.xlsx,Trading Data PVB&VTP,1070
2022-11-04,GDAES_D+2,PVB,ES,2022-11-06,2022-11-06,43.57,45.23,40.87,46.0,39.1,,,,40.87,6.07,33022.0,784.0,,MIBGAS_Data_2022.xlsx,Trading Data PVB&VTP,1047
2022-11-05,GDAES_D+2,PVB,ES,2022-11-07,2022-11-07,,,,,,,,,,43.47,0.0,0.0,,MIBGAS_Data_2022.xlsx,Trading Data PVB&VTP,1039
2022-11-06,GDAES_D+2,PVB,ES,2022-11-08,2022-11-08,44.58,,44.02,47.0,40.0,,,,44.02,38.93,9696.0,0.0,,MIBGAS_Data_2022.xlsx,Trading Data PVB&VTP,1031
2022-11-07,GDAES_D+2,PVB,ES,2022-11-09,2022-11-09,47.34,,46.25,49.0,44.6,,,,46.25,11.03,6567.0,0.0,,MIBGAS_Data_2022.xlsx,Trading Data PVB&VTP,1008
2022-11-08,GDAES_D+2,PVB,ES,2022-11-10,2022-11-10,48.97,48.01,48.84,52.0,47.0,,,,48.84,6.52,20933.0,500.0,,MIBGAS_Data_2022.xlsx,Trading Data PVB&VTP,985
2022-11-09,GDAES_D+2,PVB,ES,2022-11-11,2022-11-11,49.55,48.0,48.99,50.0,48.0,,,,48.99,10.61,5820.0,50.0,,MIBGAS_Data_2022.xlsx,Trading Data PVB&VTP,962
2022-11-10,GDAES_D+2,PVB,ES,2022-11-12,2022-11-12,53.62,48.0,55.0,55.0,48.0,,,,55.0,10.8,850.0,100.0,,MIBGAS_Data_2022.xlsx,Trading Data PVB&VTP,939
2022-11-11,GDAES_D+2,PVB,ES,2022-11-13,2022-11-13,47.39,46.55,47.6,52.0,43.7,,,,47.6,5.54,20885.0,3000.0,,MIBGAS_Data_2022.xlsx,Trading Data PVB&VTP,916
2022-11-12,GDAES_D+2,PVB,ES,2022-11-14,2022-11-14,54.49,55.24,52.0,55.24,52.0,,,,52.0,18.91,1300.0,1000.0,,MIBGAS_Data_2022.xlsx,Trading Data PVB&VTP,908
2022-11-13,GDAES_D+2,PVB,ES,2022-11-15,2022-11-15,53.39,53.0,54.5,54.5,53.0,,,,54.5,8.28,9000.0,6000.0,,MIBGAS_Data_2022.xlsx,Trading Data PVB&VTP,900
2022-11-14,GDAES_D+2,PVB,ES,2022-11-16,2022-11-16,56.05,54.0,57.0,57.0,54.0,,,,57.0,11.33,8575.0,10.0,,MIBGAS_Data_2022.xlsx,Trading Data PVB&VTP,877
2022-11-15,GDAES_D+2,PVB,ES,2022-11-17,2022-11-17,53.84,57.01,52.43,57.01,51.8,,,,52.43,6.8,22015.0,500.0,,MIBGAS_Data_2022.xlsx,Trading Data PVB&VTP,854
2022-11-16,GDAES_D+2,PVB,ES,2022-11-18,2022-11-18,53.24,55.0,52.19,55.0,52.0,,,,52.19,7.61,17878.0,2.0,,MIBGAS_Data_2022.xlsx,Trading Data PVB&VTP,831
2022-11-17,GDAES_D+2,PVB,ES,2022-11-19,2022-11-19,54.0,,54.0,54.0,54.0,,,,54.0,10.41,390.0,0.0,,MIBGAS_Data_2022.xlsx,Trading Data PVB&VTP,808
2022-11-18,GDAES_D+2,PVB,ES,2022-11-20,2022-11-20,51.35,53.0,49.09,54.2,45.75,,,,49.09,1.96,32671.0,10.0,,MIBGAS_Data_2022.xlsx,Trading Data PVB&VTP,785
2022-11-19,GDAES_D+2,PVB,ES,2022-11-21,2022-11-21,50.21,,50.0,51.5,50.0,,,,50.0,5.27,350.0,0.0,,MIBGAS_Data_2022.xlsx,Trading Data PVB&VTP,777
2022-11-20,GDAES_D+2,PVB,ES,2022-11-22,2022-11-22,51.36,,51.5,52.0,51.0,,,,51.5,11.85,3500.0,0.0,,MIBGAS_Data_2022.xlsx,Trading Data PVB&VTP,769
2022-11-21,GDAES_D+2,PVB,ES,2022-11-23,2022-11-23,50.82,54.0,49.12,54.0,49.0,,,,49.12,4.25,3565.0,3.0,,MIBGAS_Data_2022.xlsx,Trading Data PVB&VTP,746
2022-11-22,GDAES_D+2,PVB,ES,2022-11-24,2022-11-24,59.99,,59.99,60.0,59.95,,,,59.99,13.99,1376.0,0.0,,MIBGAS_Data_2022.xlsx,Trading Data PVB&VTP,723
2022-11-23,GDAES_D+2,PVB,ES,2022-11-25,2022-11-25,67.65,61.0,83.0,83.0,61.0,,,,83.0,7.07,5805.0,3045.0,,MIBGAS_Data_2022.xlsx,Trading Data PVB&VTP,700
2022-11-24,GDAES_D+2,PVB,ES,2022-11-26,2022-11-26,83.5,79.0,88.0,88.0,79.0,,,,88.0,,1000.0,500.0,,MIBGAS_Data_2022.xlsx,Trading Data PVB&VTP,677
2022-11-25,GDAES_D+2,PVB,ES,2022-11-27,2022-11-27,86.98,88.52,83.24,90.0,80.0,,,,83.24,2.35,12616.0,4000.0,,MIBGAS_Data_2022.xlsx,Trading Data PVB&VTP,654
2022-11-26,GDAES_D+2,PVB,ES,2022-11-28,2022-11-28,85.23,85.0,85.42,86.0,84.6,,,,85.42,7.78,2220.0,1000.0,,MIBGAS_Data_2022.xlsx,Trading Data PVB&VTP,646
2022-11-27,GDAES_D+2,PVB,ES,2022-11-29,2022-11-29,85.43,85.5,85.0,85.5,85.0,,,,85.0,4.03,3505.0,3000.0,,MIBGAS_Data_2022.xlsx,Trading Data PVB&VTP,638
2022-11-28,GDAES_D+2,PVB,ES,2022-11-30,2022-11-30,90.17,87.0,94.53,94.6,87.0,,,,94.53,1.39,28552.0,4507.0,,MIBGAS_Data_2022.xlsx,Trading Data PVB&VTP,616
2022-11-29,GDAES_D+2,PVB,ES,2022-12-01,2022-12-01,95.25,93.0,102.0,102.0,93.0,,,,102.0,4.77,1448.0,1005.0,,MIBGAS_Data_2022.xlsx,Trading Data PVB&VTP,594
2022-11-30,GDAES_D+2,PVB,ES,2022-12-02,2022-12-02,119.31,,115.15,125.0,115.0,,,,115.15,3.7,3550.0,0.0,,MIBGAS_Data_2022.xlsx,Trading Data PVB&VTP,572
2022-12-01,GDAES_D+2,PVB,ES,2022-12-03,2022-12-03,118.27,126.12,102.53,126.12,95.05,,,,102.53,13.63,1575.0,1000.0,,MIBGAS_Data_2022.xlsx,Trading Data PVB&VTP,549
2022-12-02,GDAES_D+2,PVB,ES,2022-12-04,2022-12-04,95.19,91.0,106.0,106.0,91.0,,,,106.0,2.51,29484.0,3742.0,,MIBGAS_Data_2022.xlsx,Trading Data PVB&VTP,526
2022-12-03,GDAES_D+2,PVB,ES,2022-12-05,2022-12-05,134.25,107.0,137.69,138.05,107.0,,,,137.69,13.04,25578.0,322.0,,MIBGAS_Data_2022.xlsx,Trading Data PVB&VTP,518
2022-12-04,GDAES_D+2,PVB,ES,2022-12-06,2022-12-06,137.56,150.0,138.0,150.0,135.0,,,,138.0,4.03,14003.0,3.0,,MIBGAS_Data_2022.xlsx,Trading Data PVB&VTP,510
2022-12-05,GDAES_D+2,PVB,ES,2022-12-07,2022-12-07,125.42,138.0,123.77,138.0,123.35,,,,123.77,4.06,28624.0,24.0,,MIBGAS_Data_2022.xlsx,Trading Data PVB&VTP,487
2022-12-06,GDAES_D+2,PVB,ES,2022-12-08,2022-12-08,126.5,126.5,126.5,126.5,126.5,,,,126.5,8.05,500.0,500.0,,MIBGAS_Data_2022.xlsx,Trading Data PVB&VTP,464
2022-12-07,GDAES_D+2,PVB,ES,2022-12-09,2022-12-09,121.64,121.5,122.85,124.0,120.5,,,,122.85,1.08,33192.0,1000.0,,MIBGAS_Data_2022.xlsx,Trading Data PVB&VTP,441
2022-12-08,GDAES_D+2,PVB,ES,2022-12-10,2022-12-10,,,,,,,,,,10.47,0.0,0.0,,MIBGAS_Data_2022.xlsx,Trading Data PVB&VTP,418
2022-12-09,GDAES_D+2,PVB,ES,2022-12-11,2022-12-11,125.35,124.1,128.2,135.0,123.05,,,,128.2,2.25,24198.0,75.0,,MIBGAS_Data_2022.xlsx,Trading Data PVB&VTP,395
2022-12-10,GDAES_D+2,PVB,ES,2022-12-12,2022-12-12,132.69,126.0,135.05,135.5,126.0,,,,135.05,4.36,23288.0,2000.0,,MIBGAS_Data_2022.xlsx,Trading Data PVB&VTP,387
2022-12-11,GDAES_D+2,PVB,ES,2022-12-13,2022-12-13,127.05,,,127.05,127.05,,,,,7.6,5.0,0.0,,MIBGAS_Data_2022.xlsx,Trading Data PVB&VTP,379
2022-12-12,GDAES_D+2,PVB,ES,2022-12-14,2022-12-14,117.16,126.0,116.0,126.0,116.0,,,,116.0,6.37,5365.0,5.0,,MIBGAS_Data_2022.xlsx,Trading Data PVB&VTP,356
2022-12-13,GDAES_D+2,PVB,ES,2022-12-15,2022-12-15,118.82,,117.6,121.0,117.6,,,,117.6,2.64,3400.0,0.0,,MIBGAS_Data_2022.xlsx,Trading Data PVB&VTP,333
2022-12-14,GDAES_D+2,PVB,ES,2022-12-16,2022-12-16,116.06,119.0,115.0,119.0,114.0,,,,115.0,1.49,8468.0,505.0,,MIBGAS_Data_2022.xlsx,Trading Data PVB&VTP,310
2022-12-15,GDAES_D+2,PVB,ES,2022-12-17,2022-12-17,115.17,114.5,116.0,116.0,114.5,,,,116.0,4.2,324.0,6.0,,MIBGAS_Data_2022.xlsx,Trading Data PVB&VTP,287
2022-12-16,GDAES_D+2,PVB,ES,2022-12-18,2022-12-18,110.54,112.45,109.54,112.45,108.25,,,,109.54,2.59,20977.0,1027.0,,MIBGAS_Data_2022.xlsx,Trading Data PVB&VTP,264
2022-12-17,GDAES_D+2,PVB,ES,2022-12-19,2022-12-19,108.93,111.0,107.5,111.0,107.5,,,,107.5,2.13,1750.0,250.0,,MIBGAS_Data_2022.xlsx,Trading Data PVB&VTP,256
2022-12-18,GDAES_D+2,PVB,ES,2022-12-20,2022-12-20,104.18,,96.0,106.8,96.0,,,,96.0,2.5,4705.0,0.0,,MIBGAS_Data_2022.xlsx,Trading Data PVB&VTP,248
2022-12-19,GDAES_D+2,PVB,ES,2022-12-21,2022-12-21,93.52,97.0,88.0,97.0,88.0,,,,88.0,2.89,3242.0,250.0,,MIBGAS_Data_2022.xlsx,Trading Data PVB&VTP,225
2022-12-20,GDAES_D+2,PVB,ES,2022-12-22,2022-12-22,86.81,87.0,85.07,89.99,85.0,,,,85.07,3.11,25258.0,300.0,,MIBGAS_Data_2022.xlsx,Trading Data PVB&VTP,202
2022-12-21,GDAES_D+2,PVB,ES,2022-12-23,2022-12-23,83.69,84.5,80.0,84.5,80.0,,,,80.0,3.65,2803.0,500.0,,MIBGAS_Data_2022.xlsx,Trading Data PVB&VTP,179
2022-12-22,GDAES_D+2,PVB,ES,2022-12-24,2022-12-24,74.44,75.0,70.8,75.0,67.1,,,,70.8,6.63,9235.0,300.0,,MIBGAS_Data_2022.xlsx,Trading Data PVB&VTP,156
2022-12-23,GDAES_D+2,PVB,ES,2022-12-25,2022-12-25,66.48,72.0,67.42,72.0,62.0,,,,67.42,4.78,24717.0,260.0,,MIBGAS_Data_2022.xlsx,Trading Data PVB&VTP,129
2022-12-24,GDAES_D+2,PVB,ES,2022-12-26,2022-12-26,63.18,66.0,62.0,66.0,62.0,,,,62.0,6.66,2578.0,15.0,,MIBGAS_Data_2022.xlsx,Trading Data PVB&VTP,119
2022-12-25,GDAES_D+2,PVB,ES,2022-12-27,2022-12-27,73.91,69.5,73.99,73.99,69.5,,,,73.99,16.9,1018.0,18.0,,MIBGAS_Data_2022.xlsx,Trading Data PVB&VTP,111
2022-12-26,GDAES_D+2,PVB,ES,2022-12-28,2022-12-28,69.89,69.89,69.89,69.89,69.89,,,,69.89,9.91,168.0,168.0,,MIBGAS_Data_2022.xlsx,Trading Data PVB&VTP,101
2022-12-27,GDAES_D+2,PVB,ES,2022-12-29,2022-12-29,72.06,72.15,70.0,72.5,70.0,,,,70.0,8.66,7454.0,25.0,,MIBGAS_Data_2022.xlsx,Trading Data PVB&VTP,78
2022-12-28,GDAES_D+2,PVB,ES,2022-12-30,2022-12-30,63.17,69.0,63.0,69.0,63.0,,,,63.0,3.52,7064.0,5.0,,MIBGAS_Data_2022.xlsx,Trading Data PVB&VTP,56
2022-12-29,GDAES_D+2,PVB,ES,2022-12-31,2022-12-31,61.07,,59.07,65.0,59.0,,,,59.07,7.27,18893.0,0.0,,MIBGAS_Data_2022.xlsx,Trading Data PVB&VTP,34
2022-12-30,GDAES_D+2,PVB,ES,2023-01-01,2023-01-01,58.58,60.18,51.0,65.0,48.0,,,,51.0,6.76,57730.0,3172.0,,MIBGAS_Data_2022.xlsx,Trading Data PVB&VTP,12
2022-12-31,GDAES_D+2,PVB,ES,2023-01-02,2023-01-02,61.13,58.99,62.0,63.0,58.99,,,,62.0,8.11,4242.0,500.0,,MIBGAS_Data_2022.xlsx,Trading Data PVB&VTP,4
2023-01-01,GDAES_D+2,PVB,ES,2023-01-03,2023-01-03,63.69,,64.2,65.6,62,,,,64.2,6.89,14450,0,0,MIBGAS_Data_2023.xlsx,Trading Data PVB&VTP,6750
2023-01-02,GDAES_D+2,PVB,ES,2023-01-04,2023-01-04,64,,,64,64,,,,,9.69,1,0,0,MIBGAS_Data_2023.xlsx,Trading Data PVB&VTP,6727
2023-01-03,GDAES_D+2,PVB,ES,2023-01-05,2023-01-05,68.24,70,65.17,70,64.5,,,,65.17,7.16,11555,2000,0,MIBGAS_Data_2023.xlsx,Trading Data PVB&VTP,6704
2023-01-04,GDAES_D+2,PVB,ES,2023-01-06,2023-01-06,61.35,65.56,56,65.56,56,,,,56,12.96,5520,3005,0,MIBGAS_Data_2023.xlsx,Trading Data PVB&VTP,6681
2023-01-05,GDAES_D+2,PVB,ES,2023-01-07,2023-01-07,60.99,65.22,62.9,65.22,57,,,,62.9,7.91,9164,1500,7625,MIBGAS_Data_2023.xlsx,Trading Data PVB&VTP,6656
2023-01-06,GDAES_D+2,PVB,ES,2023-01-08,2023-01-08,60.11,65,58.36,65,55,,,,58.36,9.51,2722,26,0,MIBGAS_Data_2023.xlsx,Trading Data PVB&VTP,6633
2023-01-07,GDAES_D+2,PVB,ES,2023-01-09,2023-01-09,,,,,,,,,,13.98,0,0,0,MIBGAS_Data_2023.xlsx,Trading Data PVB&VTP,6625
2023-01-08,GDAES_D+2,PVB,ES,2023-01-10,2023-01-10,66.9,,65,69.9,65,,,,65,11.73,1300,0,0,MIBGAS_Data_2023.xlsx,Trading Data PVB&VTP,6617
2023-01-09,GDAES_D+2,PVB,ES,2023-01-11,2023-01-11,65.3,65,67,67,63.5,,,,67,2.96,5400,500,0,MIBGAS_Data_2023.xlsx,Trading Data PVB&VTP,6594
2023-01-10,GDAES_D+2,PVB,ES,2023-01-12,2023-01-12,66.28,70,63,70,63,,,,63,3.76,7987,100,0,MIBGAS_Data_2023.xlsx,Trading Data PVB&VTP,6571
2023-01-11,GDAES_D+2,PVB,ES,2023-01-13,2023-01-13,61.83,66,61,66,60.7,,,,61,4.2,7732,200,0,MIBGAS_Data_2023.xlsx,Trading Data PVB&VTP,6548
2023-01-12,GDAES_D+2,PVB,ES,2023-01-14,2023-01-14,63.5,,63,64,63,,,,63,8.35,200,0,0,MIBGAS_Data_2023.xlsx,Trading Data PVB&VTP,6525
2023-01-13,GDAES_D+2,PVB,ES,2023-01-15,2023-01-15,61.57,61,59.89,64,59,,,,59.89,1.11,18139,1000,0,MIBGAS_Data_2023.xlsx,Trading Data PVB&VTP,6502
2023-01-14,GDAES_D+2,PVB,ES,2023-01-16,2023-01-16,62.25,61,62,63.2,61,,,,62,1.9,3400,150,0,MIBGAS_Data_2023.xlsx,Trading Data PVB&VTP,6494
2023-01-15,GDAES_D+2,PVB,ES,2023-01-17,2023-01-17,61.61,62,61,62,61,,,,61,2.95,6000,3350,0,MIBGAS_Data_2023.xlsx,Trading Data PVB&VTP,6486
2023-01-16,GDAES_D+2,PVB,ES,2023-01-18,2023-01-18,55.57,60.5,52.35,60.5,52,,,,52.35,4.15,14371,1000,9232,MIBGAS_Data_2023.xlsx,Trading Data PVB&VTP,6463
2023-01-17,GDAES_D+2,PVB,ES,2023-01-19,2023-01-19,50.5,,53,54.5,48.5,,,,53,5.52,12776,0,1982,MIBGAS_Data_2023.xlsx,Trading Data PVB&VTP,6440
2023-01-18,GDAES_D+2,PVB,ES,2023-01-20,2023-01-20,58.26,57,58,59,56,,,,58,2.37,4854,14,0,MIBGAS_Data_2023.xlsx,Trading Data PVB&VTP,6417
2023-01-19,GDAES_D+2,PVB,ES,2023-01-21,2023-01-21,59.4,60,56,62,56,,,,56,5.44,3754,402,0,MIBGAS_Data_2023.xlsx,Trading Data PVB&VTP,6394
2023-01-20,GDAES_D+2,PVB,ES,2023-01-22,2023-01-22,60.35,57.45,62.71,63.3,55.7,,,,62.71,2.13,27853,411,9000,MIBGAS_Data_2023.xlsx,Trading Data PVB&VTP,6371
2023-01-21,GDAES_D+2,PVB,ES,2023-01-23,2023-01-23,64.6,63.25,64,66,63.25,,,,64,3.26,3745,1213,0,MIBGAS_Data_2023.xlsx,Trading Data PVB&VTP,6363
2023-01-22,GDAES_D+2,PVB,ES,2023-01-24,2023-01-24,66.46,,65.5,67.75,64.55,,,,65.5,3.55,2991,0,0,MIBGAS_Data_2023.xlsx,Trading Data PVB&VTP,6355
2023-01-23,GDAES_D+2,PVB,ES,2023-01-25,2023-01-25,62.18,,61.74,67,60,,,,61.74,2.92,6425,0,0,MIBGAS_Data_2023.xlsx,Trading Data PVB&VTP,6332
2023-01-24,GDAES_D+2,PVB,ES,2023-01-26,2023-01-26,57.15,62.95,55.06,62.95,55.05,,,,55.06,2.84,6589,305,0,MIBGAS_Data_2023.xlsx,Trading Data PVB&VTP,6309
2023-01-25,GDAES_D+2,PVB,ES,2023-01-27,2023-01-27,53.41,57.9,50.5,57.9,50.5,,,,50.5,3.47,1619,202,0,MIBGAS_Data_2023.xlsx,Trading Data PVB&VTP,6286
2023-01-26,GDAES_D+2,PVB,ES,2023-01-28,2023-01-28,52.96,53.99,52.6,54,51,,,,52.6,3.97,2531,100,0,MIBGAS_Data_2023.xlsx,Trading Data PVB&VTP,6263
2023-01-27,GDAES_D+2,PVB,ES,2023-01-29,2023-01-29,50.9,51.2,52.05,53.8,50,,,,52.05,1.48,21308,420,0,MIBGAS_Data_2023.xlsx,Trading Data PVB&VTP,6240
2023-01-28,GDAES_D+2,PVB,ES,2023-01-30,2023-01-30,55.4,,56.27,56.5,54,,,,56.27,2.4,6750,0,0,MIBGAS_Data_2023.xlsx,Trading Data PVB&VTP,6232
2023-01-29,GDAES_D+2,PVB,ES,2023-01-31,2023-01-31,57.96,,56.05,58,56.05,,,,56.05,3.42,5100,0,0,MIBGAS_Data_2023.xlsx,Trading Data PVB&VTP,6224
2023-01-30,GDAES_D+2,PVB,ES,2023-02-01,2023-02-01,56.27,,53.31,58,53,,,,53.31,3.07,13588,0,0,MIBGAS_Data_2023.xlsx,Trading Data PVB&VTP,6202
2023-01-31,GDAES_D+2,PVB,ES,2023-02-02,2023-02-02,56.8,57,56,57,56,,,,56,6.61,2319,307,0,MIBGAS_Data_2023.xlsx,Trading Data PVB&VTP,6180
2023-02-01,GDAES_D+2,PVB,ES,2023-02-03,2023-02-03,55.91,,57,57,55,,,,57,3.19,1105,0,0,MIBGAS_Data_2023.xlsx,Trading Data PVB&VTP,6157
2023-02-02,GDAES_D+2,PVB,ES,2023-02-04,2023-02-04,56.92,58.9,55.35,58.9,55,,,,55.35,3.07,542,100,0,MIBGAS_Data_2023.xlsx,Trading Data PVB&VTP,6134
2023-02-03,GDAES_D+2,PVB,ES,2023-02-05,2023-02-05,57.34,54.5,55.2,59.5,54,,,,55.2,2.17,28058,537,0,MIBGAS_Data_2023.xlsx,Trading Data PVB&VTP,6111
2023-02-04,GDAES_D+2,PVB,ES,2023-02-06,2023-02-06,58.45,56.5,59.49,59.75,56.5,,,,59.49,6.24,1905,150,0,MIBGAS_Data_2023.xlsx,Trading Data PVB&VTP,6103
2023-02-05,GDAES_D+2,PVB,ES,2023-02-07,2023-02-07,,,,,,,,,,9.18,0,0,0,MIBGAS_Data_2023.xlsx,Trading Data PVB&VTP,6095
2023-02-06,GDAES_D+2,PVB,ES,2023-02-08,2023-02-08,56.19,57,55.76,57,55.65,,,,55.76,2.84,4569,400,0,MIBGAS_Data_2023.xlsx,Trading Data PVB&VTP,6072
2023-02-07,GDAES_D+2,PVB,ES,2023-02-09,2023-02-09,56.28,57.7,53.02,57.7,53,,,,53.02,5.21,7810,100,0,MIBGAS_Data_2023.xlsx,Trading Data PVB&VTP,6049
2023-02-08,GDAES_D+2,PVB,ES,2023-02-10,2023-02-10,52.97,56,52.24,56,52.05,,,,52.24,5.07,3427,105,0,MIBGAS_Data_2023.xlsx,Trading Data PVB&VTP,6026
2023-02-09,GDAES_D+2,PVB,ES,2023-02-11,2023-02-11,52.77,53,52.09,54.9,52,,,,52.09,4.04,407,204,0,MIBGAS_Data_2023.xlsx,Trading Data PVB&VTP,6003
2023-02-10,GDAES_D+2,PVB,ES,2023-02-12,2023-02-12,51.75,52.48,51.03,53,50.05,,,,51.03,1.17,21713,512,0,MIBGAS_Data_2023.xlsx,Trading Data PVB&VTP,5980
2023-02-11,GDAES_D+2,PVB,ES,2023-02-13,2023-02-13,54.34,53.48,54.69,54.69,53.48,,,,54.69,2.11,17726,1000,0,MIBGAS_Data_2023.xlsx,Trading Data PVB&VTP,5972
2023-02-12,GDAES_D+2,PVB,ES,2023-02-14,2023-02-14,56,,56,56,56,,,,56,3.92,2000,0,0,MIBGAS_Data_2023.xlsx,Trading Data PVB&VTP,5964
2023-02-13,GDAES_D+2,PVB,ES,2023-02-15,2023-02-15,51.79,,51.7,54.5,51,,,,51.7,1.85,4122,0,0,MIBGAS_Data_2023.xlsx,Trading Data PVB&VTP,5941
2023-02-14,GDAES_D+2,PVB,ES,2023-02-16,2023-02-16,51.88,53,51.83,53,51.4,,,,51.83,2.13,2897,205,0,MIBGAS_Data_2023.xlsx,Trading Data PVB&VTP,5918
2023-02-15,GDAES_D+2,PVB,ES,2023-02-17,2023-02-17,52.97,53.5,53,53.5,52.78,,,,53,1.39,2203,100,0,MIBGAS_Data_2023.xlsx,Trading Data PVB&VTP,5895
2023-02-16,GDAES_D+2,PVB,ES,2023-02-18,2023-02-18,51.63,53.45,50.01,53.45,50,,,,50.01,1.61,1870,304,0,MIBGAS_Data_2023.xlsx,Trading Data PVB&VTP,5872
2023-02-17,GDAES_D+2,PVB,ES,2023-02-19,2023-02-19,47.74,48.5,46.59,49,46,,,,46.59,2.18,12690,786,0,MIBGAS_Data_2023.xlsx,Trading Data PVB&VTP,5849
2023-02-18,GDAES_D+2,PVB,ES,2023-02-20,2023-02-20,47.78,47.92,47.65,48,47.4,,,,47.65,2.63,3094,100,0,MIBGAS_Data_2023.xlsx,Trading Data PVB&VTP,5841
2023-02-19,GDAES_D+2,PVB,ES,2023-02-21,2023-02-21,49,,50,50,48.5,,,,50,2.48,900,0,0,MIBGAS_Data_2023.xlsx,Trading Data PVB&VTP,5833
2023-02-20,GDAES_D+2,PVB,ES,2023-02-22,2023-02-22,50.27,50,50.03,51,50,,,,50.03,3.77,3005,305,0,MIBGAS_Data_2023.xlsx,Trading Data PVB&VTP,5810
2023-02-21,GDAES_D+2,PVB,ES,2023-02-23,2023-02-23,48.08,49,47.88,49.75,48,,,,47.88,3.86,6220,405,0,MIBGAS_Data_2023.xlsx,Trading Data PVB&VTP,5787
2023-02-22,GDAES_D+2,PVB,ES,2023-02-24,2023-02-24,49.08,49.9,48.87,49.9,48.5,,,,48.87,1.25,2400,300,0,MIBGAS_Data_2023.xlsx,Trading Data PVB&VTP,5764
2023-02-23,GDAES_D+2,PVB,ES,2023-02-25,2023-02-25,49.27,49.95,49,49.95,48.5,,,,49,2.44,1050,300,0,MIBGAS_Data_2023.xlsx,Trading Data PVB&VTP,5741
2023-02-24,GDAES_D+2,PVB,ES,2023-02-26,2023-02-26,50.47,50.5,48.37,53,47,,,,48.37,2.18,28739,1208,5000,MIBGAS_Data_2023.xlsx,Trading Data PVB&VTP,5718
2023-02-25,GDAES_D+2,PVB,ES,2023-02-27,2023-02-27,49.85,50,49,50,49,,,,49,0.95,9700,6500,0,MIBGAS_Data_2023.xlsx,Trading Data PVB&VTP,5710
2023-02-26,GDAES_D+2,PVB,ES,2023-02-28,2023-02-28,50.62,,50.35,50.9,50.35,,,,50.35,1.04,1601,0,0,MIBGAS_Data_2023.xlsx,Trading Data PVB&VTP,5702
2023-02-27,GDAES_D+2,PVB,ES,2023-03-01,2023-03-01,48.85,51,46.69,51,46,,,,46.69,1.23,9205,1500,0,MIBGAS_Data_2023.xlsx,Trading Data PVB&VTP,5680
2023-02-28,GDAES_D+2,PVB,ES,2023-03-02,2023-03-02,48.31,50,46.1,50,45,,,,46.1,3.55,8981,4001,0,MIBGAS_Data_2023.xlsx,Trading Data PVB&VTP,5658
2023-03-01,GDAES_D+2,PVB,ES,2023-03-03,2023-03-03,47.1,47,47.5,48,47,,,,47.5,2.97,11367,165,0,MIBGAS_Data_2023.xlsx,Trading Data PVB&VTP,5635
2023-03-02,GDAES_D+2,PVB,ES,2023-03-04,2023-03-04,48.13,49,47.5,49,47.5,,,,47.5,2.49,600,100,0,MIBGAS_Data_2023.xlsx,Trading Data PVB&VTP,5612
2023-03-03,GDAES_D+2,PVB,ES,2023-03-05,2023-03-05,45.88,47.01,45.05,47.01,44,,,,45.05,2.21,23640,3000,0,MIBGAS_Data_2023.xlsx,Trading Data PVB&VTP,5589
2023-03-04,GDAES_D+2,PVB,ES,2023-03-06,2023-03-06,46.38,46,48,48,46,,,,48,2.76,3329,450,0,MIBGAS_Data_2023.xlsx,Trading Data PVB&VTP,5581
2023-03-05,GDAES_D+2,PVB,ES,2023-03-07,2023-03-07,50.56,,51,51,49.9,,,,51,4.58,10650,0,0,MIBGAS_Data_2023.xlsx,Trading Data PVB&VTP,5573
2023-03-06,GDAES_D+2,PVB,ES,2023-03-08,2023-03-08,45.98,49,43.5,49,43.5,,,,43.5,3.6,12869,3500,0,MIBGAS_Data_2023.xlsx,Trading Data PVB&VTP,5550
2023-03-07,GDAES_D+2,PVB,ES,2023-03-09,2023-03-09,44.76,45,43.21,45,43,,,,43.21,2.33,10180,205,0,MIBGAS_Data_2023.xlsx,Trading Data PVB&VTP,5527
2023-03-08,GDAES_D+2,PVB,ES,2023-03-10,2023-03-10,42.9,45,42.25,45,42,,,,42.25,2.06,4228,300,0,MIBGAS_Data_2023.xlsx,Trading Data PVB&VTP,5504
2023-03-09,GDAES_D+2,PVB,ES,2023-03-11,2023-03-11,40.89,41.5,42.81,46,40.1,,,,42.81,1.37,7470,555,0,MIBGAS_Data_2023.xlsx,Trading Data PVB&VTP,5481
2023-03-10,GDAES_D+2,PVB,ES,2023-03-12,2023-03-12,46.77,46,51.8,54,44,,,,51.8,3.49,15288,452,0,MIBGAS_Data_2023.xlsx,Trading Data PVB&VTP,5458
2023-03-11,GDAES_D+2,PVB,ES,2023-03-13,2023-03-13,54.04,54.04,54,54.3,54,,,,54,5.46,3115,2500,0,MIBGAS_Data_2023.xlsx,Trading Data PVB&VTP,5450
2023-03-12,GDAES_D+2,PVB,ES,2023-03-14,2023-03-14,50.8,52.98,49.6,52.98,49,,,,49.6,3.27,9077,2000,0,MIBGAS_Data_2023.xlsx,Trading Data PVB&VTP,5442
2023-03-13,GDAES_D+2,PVB,ES,2023-03-15,2023-03-15,49.43,49.79,49.43,50.2,48,,,,49.43,6.35,4255,305,0,MIBGAS_Data_2023.xlsx,Trading Data PVB&VTP,5419
2023-03-14,GDAES_D+2,PVB,ES,2023-03-16,2023-03-16,46.88,47,45,47,45,,,,45,5.24,5995,5480,0,MIBGAS_Data_2023.xlsx,Trading Data PVB&VTP,5396
2023-03-15,GDAES_D+2,PVB,ES,2023-03-17,2023-03-17,44.57,46.5,42.72,46.5,42.05,,,,42.72,5.97,4553,1641,0,MIBGAS_Data_2023.xlsx,Trading Data PVB&VTP,5373
2023-03-16,GDAES_D+2,PVB,ES,2023-03-18,2023-03-18,42.21,43.4,41.5,43.4,41.5,,,,41.5,3.42,802,100,0,MIBGAS_Data_2023.xlsx,Trading Data PVB&VTP,5350
2023-03-17,GDAES_D+2,PVB,ES,2023-03-19,2023-03-19,42.52,43.7,41.96,45,40.75,,,,41.96,2.33,28073,354,0,MIBGAS_Data_2023.xlsx,Trading Data PVB&VTP,5325
2023-03-18,GDAES_D+2,PVB,ES,2023-03-20,2023-03-20,41.1,,41.15,41.15,41.05,,,,41.15,4.73,545,0,0,MIBGAS_Data_2023.xlsx,Trading Data PVB&VTP,5317
2023-03-19,GDAES_D+2,PVB,ES,2023-03-21,2023-03-21,43.76,,44.43,43.95,43.67,,,,44.43,5.75,7301,0,0,MIBGAS_Data_2023.xlsx,Trading Data PVB&VTP,5309
2023-03-20,GDAES_D+2,PVB,ES,2023-03-22,2023-03-22,40.77,40.95,40.2,43,40.2,,,,40.2,4.08,10441,6210,0,MIBGAS_Data_2023.xlsx,Trading Data PVB&VTP,5286
2023-03-21,GDAES_D+2,PVB,ES,2023-03-23,2023-03-23,39.49,39.98,40.95,40.95,39.1,,,,40.95,1,7667,505,0,MIBGAS_Data_2023.xlsx,Trading Data PVB&VTP,5263
2023-03-22,GDAES_D+2,PVB,ES,2023-03-24,2023-03-24,40.66,41.2,39.5,41.75,39.5,,,,39.5,1.52,6232,300,0,MIBGAS_Data_2023.xlsx,Trading Data PVB&VTP,5240
2023-03-23,GDAES_D+2,PVB,ES,2023-03-25,2023-03-25,39.99,39.54,41,41,39.5,,,,41,4.15,1600,1000,0,MIBGAS_Data_2023.xlsx,Trading Data PVB&VTP,5217
2023-03-24,GDAES_D+2,PVB,ES,2023-03-26,2023-03-26,40.31,41.5,38.06,41.85,37,,,,38.06,1.42,18757,3712,0,MIBGAS_Data_2023.xlsx,Trading Data PVB&VTP,5194
2023-03-25,GDAES_D+2,PVB,ES,2023-03-27,2023-03-27,39.71,,38.7,40.05,38.7,,,,38.7,2.4,6200,0,0,MIBGAS_Data_2023.xlsx,Trading Data PVB&VTP,5186
2023-03-26,GDAES_D+2,PVB,ES,2023-03-28,2023-03-28,38.42,,38,39.6,38,,,,38,3.53,6955,0,0,MIBGAS_Data_2023.xlsx,Trading Data PVB&VTP,5178
2023-03-27,GDAES_D+2,PVB,ES,2023-03-29,2023-03-29,40.22,40,40.7,41,39.9,,,,40.7,2.38,1903,202,0,MIBGAS_Data_2023.xlsx,Trading Data PVB&VTP,5155
2023-03-28,GDAES_D+2,PVB,ES,2023-03-30,2023-03-30,39.88,40,40.15,40.15,39,,,,40.15,4.43,8970,1600,0,MIBGAS_Data_2023.xlsx,Trading Data PVB&VTP,5133
2023-03-29,GDAES_D+2,PVB,ES,2023-03-31,2023-03-31,40.33,42,39.01,42,37,,,,39.01,2.57,16156,5000,0,MIBGAS_Data_2023.xlsx,Trading Data PVB&VTP,5111
2023-03-30,GDAES_D+2,PVB,ES,2023-04-01,2023-04-01,37.79,39,37,39,37,,,,37,3.24,1594,100,0,MIBGAS_Data_2023.xlsx,Trading Data PVB&VTP,5089
2023-03-31,GDAES_D+2,PVB,ES,2023-04-02,2023-04-02,38.4,38,39.76,43,36,,,,39.76,3.65,12275,3116,0,MIBGAS_Data_2023.xlsx,Trading Data PVB&VTP,5069
2023-04-01,GDAES_D+2,PVB,ES,2023-04-03,2023-04-03,43.14,43,43,43.74,43,,,,43,5.39,17422,6000,0,MIBGAS_Data_2023.xlsx,Trading Data PVB&VTP,5061
2023-04-02,GDAES_D+2,PVB,ES,2023-04-04,2023-04-04,43.45,43.5,43.55,43.6,43,,,,43.55,3.27,9100,4000,0,MIBGAS_Data_2023.xlsx,Trading Data PVB&VTP,5053
2023-04-03,GDAES_D+2,PVB,ES,2023-04-05,2023-04-05,43.55,43,44.8,44.99,43,,,,44.8,4.1,2950,2000,0,MIBGAS_Data_2023.xlsx,Trading Data PVB&VTP,5030
2023-04-04,GDAES_D+2,PVB,ES,2023-04-06,2023-04-06,43.24,44.5,42.05,44.5,42.05,,,,42.05,2.19,4960,150,0,MIBGAS_Data_2023.xlsx,Trading Data PVB&VTP,5007
2023-04-05,GDAES_D+2,PVB,ES,2023-04-07,2023-04-07,42.16,42.8,41.06,43.9,41.05,,,,41.06,2.21,15796,2113,0,MIBGAS_Data_2023.xlsx,Trading Data PVB&VTP,4978
2023-04-06,GDAES_D+2,PVB,ES,2023-04-08,2023-04-08,40.43,40.88,38.93,40.88,38,,,,38.93,5.33,8219,6311,0,MIBGAS_Data_2023.xlsx,Trading Data PVB&VTP,4951
2023-04-07,GDAES_D+2,PVB,ES,2023-04-09,2023-04-09,39.38,37.5,40.69,40.69,37.5,,,,40.69,7.87,6810,2000,0,MIBGAS_Data_2023.xlsx,Trading Data PVB&VTP,4941
2023-04-08,GDAES_D+2,PVB,ES,2023-04-10,2023-04-10,40.77,39,41.95,42,39,,,,41.95,3.38,13429,4500,0,MIBGAS_Data_2023.xlsx,Trading Data PVB&VTP,4933
2023-04-09,GDAES_D+2,PVB,ES,2023-04-11,2023-04-11,41.77,40.94,42.5,42.5,40.94,,,,42.5,4.38,4250,2000,0,MIBGAS_Data_2023.xlsx,Trading Data PVB&VTP,4925
2023-04-10,GDAES_D+2,PVB,ES,2023-04-12,2023-04-12,39.84,42,40,42,39.6,,,,40,1.94,11154,302,0,MIBGAS_Data_2023.xlsx,Trading Data PVB&VTP,4915
2023-04-11,GDAES_D+2,PVB,ES,2023-04-13,2023-04-13,39.21,39.98,39.01,40.05,38.4,,,,39.01,2.16,2163,300,0,MIBGAS_Data_2023.xlsx,Trading Data PVB&VTP,4892
2023-04-12,GDAES_D+2,PVB,ES,2023-04-14,2023-04-14,38.98,39.8,38.28,39.8,38,,,,38.28,1.85,2670,100,0,MIBGAS_Data_2023.xlsx,Trading Data PVB&VTP,4869
2023-04-13,GDAES_D+2,PVB,ES,2023-04-15,2023-04-15,36.78,38.9,36.5,38.9,36.5,,,,36.5,5.47,1570,100,0,MIBGAS_Data_2023.xlsx,Trading Data PVB&VTP,4846
2023-04-14,GDAES_D+2,PVB,ES,2023-04-16,2023-04-16,36.39,35.5,36.51,39.99,34.95,,,,36.51,2.97,12403,1323,0,MIBGAS_Data_2023.xlsx,Trading Data PVB&VTP,4823
2023-04-15,GDAES_D+2,PVB,ES,2023-04-17,2023-04-17,36.77,36.72,36.67,37.1,36.67,,,,36.67,2.54,3796,3000,0,MIBGAS_Data_2023.xlsx,Trading Data PVB&VTP,4815
2023-04-16,GDAES_D+2,PVB,ES,2023-04-18,2023-04-18,37.46,37.05,37.18,38.3,37.01,,,,37.18,4.3,7500,1000,0,MIBGAS_Data_2023.xlsx,Trading Data PVB&VTP,4807
2023-04-17,GDAES_D+2,PVB,ES,2023-04-19,2023-04-19,36.6,37.45,36.41,37.45,36.21,,,,36.41,2.38,3390,100,0,MIBGAS_Data_2023.xlsx,Trading Data PVB&VTP,4784
2023-04-18,GDAES_D+2,PVB,ES,2023-04-20,2023-04-20,36.6,35.8,37.1,37.5,35.8,,,,37.1,1.54,11049,257,0,MIBGAS_Data_2023.xlsx,Trading Data PVB&VTP,4761
2023-04-19,GDAES_D+2,PVB,ES,2023-04-21,2023-04-21,36.43,36.5,36.39,36.55,36,,,,36.39,2.48,5812,500,0,MIBGAS_Data_2023.xlsx,Trading Data PVB&VTP,4738
2023-04-20,GDAES_D+2,PVB,ES,2023-04-22,2023-04-22,35,35,35,35,35,,,,35,6,300,300,0,MIBGAS_Data_2023.xlsx,Trading Data PVB&VTP,4715
2023-04-21,GDAES_D+2,PVB,ES,2023-04-23,2023-04-23,35.46,35.03,34.05,36.45,33.55,,,,34.05,0.85,8843,1250,0,MIBGAS_Data_2023.xlsx,Trading Data PVB&VTP,4692
2023-04-22,GDAES_D+2,PVB,ES,2023-04-24,2023-04-24,33.64,33.5,34.37,34.5,32.8,,,,34.37,2.77,12300,1200,0,MIBGAS_Data_2023.xlsx,Trading Data PVB&VTP,4684
2023-04-23,GDAES_D+2,PVB,ES,2023-04-25,2023-04-25,33.25,,33.25,33.25,33.25,,,,33.25,5.62,120,0,0,MIBGAS_Data_2023.xlsx,Trading Data PVB&VTP,4676
2023-04-24,GDAES_D+2,PVB,ES,2023-04-26,2023-04-26,34.84,34.96,34.66,35.15,34.25,,,,34.66,1.97,8001,101,0,MIBGAS_Data_2023.xlsx,Trading Data PVB&VTP,4653
2023-04-25,GDAES_D+2,PVB,ES,2023-04-27,2023-04-27,34.12,34.44,34.1,34.5,34,,,,34.1,4.93,5405,200,0,MIBGAS_Data_2023.xlsx,Trading Data PVB&VTP,4630
2023-04-26,GDAES_D+2,PVB,ES,2023-04-28,2023-04-28,34.26,34.3,35.5,35.5,34,,,,35.5,5.88,1651,151,0,MIBGAS_Data_2023.xlsx,Trading Data PVB&VTP,4607
2023-04-27,GDAES_D+2,PVB,ES,2023-04-29,2023-04-29,35.3,34.75,35.5,35.5,34.5,,,,35.5,7.01,1055,100,0,MIBGAS_Data_2023.xlsx,Trading Data PVB&VTP,4585
2023-04-28,GDAES_D+2,PVB,ES,2023-04-30,2023-04-30,34.43,34.13,34.18,35.5,33,,,,34.18,2.21,49700,350,0,MIBGAS_Data_2023.xlsx,Trading Data PVB&VTP,4559
2023-04-29,GDAES_D+2,PVB,ES,2023-05-01,2023-05-01,34.69,34.63,34.93,35,34.25,,,,34.93,3.11,1900,100,0,MIBGAS_Data_2023.xlsx,Trading Data PVB&VTP,4549
2023-04-30,GDAES_D+2,PVB,ES,2023-05-02,2023-05-02,35.76,34.99,35.7,35.85,34.99,,,,35.7,2.43,3200,100,0,MIBGAS_Data_2023.xlsx,Trading Data PVB&VTP,4541
2023-05-01,GDAES_D+2,PVB,ES,2023-05-03,2023-05-03,35.57,,35.57,35.75,35.4,,,,35.57,2.63,4000,0,0,MIBGAS_Data_2023.xlsx,Trading Data PVB&VTP,4531
2023-05-02,GDAES_D+2,PVB,ES,2023-05-04,2023-05-04,34.95,35.49,34.76,35.5,34,,,,34.76,4.73,4167,200,0,MIBGAS_Data_2023.xlsx,Trading Data PVB&VTP,4508
2023-05-03,GDAES_D+2,PVB,ES,2023-05-05,2023-05-05,33.3,33.7,33.15,33.7,33,,,,33.15,0.82,12744,706,0,MIBGAS_Data_2023.xlsx,Trading Data PVB&VTP,4485
2023-05-04,GDAES_D+2,PVB,ES,2023-05-06,2023-05-06,33,33,33,33,33,,,,33,2.65,1752,467,0,MIBGAS_Data_2023.xlsx,Trading Data PVB&VTP,4462
2023-05-05,GDAES_D+2,PVB,ES,2023-05-07,2023-05-07,32.9,32.8,32.97,33.5,32.3,,,,32.97,0.9,13702,361,0,MIBGAS_Data_2023.xlsx,Trading Data PVB&VTP,4437
2023-05-06,GDAES_D+2,PVB,ES,2023-05-08,2023-05-08,33.32,32.98,33.59,33.6,32.98,,,,33.59,1.74,3600,1600,0,MIBGAS_Data_2023.xlsx,Trading Data PVB&VTP,4429
2023-05-07,GDAES_D+2,PVB,ES,2023-05-09,2023-05-09,34.3,,34.25,34.39,34.19,,,,34.25,1.29,9000,0,0,MIBGAS_Data_2023.xlsx,Trading Data PVB&VTP,4421
2023-05-08,GDAES_D+2,PVB,ES,2023-05-10,2023-05-10,33.68,34,32.99,34,32.9,,,,32.99,1.7,10322,5200,0,MIBGAS_Data_2023.xlsx,Trading Data PVB&VTP,4398
2023-05-09,GDAES_D+2,PVB,ES,2023-05-11,2023-05-11,33.41,33.51,33.18,35,33.05,,,,33.18,4.8,1965,1000,0,MIBGAS_Data_2023.xlsx,Trading Data PVB&VTP,4375
2023-05-10,GDAES_D+2,PVB,ES,2023-05-12,2023-05-12,31.71,33,30.98,33,30.07,,,,30.98,2.27,11407,322,0,MIBGAS_Data_2023.xlsx,Trading Data PVB&VTP,4352
2023-05-11,GDAES_D+2,PVB,ES,2023-05-13,2023-05-13,28.64,29,28.4,29,28.05,,,,28.4,2.97,4840,300,0,MIBGAS_Data_2023.xlsx,Trading Data PVB&VTP,4329
2023-05-12,GDAES_D+2,PVB,ES,2023-05-14,2023-05-14,26.69,27,25.65,29.15,23.05,,,,25.65,4.06,13290,765,0,MIBGAS_Data_2023.xlsx,Trading Data PVB&VTP,4304
2023-05-13,GDAES_D+2,PVB,ES,2023-05-15,2023-05-15,28.76,26.86,29,29.75,26.86,,,,29,8.57,566,65,0,MIBGAS_Data_2023.xlsx,Trading Data PVB&VTP,4296
2023-05-14,GDAES_D+2,PVB,ES,2023-05-16,2023-05-16,28.6,,28.6,28.7,28.5,,,,28.6,9.76,2000,0,0,MIBGAS_Data_2023.xlsx,Trading Data PVB&VTP,4288
2023-05-15,GDAES_D+2,PVB,ES,2023-05-17,2023-05-17,26.85,28.5,24.98,28.5,24.5,,,,24.98,2.42,2299,500,0,MIBGAS_Data_2023.xlsx,Trading Data PVB&VTP,4265
2023-05-16,GDAES_D+2,PVB,ES,2023-05-18,2023-05-18,26.2,26.88,26.1,26.88,25.9,,,,26.1,5.11,304,51,0,MIBGAS_Data_2023.xlsx,Trading Data PVB&VTP,4242
2023-05-17,GDAES_D+2,PVB,ES,2023-05-19,2023-05-19,26.49,28.95,26.6,28.95,26.2,,,,26.6,7.25,2680,100,0,MIBGAS_Data_2023.xlsx,Trading Data PVB&VTP,4219
2023-05-18,GDAES_D+2,PVB,ES,2023-05-20,2023-05-20,25.72,25.95,25.33,25.97,25,,,,25.33,9.71,2100,300,0,MIBGAS_Data_2023.xlsx,Trading Data PVB&VTP,4196
2023-05-19,GDAES_D+2,PVB,ES,2023-05-21,2023-05-21,25.78,24.85,25.96,26.89,24.5,,,,25.96,1.63,18903,2516,0,MIBGAS_Data_2023.xlsx,Trading Data PVB&VTP,4173
2023-05-20,GDAES_D+2,PVB,ES,2023-05-22,2023-05-22,27.1,25.15,27.7,27.7,25.15,,,,27.7,5.86,5313,250,0,MIBGAS_Data_2023.xlsx,Trading Data PVB&VTP,4165
2023-05-21,GDAES_D+2,PVB,ES,2023-05-23,2023-05-23,28.03,,28.5,28.5,27.7,,,,28.5,3.25,4120,0,0,MIBGAS_Data_2023.xlsx,Trading Data PVB&VTP,4157
2023-05-22,GDAES_D+2,PVB,ES,2023-05-24,2023-05-24,26.72,26.55,26.93,27.5,26.45,,,,26.93,5.91,13381,6100,0,MIBGAS_Data_2023.xlsx,Trading Data PVB&VTP,4134
2023-05-23,GDAES_D+2,PVB,ES,2023-05-25,2023-05-25,27.2,26.9,27.8,27.8,26.9,,,,27.8,3.57,3000,2000,0,MIBGAS_Data_2023.xlsx,Trading Data PVB&VTP,4111
2023-05-24,GDAES_D+2,PVB,ES,2023-05-26,2023-05-26,27,27.55,25.77,27.55,25.5,,,,25.77,1.17,13225,1000,0,MIBGAS_Data_2023.xlsx,Trading Data PVB&VTP,4088
2023-05-25,GDAES_D+2,PVB,ES,2023-05-27,2023-05-27,24.32,24.5,23.97,24.5,23.5,,,,23.97,4.57,1995,1000,0,MIBGAS_Data_2023.xlsx,Trading Data PVB&VTP,4065
2023-05-26,GDAES_D+2,PVB,ES,2023-05-28,2023-05-28,22.88,23.24,24.05,24.05,21.3,,,,24.05,2.22,19695,1214,0,MIBGAS_Data_2023.xlsx,Trading Data PVB&VTP,4040
2023-05-27,GDAES_D+2,PVB,ES,2023-05-29,2023-05-29,26.7,25.5,27.51,27.9,25.5,,,,27.51,6.34,24500,2000,0,MIBGAS_Data_2023.xlsx,Trading Data PVB&VTP,4032
2023-05-28,GDAES_D+2,PVB,ES,2023-05-30,2023-05-30,27.75,27.85,27.88,27.95,27.3,,,,27.88,6.7,25425,4500,0,MIBGAS_Data_2023.xlsx,Trading Data PVB&VTP,4024
2023-05-29,GDAES_D+2,PVB,ES,2023-05-31,2023-05-31,26.83,26.98,26.23,27.5,26,,,,26.23,2.96,24059,5401,0,MIBGAS_Data_2023.xlsx,Trading Data PVB&VTP,4002
2023-05-30,GDAES_D+2,PVB,ES,2023-06-01,2023-06-01,25.45,26.23,24.84,26.23,24.8,,,,24.84,6.86,16111,4000,0,MIBGAS_Data_2023.xlsx,Trading Data PVB&VTP,3980
2023-05-31,GDAES_D+2,PVB,ES,2023-06-02,2023-06-02,25.36,24.94,26.79,26.8,24.6,,,,26.79,3.54,11721,2352,0,MIBGAS_Data_2023.xlsx,Trading Data PVB&VTP,3958
2023-06-01,GDAES_D+2,PVB,ES,2023-06-03,2023-06-03,24.51,,23.5,26,23.5,,,,23.5,5.36,1300,0,0,MIBGAS_Data_2023.xlsx,Trading Data PVB&VTP,3935
2023-06-02,GDAES_D+2,PVB,ES,2023-06-04,2023-06-04,23.55,23.04,23.83,24,23.04,,,,23.83,2.84,15845,3000,0,MIBGAS_Data_2023.xlsx,Trading Data PVB&VTP,3912
2023-06-03,GDAES_D+2,PVB,ES,2023-06-05,2023-06-05,23.52,23.49,23.74,23.75,23.4,,,,23.74,3.35,7708,3100,0,MIBGAS_Data_2023.xlsx,Trading Data PVB&VTP,3904
2023-06-04,GDAES_D+2,PVB,ES,2023-06-06,2023-06-06,24.53,24.03,24.63,24.7,24.03,,,,24.63,3.52,7219,500,0,MIBGAS_Data_2023.xlsx,Trading Data PVB&VTP,3896
2023-06-05,GDAES_D+2,PVB,ES,2023-06-07,2023-06-07,25.07,24.48,27.7,27.8,24.48,,,,27.7,5.44,3252,2350,0,MIBGAS_Data_2023.xlsx,Trading Data PVB&VTP,3873
2023-06-06,GDAES_D+2,PVB,ES,2023-06-08,2023-06-08,26.02,27.2,25.65,27.2,25.05,,,,25.65,5.84,6698,550,0,MIBGAS_Data_2023.xlsx,Trading Data PVB&VTP,3850
2023-06-07,GDAES_D+2,PVB,ES,2023-06-09,2023-06-09,25.14,25.01,26,26.1,24.5,,,,26,3.13,8447,1000,0,MIBGAS_Data_2023.xlsx,Trading Data PVB&VTP,3827
2023-06-08,GDAES_D+2,PVB,ES,2023-06-10,2023-06-10,26.74,,27,27,26.34,,,,27,10.16,2500,0,0,MIBGAS_Data_2023.xlsx,Trading Data PVB&VTP,3804
2023-06-09,GDAES_D+2,PVB,ES,2023-06-11,2023-06-11,28.25,27.01,26,30.5,24.85,,,,26,3.67,23109,1000,0,MIBGAS_Data_2023.xlsx,Trading Data PVB&VTP,3781
2023-06-10,GDAES_D+2,PVB,ES,2023-06-12,2023-06-12,25.4,26,25.23,26,24.75,,,,25.23,3.29,47408,6802,0,MIBGAS_Data_2023.xlsx,Trading Data PVB&VTP,3773
2023-06-11,GDAES_D+2,PVB,ES,2023-06-13,2023-06-13,29,,29,29,29,,,,29,7.7,2440,0,0,MIBGAS_Data_2023.xlsx,Trading Data PVB&VTP,3765
2023-06-12,GDAES_D+2,PVB,ES,2023-06-14,2023-06-14,29.34,29.25,29.23,29.85,28.6,,,,29.23,3.88,12866,300,0,MIBGAS_Data_2023.xlsx,Trading Data PVB&VTP,3742
2023-06-13,GDAES_D+2,PVB,ES,2023-06-15,2023-06-15,31.51,28.6,34.15,34.35,27.85,,,,34.15,7.46,25272,152,0,MIBGAS_Data_2023.xlsx,Trading Data PVB&VTP,3719
2023-06-14,GDAES_D+2,PVB,ES,2023-06-16,2023-06-16,35.33,32,38.45,38.45,32,,,,38.45,4.38,17321,350,0,MIBGAS_Data_2023.xlsx,Trading Data PVB&VTP,3696
2023-06-15,GDAES_D+2,PVB,ES,2023-06-17,2023-06-17,40.74,38.88,42.5,42.5,38.88,,,,42.5,1231.56,1650,700,0,MIBGAS_Data_2023.xlsx,Trading Data PVB&VTP,3673
2023-06-16,GDAES_D+2,PVB,ES,2023-06-18,2023-06-18,34.96,38.9,30.5,38.9,30.5,,,,30.5,10.84,12099,379,0,MIBGAS_Data_2023.xlsx,Trading Data PVB&VTP,3650
2023-06-17,GDAES_D+2,PVB,ES,2023-06-19,2023-06-19,33.57,33.01,34.3,34.3,33.01,,,,34.3,1.76,6584,2200,0,MIBGAS_Data_2023.xlsx,Trading Data PVB&VTP,3642
2023-06-18,GDAES_D+2,PVB,ES,2023-06-20,2023-06-20,33.88,,33.8,34.1,33.8,,,,33.8,1.6,2501,0,0,MIBGAS_Data_2023.xlsx,Trading Data PVB&VTP,3634
2023-06-19,GDAES_D+2,PVB,ES,2023-06-21,2023-06-21,33.48,31.98,34.8,35,30.05,,,,34.8,8.34,24221,3603,0,MIBGAS_Data_2023.xlsx,Trading Data PVB&VTP,3611
2023-06-20,GDAES_D+2,PVB,ES,2023-06-22,2023-06-22,38.62,37,39.9,39.9,36.6,,,,39.9,4.89,18648,200,0,MIBGAS_Data_2023.xlsx,Trading Data PVB&VTP,3588
2023-06-21,GDAES_D+2,PVB,ES,2023-06-23,2023-06-23,38.12,39,37.55,39,37.55,,,,37.55,6.48,7204,50,0,MIBGAS_Data_2023.xlsx,Trading Data PVB&VTP,3565
2023-06-22,GDAES_D+2,PVB,ES,2023-06-24,2023-06-24,35.66,38.25,34.63,38.25,34,,,,34.63,4.86,11380,200,0,MIBGAS_Data_2023.xlsx,Trading Data PVB&VTP,3542
2023-06-23,GDAES_D+2,PVB,ES,2023-06-25,2023-06-25,30.93,31.96,30.25,32.45,28,,,,30.25,3.63,17176,1423,0,MIBGAS_Data_2023.xlsx,Trading Data PVB&VTP,3519
2023-06-24,GDAES_D+2,PVB,ES,2023-06-26,2023-06-26,32.43,32,32.65,32.65,32,,,,32.65,14.08,4557,1000,0,MIBGAS_Data_2023.xlsx,Trading Data PVB&VTP,3511
2023-06-25,GDAES_D+2,PVB,ES,2023-06-27,2023-06-27,32.37,,32.43,32.6,32.25,,,,32.43,7.74,7180,0,0,MIBGAS_Data_2023.xlsx,Trading Data PVB&VTP,3503
2023-06-26,GDAES_D+2,PVB,ES,2023-06-28,2023-06-28,33.28,35.41,31.4,35.41,31.3,,,,31.4,6.95,15091,800,0,MIBGAS_Data_2023.xlsx,Trading Data PVB&VTP,3480
2023-06-27,GDAES_D+2,PVB,ES,2023-06-29,2023-06-29,32.61,32.49,33,33,31.8,,,,33,3.21,3977,212,0,MIBGAS_Data_2023.xlsx,Trading Data PVB&VTP,3458
2023-06-28,GDAES_D+2,PVB,ES,2023-06-30,2023-06-30,33.47,33.75,32.94,34.05,32.6,,,,32.94,3.08,15029,3200,0,MIBGAS_Data_2023.xlsx,Trading Data PVB&VTP,3436
2023-06-29,GDAES_D+2,PVB,ES,2023-07-01,2023-07-01,32.57,32,32.8,32.8,32,,,,32.8,3.01,2300,300,0,MIBGAS_Data_2023.xlsx,Trading Data PVB&VTP,3414
2023-06-30,GDAES_D+2,PVB,ES,2023-07-02,2023-07-02,33.7,30.59,35.26,35.4,30.59,,,,35.26,6.13,18541,950,10000,MIBGAS_Data_2023.xlsx,Trading Data PVB&VTP,3393
2023-07-01,GDAES_D+2,PVB,ES,2023-07-03,2023-07-03,37.07,35.54,37.15,37.95,35.54,,,,37.15,3.6,16903,4000,0,MIBGAS_Data_2023.xlsx,Trading Data PVB&VTP,3385
2023-07-02,GDAES_D+2,PVB,ES,2023-07-04,2023-07-04,37.79,37.5,38.02,38.15,37.5,,,,38.02,4.92,10800,4500,0,MIBGAS_Data_2023.xlsx,Trading Data PVB&VTP,3377
2023-07-03,GDAES_D+2,PVB,ES,2023-07-05,2023-07-05,36.3,38.5,33.91,38.5,33.9,,,,33.91,6.19,16189,3400,0,MIBGAS_Data_2023.xlsx,Trading Data PVB&VTP,3354
2023-07-04,GDAES_D+2,PVB,ES,2023-07-06,2023-07-06,33.84,34.49,34.15,35.49,33.4,,,,34.15,,18914,3002,0,MIBGAS_Data_2023.xlsx,Trading Data PVB&VTP,3331
2023-07-05,GDAES_D+2,PVB,ES,2023-07-07,2023-07-07,34.71,35,34.65,35.3,34,34,35.29,M,34.65,2.16,24754,103,0,MIBGAS_Data_2023.xlsx,Trading Data PVB&VTP,3308
2023-07-06,GDAES_D+2,PVB,ES,2023-07-08,2023-07-08,33.33,,33.11,34,32,33.05,33.5,M,33.11,3.6,325,0,0,MIBGAS_Data_2023.xlsx,Trading Data PVB&VTP,3285
2023-07-07,GDAES_D+2,PVB,ES,2023-07-09,2023-07-09,31.76,31.94,31.46,32.95,31,31.19,32.1,M,31.46,2.17,17187,2717,0,MIBGAS_Data_2023.xlsx,Trading Data PVB&VTP,3262
2023-07-08,GDAES_D+2,PVB,ES,2023-07-10,2023-07-10,31.58,31.96,32.28,32.75,31,31.85,32.7,M,32.28,3.89,6826,25,0,MIBGAS_Data_2023.xlsx,Trading Data PVB&VTP,3254
2023-07-09,GDAES_D+2,PVB,ES,2023-07-11,2023-07-11,33.54,33.5,34.15,34.05,32.97,33.95,34.35,M,34.15,2.26,13500,5000,0,MIBGAS_Data_2023.xlsx,Trading Data PVB&VTP,3246
2023-07-10,GDAES_D+2,PVB,ES,2023-07-12,2023-07-12,32.34,34,31.71,34,31.3,,,M,31.71,5.92,33163,5176,0,MIBGAS_Data_2023.xlsx,Trading Data PVB&VTP,3223
2023-07-11,GDAES_D+2,PVB,ES,2023-07-13,2023-07-13,30.46,31.5,30.2,31.5,30,29.9,30.5,M,30.2,3.03,14134,1700,0,MIBGAS_Data_2023.xlsx,Trading Data PVB&VTP,3200
2023-07-12,GDAES_D+2,PVB,ES,2023-07-14,2023-07-14,29.2,29.98,29.06,30,28.01,28.17,29.95,M,29.06,2.73,20157,2100,0,MIBGAS_Data_2023.xlsx,Trading Data PVB&VTP,3177
2023-07-13,GDAES_D+2,PVB,ES,2023-07-15,2023-07-15,27.33,27.49,27.9,27.49,27,27.3,28.5,M,27.9,11.64,300,200,0,MIBGAS_Data_2023.xlsx,Trading Data PVB&VTP,3154
2023-07-14,GDAES_D+2,PVB,ES,2023-07-16,2023-07-16,27.41,28.57,26,31.5,26,25.5,26.5,M,26,7.64,5316,654,0,MIBGAS_Data_2023.xlsx,Trading Data PVB&VTP,3131
2023-07-15,GDAES_D+2,PVB,ES,2023-07-17,2023-07-17,25.82,25.75,25.8,25.95,25.65,25.7,25.9,M,25.8,4.76,8510,1100,0,MIBGAS_Data_2023.xlsx,Trading Data PVB&VTP,3123
2023-07-16,GDAES_D+2,PVB,ES,2023-07-18,2023-07-18,26.67,25.7,26.88,27.5,25.7,26.8,26.95,M,26.88,6.36,10901,901,0,MIBGAS_Data_2023.xlsx,Trading Data PVB&VTP,3115
2023-07-17,GDAES_D+2,PVB,ES,2023-07-19,2023-07-19,26.33,26.5,25.86,26.5,25.7,25.06,26.65,M,25.86,1.88,4233,3001,0,MIBGAS_Data_2023.xlsx,Trading Data PVB&VTP,3092
2023-07-18,GDAES_D+2,PVB,ES,2023-07-20,2023-07-20,26.75,26.65,27.25,27.25,26.6,26.62,27.25,M,27.25,4.3,2164,130,0,MIBGAS_Data_2023.xlsx,Trading Data PVB&VTP,3069
2023-07-19,GDAES_D+2,PVB,ES,2023-07-21,2023-07-21,28.91,27.35,29.81,30,27.35,,,M,29.81,6.52,8645,504,0,MIBGAS_Data_2023.xlsx,Trading Data PVB&VTP,3046
2023-07-20,GDAES_D+2,PVB,ES,2023-07-22,2023-07-22,28.7,28.7,28.5,29,28.5,28,29,M,28.5,2.73,2332,2200,0,MIBGAS_Data_2023.xlsx,Trading Data PVB&VTP,3023
2023-07-21,GDAES_D+2,PVB,ES,2023-07-23,2023-07-23,30.04,30.01,28.78,30.75,27.5,,,M,28.78,2.73,26771,3236,0,MIBGAS_Data_2023.xlsx,Trading Data PVB&VTP,3000
2023-07-22,GDAES_D+2,PVB,ES,2023-07-24,2023-07-24,28.88,28.98,28.76,28.98,28.6,28.68,29.25,M,28.76,2.77,2700,1700,0,MIBGAS_Data_2023.xlsx,Trading Data PVB&VTP,2992
2023-07-23,GDAES_D+2,PVB,ES,2023-07-25,2023-07-25,27.78,29,28.4,29,27.3,,,M,28.4,5,3765,100,0,MIBGAS_Data_2023.xlsx,Trading Data PVB&VTP,2984
2023-07-24,GDAES_D+2,PVB,ES,2023-07-26,2023-07-26,29.95,29.62,29.83,30.4,29.45,29.25,30.4,M,29.83,3.94,7626,2100,0,MIBGAS_Data_2023.xlsx,Trading Data PVB&VTP,2961
2023-07-25,GDAES_D+2,PVB,ES,2023-07-27,2023-07-27,31.04,31,32,31.6,30.55,31,33,M,32,1.79,9102,2000,0,MIBGAS_Data_2023.xlsx,Trading Data PVB&VTP,2938
2023-07-26,GDAES_D+2,PVB,ES,2023-07-28,2023-07-28,31.93,34.25,29.88,34.25,29.5,,,M,29.88,2.74,19923,245,0,MIBGAS_Data_2023.xlsx,Trading Data PVB&VTP,2915
2023-07-27,GDAES_D+2,PVB,ES,2023-07-29,2023-07-29,29.55,30,28.15,30,28.05,27.89,29.5,M,28.15,5.34,1311,806,0,MIBGAS_Data_2023.xlsx,Trading Data PVB&VTP,2892
2023-07-28,GDAES_D+2,PVB,ES,2023-07-30,2023-07-30,25.93,27.19,25.57,27.19,25.03,25.51,26,M,25.57,1.9,6500,414,0,MIBGAS_Data_2023.xlsx,Trading Data PVB&VTP,2870
2023-07-29,GDAES_D+2,PVB,ES,2023-07-31,2023-07-31,25.04,25.41,24.5,25.41,24.5,24,25,M,24.5,2.42,5650,500,0,MIBGAS_Data_2023.xlsx,Trading Data PVB&VTP,2862
2023-07-30,GDAES_D+2,PVB,ES,2023-08-01,2023-08-01,24.91,,25.03,25.05,24.75,24.55,25.5,M,25.03,2.51,5100,0,0,MIBGAS_Data_2023.xlsx,Trading Data PVB&VTP,2854
2023-07-31,GDAES_D+2,PVB,ES,2023-08-02,2023-08-02,26.19,25.93,26.78,26.7,25.9,26.19,27,M,26.78,4.99,9817,1601,0,MIBGAS_Data_2023.xlsx,Trading Data PVB&VTP,2832
2023-08-01,GDAES_D+2,PVB,ES,2023-08-03,2023-08-03,28.29,28.3,28.05,28.3,27.8,27.8,29.79,M,28.05,6.98,6220,6120,0,MIBGAS_Data_2023.xlsx,Trading Data PVB&VTP,2809
2023-08-02,GDAES_D+2,PVB,ES,2023-08-04,2023-08-04,27.29,27.2,27.2,27.75,27,27,27.4,M,27.2,3.23,3701,200,0,MIBGAS_Data_2023.xlsx,Trading Data PVB&VTP,2786
2023-08-03,GDAES_D+2,PVB,ES,2023-08-05,2023-08-05,28.88,28.5,30.4,29,28.5,29.5,31.29,M,30.4,6.11,6600,1600,0,MIBGAS_Data_2023.xlsx,Trading Data PVB&VTP,2763
2023-08-04,GDAES_D+2,PVB,ES,2023-08-06,2023-08-06,27.86,29.06,28.04,29.85,26.5,26.9,28.2,M,28.04,5.37,13321,793,0,MIBGAS_Data_2023.xlsx,Trading Data PVB&VTP,2740
2023-08-05,GDAES_D+2,PVB,ES,2023-08-07,2023-08-07,28.29,28.5,28.35,28.5,28,28.04,28.4,M,28.35,2.13,2341,1000,0,MIBGAS_Data_2023.xlsx,Trading Data PVB&VTP,2732
2023-08-06,GDAES_D+2,PVB,ES,2023-08-08,2023-08-08,,,28.63,,,27.75,29.5,M,28.63,5.88,0,0,0,MIBGAS_Data_2023.xlsx,Trading Data PVB&VTP,2724
2023-08-07,GDAES_D+2,PVB,ES,2023-08-09,2023-08-09,29.16,29,29.73,29.5,29,29.24,30.08,M,29.73,2.37,11002,2400,0,MIBGAS_Data_2023.xlsx,Trading Data PVB&VTP,2701
2023-08-08,GDAES_D+2,PVB,ES,2023-08-10,2023-08-10,29.62,29.6,30.6,30.5,29.25,29.7,31.5,M,30.6,1.22,10474,2299,0,MIBGAS_Data_2023.xlsx,Trading Data PVB&VTP,2678
2023-08-09,GDAES_D+2,PVB,ES,2023-08-11,2023-08-11,34.79,30.6,41.29,41.5,30.6,,,M,41.29,12.08,5500,1800,0,MIBGAS_Data_2023.xlsx,Trading Data PVB&VTP,2655
2023-08-10,GDAES_D+2,PVB,ES,2023-08-12,2023-08-12,36.49,36.49,38.25,36.49,36.49,,,M,38.25,10.3,600,600,0,MIBGAS_Data_2023.xlsx,Trading Data PVB&VTP,2632
2023-08-11,GDAES_D+2,PVB,ES,2023-08-13,2023-08-13,34.73,36.97,33.38,50,31.99,33.29,33.99,M,33.38,2.08,10409,806,0,MIBGAS_Data_2023.xlsx,Trading Data PVB&VTP,2609
2023-08-12,GDAES_D+2,PVB,ES,2023-08-14,2023-08-14,31.73,32,32.65,32.1,31.5,32.5,32.8,M,32.65,3.9,14748,1000,0,MIBGAS_Data_2023.xlsx,Trading Data PVB&VTP,2601
2023-08-13,GDAES_D+2,PVB,ES,2023-08-15,2023-08-15,32.98,32.75,33.88,33.35,32.75,,,M,33.88,2.24,4700,100,0,MIBGAS_Data_2023.xlsx,Trading Data PVB&VTP,2593
2023-08-14,GDAES_D+2,PVB,ES,2023-08-16,2023-08-16,33.49,34.99,32.19,34.99,31.8,31.7,32.3,M,32.19,0.92,47496,4311,0,MIBGAS_Data_2023.xlsx,Trading Data PVB&VTP,2570
2023-08-15,GDAES_D+2,PVB,ES,2023-08-17,2023-08-17,34.6,34.2,36.35,37.25,34.05,35.95,36.75,M,36.35,2.47,26246,5550,0,MIBGAS_Data_2023.xlsx,Trading Data PVB&VTP,2547
2023-08-16,GDAES_D+2,PVB,ES,2023-08-18,2023-08-18,36.17,36.55,36.48,37,35.5,36,36.95,M,36.48,3.7,13501,1050,0,MIBGAS_Data_2023.xlsx,Trading Data PVB&VTP,2524
2023-08-17,GDAES_D+2,PVB,ES,2023-08-19,2023-08-19,36.75,35.55,36.38,37.1,35.55,35.55,37.2,M,36.38,3.26,7065,1050,0,MIBGAS_Data_2023.xlsx,Trading Data PVB&VTP,2501
2023-08-18,GDAES_D+2,PVB,ES,2023-08-20,2023-08-20,34.71,35,33.9,36,33.5,33.05,34.75,M,33.9,1.71,36883,3500,0,MIBGAS_Data_2023.xlsx,Trading Data PVB&VTP,2478
2023-08-19,GDAES_D+2,PVB,ES,2023-08-21,2023-08-21,37.14,36,37.33,37.65,36,37.19,37.7,M,37.33,1.61,17156,280,0,MIBGAS_Data_2023.xlsx,Trading Data PVB&VTP,2470
2023-08-20,GDAES_D+2,PVB,ES,2023-08-22,2023-08-22,38.62,38.06,38.9,39.9,38.06,38,39.8,M,38.9,3.27,20500,12000,0,MIBGAS_Data_2023.xlsx,Trading Data PVB&VTP,2462
2023-08-21,GDAES_D+2,PVB,ES,2023-08-23,2023-08-23,39.81,40.53,39.93,40.53,38.3,39.75,40.38,M,39.93,3.3,12421,6002,0,MIBGAS_Data_2023.xlsx,Trading Data PVB&VTP,2439
2023-08-22,GDAES_D+2,PVB,ES,2023-08-24,2023-08-24,41.45,39.75,42.75,44.25,39.5,,,M,42.75,4.29,14178,1002,0,MIBGAS_Data_2023.xlsx,Trading Data PVB&VTP,2416
2023-08-23,GDAES_D+2,PVB,ES,2023-08-25,2023-08-25,38.5,42.6,37.06,42.6,37,36.88,38,M,37.06,4.79,18391,300,0,MIBGAS_Data_2023.xlsx,Trading Data PVB&VTP,2393
2023-08-24,GDAES_D+2,PVB,ES,2023-08-26,2023-08-26,32.07,31,31.85,32.85,31,31,32.7,M,31.85,6.18,4200,1000,0,MIBGAS_Data_2023.xlsx,Trading Data PVB&VTP,2370
2023-08-25,GDAES_D+2,PVB,ES,2023-08-27,2023-08-27,33.85,32,34.85,38.95,31,34.33,35,M,34.85,1.46,22514,909,0,MIBGAS_Data_2023.xlsx,Trading Data PVB&VTP,2345
2023-08-26,GDAES_D+2,PVB,ES,2023-08-28,2023-08-28,35.3,34.48,34.8,36,34.48,34.6,35,M,34.8,3.95,4231,250,0,MIBGAS_Data_2023.xlsx,Trading Data PVB&VTP,2337
2023-08-27,GDAES_D+2,PVB,ES,2023-08-29,2023-08-29,34.51,34.75,34.73,34.75,34.05,34.5,34.95,M,34.73,1.89,9442,3200,0,MIBGAS_Data_2023.xlsx,Trading Data PVB&VTP,2329
2023-08-28,GDAES_D+2,PVB,ES,2023-08-30,2023-08-30,36.13,36,37.85,38.2,35.15,37.5,38.2,M,37.85,2.05,26107,152,0,MIBGAS_Data_2023.xlsx,Trading Data PVB&VTP,2307
2023-08-29,GDAES_D+2,PVB,ES,2023-08-31,2023-08-31,36.49,36.2,36.04,37,36,35.88,36.8,M,36.04,1.48,20850,1050,0,MIBGAS_Data_2023.xlsx,Trading Data PVB&VTP,2285
2023-08-30,GDAES_D+2,PVB,ES,2023-09-01,2023-09-01,35.31,34.49,35.95,36.8,34.35,35.78,36.5,M,35.95,,22606,2052,0,MIBGAS_Data_2023.xlsx,Trading Data PVB&VTP,2263
2023-08-31,GDAES_D+2,PVB,ES,2023-09-02,2023-09-02,36.6,37,34.88,39,34.9,34.01,35.75,M,34.88,8.02,7000,2000,0,MIBGAS_Data_2023.xlsx,Trading Data PVB&VTP,2241
2023-09-01,GDAES_D+2,PVB,ES,2023-09-03,2023-09-03,33.23,36,33.46,36,32,31.76,33.55,M,33.46,4.23,20428,603,0,MIBGAS_Data_2023.xlsx,Trading Data PVB&VTP,2218
2023-09-02,GDAES_D+2,PVB,ES,2023-09-04,2023-09-04,34.83,35.1,34.3,35.45,34,34.19,34.9,M,34.3,2.56,11000,1000,0,MIBGAS_Data_2023.xlsx,Trading Data PVB&VTP,2210
2023-09-03,GDAES_D+2,PVB,ES,2023-09-05,2023-09-05,34.04,,33.67,34.4,33.7,33.4,33.94,M,33.67,1.85,4350,0,0,MIBGAS_Data_2023.xlsx,Trading Data PVB&VTP,2202
2023-09-04,GDAES_D+2,PVB,ES,2023-09-06,2023-09-06,33.7,34,34,34.5,33,33,35,M,34,5.27,14350,3050,0,MIBGAS_Data_2023.xlsx,Trading Data PVB&VTP,2179
2023-09-05,GDAES_D+2,PVB,ES,2023-09-07,2023-09-07,33.56,32.8,33.95,34.15,32.8,33.7,34.2,M,33.95,1.77,20909,3252,0,MIBGAS_Data_2023.xlsx,Trading Data PVB&VTP,2156
2023-09-06,GDAES_D+2,PVB,ES,2023-09-08,2023-09-08,32.34,33.32,31.66,33.75,30.8,31.44,33,M,31.66,4.31,20818,1050,0,MIBGAS_Data_2023.xlsx,Trading Data PVB&VTP,2133
2023-09-07,GDAES_D+2,PVB,ES,2023-09-09,2023-09-09,30.56,29.52,30.9,32,29.52,,,M,30.9,5.96,4150,1050,0,MIBGAS_Data_2023.xlsx,Trading Data PVB&VTP,2110
2023-09-08,GDAES_D+2,PVB,ES,2023-09-10,2023-09-10,33.94,33.06,34.13,34.75,33.06,33.67,34.16,M,34.13,2.3,16415,3050,0,MIBGAS_Data_2023.xlsx,Trading Data PVB&VTP,2087
2023-09-09,GDAES_D+2,PVB,ES,2023-09-11,2023-09-11,35.72,35.21,35.56,36.05,35.21,35.06,36.05,M,35.56,3.28,31030,9220,0,MIBGAS_Data_2023.xlsx,Trading Data PVB&VTP,2079
2023-09-10,GDAES_D+2,PVB,ES,2023-09-12,2023-09-12,37.23,,39,38.25,36,38,40,M,39,2.76,17100,0,0,MIBGAS_Data_2023.xlsx,Trading Data PVB&VTP,2071
2023-09-11,GDAES_D+2,PVB,ES,2023-09-13,2023-09-13,36.81,36.5,36.43,37.3,36.15,36,36.55,M,36.43,1.41,15075,3100,0,MIBGAS_Data_2023.xlsx,Trading Data PVB&VTP,2048
2023-09-12,GDAES_D+2,PVB,ES,2023-09-14,2023-09-14,35.55,35.6,34.98,36,34.55,34.7,35.25,M,34.98,,6047,154,0,MIBGAS_Data_2023.xlsx,Trading Data PVB&VTP,2025
2023-09-13,GDAES_D+2,PVB,ES,2023-09-15,2023-09-15,35.47,35.25,36.35,36.5,35,36,36.4,M,36.35,1.63,15610,4000,0,MIBGAS_Data_2023.xlsx,Trading Data PVB&VTP,2002
2023-09-14,GDAES_D+2,PVB,ES,2023-09-16,2023-09-16,35.9,36,35.75,36,35.5,35.5,36,M,35.75,2.79,4422,1050,0,MIBGAS_Data_2023.xlsx,Trading Data PVB&VTP,1979
2023-09-15,GDAES_D+2,PVB,ES,2023-09-17,2023-09-17,34.99,33.45,36.7,36.75,33.45,35.6,36.94,M,36.7,1.71,13340,1050,0,MIBGAS_Data_2023.xlsx,Trading Data PVB&VTP,1956
2023-09-16,GDAES_D+2,PVB,ES,2023-09-18,2023-09-18,37.38,36.98,37.6,38.25,36.98,37,38.2,M,37.6,3.07,10220,3000,0,MIBGAS_Data_2023.xlsx,Trading Data PVB&VTP,1948
2023-09-17,GDAES_D+2,PVB,ES,2023-09-19,2023-09-19,37.48,,37.18,37.7,37.15,36.95,37.4,M,37.18,3.32,2000,0,0,MIBGAS_Data_2023.xlsx,Trading Data PVB&VTP,1940
2023-09-18,GDAES_D+2,PVB,ES,2023-09-20,2023-09-20,35.01,34.98,34.85,35.6,34.4,34.4,35.3,M,34.85,1.31,13217,6505,0,MIBGAS_Data_2023.xlsx,Trading Data PVB&VTP,1917
2023-09-19,GDAES_D+2,PVB,ES,2023-09-21,2023-09-21,35.43,35.3,37.4,37.55,34.7,,,M,37.4,2.58,5452,250,0,MIBGAS_Data_2023.xlsx,Trading Data PVB&VTP,1894
2023-09-20,GDAES_D+2,PVB,ES,2023-09-22,2023-09-22,37.27,38.01,37.38,38.45,36,36.96,37.65,M,37.38,4.14,16263,1000,0,MIBGAS_Data_2023.xlsx,Trading Data PVB&VTP,1871
2023-09-21,GDAES_D+2,PVB,ES,2023-09-23,2023-09-23,36.84,35.61,38.01,38.4,35.61,37.11,38.9,M,38.01,,3550,1050,0,MIBGAS_Data_2023.xlsx,Trading Data PVB&VTP,1848
2023-09-22,GDAES_D+2,PVB,ES,2023-09-24,2023-09-24,39.95,38.49,40.38,42.2,38.49,39.5,40.5,M,40.38,,11639,1434,0,MIBGAS_Data_2023.xlsx,Trading Data PVB&VTP,1825
2023-09-23,GDAES_D+2,PVB,ES,2023-09-25,2023-09-25,41.41,40.95,40.93,41.7,40.95,40.3,41.55,M,40.93,3.62,11044,44,0,MIBGAS_Data_2023.xlsx,Trading Data PVB&VTP,1817
2023-09-24,GDAES_D+2,PVB,ES,2023-09-26,2023-09-26,40.93,,41.01,41.6,40.5,40.9,41.7,M,41.01,1.12,11619,0,0,MIBGAS_Data_2023.xlsx,Trading Data PVB&VTP,1809
2023-09-25,GDAES_D+2,PVB,ES,2023-09-27,2023-09-27,43.77,41.5,44.83,45.1,41.5,43.2,45.06,M,44.83,,13200,1000,0,MIBGAS_Data_2023.xlsx,Trading Data PVB&VTP,1786
2023-09-26,GDAES_D+2,PVB,ES,2023-09-28,2023-09-28,41.13,43.25,39.78,43.25,40,39.05,40.5,M,39.78,1.93,14349,402,0,MIBGAS_Data_2023.xlsx,Trading Data PVB&VTP,1763
2023-09-27,GDAES_D+2,PVB,ES,2023-09-29,2023-09-29,39.15,39,39.65,39.8,38.4,38.62,39.8,M,39.65,2,8704,2000,0,MIBGAS_Data_2023.xlsx,Trading Data PVB&VTP,1741
2023-09-28,GDAES_D+2,PVB,ES,2023-09-30,2023-09-30,40.35,40.39,39.8,41.1,39.4,39.38,40,M,39.8,1.09,12390,2490,0,MIBGAS_Data_2023.xlsx,Trading Data PVB&VTP,1719
2023-09-29,GDAES_D+2,PVB,ES,2023-10-01,2023-10-01,38,38.9,38.16,39.21,36.05,38,38.51,M,38.16,2.62,49085,1353,0,MIBGAS_Data_2023.xlsx,Trading Data PVB&VTP,1697
2023-09-30,GDAES_D+2,PVB,ES,2023-10-02,2023-10-02,38.52,38.07,38.48,39,38.07,38.37,38.5,M,38.48,3.06,13000,2000,0,MIBGAS_Data_2023.xlsx,Trading Data PVB&VTP,1689
2023-10-01,GDAES_D+2,PVB,ES,2023-10-03,2023-10-03,39.76,39.17,40.44,40.5,39.17,40,40.5,M,40.44,2.93,9950,1500,0,MIBGAS_Data_2023.xlsx,Trading Data PVB&VTP,1681
2023-10-02,GDAES_D+2,PVB,ES,2023-10-04,2023-10-04,37.72,40,36.44,40,35.02,36.22,37.19,M,36.44,1.96,45415,6450,0,MIBGAS_Data_2023.xlsx,Trading Data PVB&VTP,1658
2023-10-03,GDAES_D+2,PVB,ES,2023-10-05,2023-10-05,32.96,34.47,32.88,34.47,32.05,32.65,33.1,M,32.88,,25581,3802,0,MIBGAS_Data_2023.xlsx,Trading Data PVB&VTP,1635
2023-10-04,GDAES_D+2,PVB,ES,2023-10-06,2023-10-06,34.02,34,34.58,34.9,33.4,34.25,34.9,M,34.58,1.49,19866,3050,0,MIBGAS_Data_2023.xlsx,Trading Data PVB&VTP,1612
2023-10-05,GDAES_D+2,PVB,ES,2023-10-07,2023-10-07,33.97,34.1,34,34.75,33.5,33.25,34.75,M,34,2.26,10263,1050,0,MIBGAS_Data_2023.xlsx,Trading Data PVB&VTP,1589
2023-10-06,GDAES_D+2,PVB,ES,2023-10-08,2023-10-08,33.96,33,34.57,35,33,33.8,34.57,M,34.57,2.06,10955,2103,0,MIBGAS_Data_2023.xlsx,Trading Data PVB&VTP,1566
2023-10-07,GDAES_D+2,PVB,ES,2023-10-09,2023-10-09,36.57,,36.71,37.15,36,36.62,36.92,M,36.71,3.63,6300,0,0,MIBGAS_Data_2023.xlsx,Trading Data PVB&VTP,1558
2023-10-08,GDAES_D+2,PVB,ES,2023-10-10,2023-10-10,37.15,36.6,37.8,38,36.6,37.6,38,M,37.8,2.18,2935,1600,0,MIBGAS_Data_2023.xlsx,Trading Data PVB&VTP,1550
2023-10-09,GDAES_D+2,PVB,ES,2023-10-11,2023-10-11,39.56,39,41.01,41.1,38.25,40.01,42,M,41.01,3.64,14900,2300,0,MIBGAS_Data_2023.xlsx,Trading Data PVB&VTP,1527
2023-10-10,GDAES_D+2,PVB,ES,2023-10-12,2023-10-12,44.51,46,46.88,47,43.8,46,47,M,46.88,4.71,17962,200,0,MIBGAS_Data_2023.xlsx,Trading Data PVB&VTP,1504
2023-10-11,GDAES_D+2,PVB,ES,2023-10-13,2023-10-13,45.84,45.5,44.5,46.8,44,44,45,M,44.5,1.24,41538,256,0,MIBGAS_Data_2023.xlsx,Trading Data PVB&VTP,1481
2023-10-12,GDAES_D+2,PVB,ES,2023-10-14,2023-10-14,47.08,46.9,47.75,48,45.5,47,48.5,M,47.75,3.05,2510,100,0,MIBGAS_Data_2023.xlsx,Trading Data PVB&VTP,1458
2023-10-13,GDAES_D+2,PVB,ES,2023-10-15,2023-10-15,51.09,52,51.45,52.5,49.5,51.37,51.5,M,51.45,3.13,15025,922,0,MIBGAS_Data_2023.xlsx,Trading Data PVB&VTP,1435
2023-10-14,GDAES_D+2,PVB,ES,2023-10-16,2023-10-16,51.57,51.88,51.92,52,51,51.29,52.03,M,51.92,2.49,14700,4000,0,MIBGAS_Data_2023.xlsx,Trading Data PVB&VTP,1427
2023-10-15,GDAES_D+2,PVB,ES,2023-10-17,2023-10-17,51.99,51.17,51.85,52.65,51.17,51.7,52,M,51.85,1.85,13162,2000,0,MIBGAS_Data_2023.xlsx,Trading Data PVB&VTP,1419
2023-10-16,GDAES_D+2,PVB,ES,2023-10-18,2023-10-18,49.44,49.8,46.41,51.09,45.5,,,M,46.41,2.56,13561,2604,0,MIBGAS_Data_2023.xlsx,Trading Data PVB&VTP,1396
2023-10-17,GDAES_D+2,PVB,ES,2023-10-19,2023-10-19,42.64,44.37,42.55,44.37,41.6,41,42.55,M,42.55,2.83,11625,220,0,MIBGAS_Data_2023.xlsx,Trading Data PVB&VTP,1373
2023-10-18,GDAES_D+2,PVB,ES,2023-10-20,2023-10-20,42.71,42,42.72,43.51,42,42.5,42.75,M,42.72,6.53,16022,2022,0,MIBGAS_Data_2023.xlsx,Trading Data PVB&VTP,1350
2023-10-19,GDAES_D+2,PVB,ES,2023-10-21,2023-10-21,41.56,,41.53,42,41.45,40.03,41.84,M,41.53,5.78,3343,0,0,MIBGAS_Data_2023.xlsx,Trading Data PVB&VTP,1327
2023-10-20,GDAES_D+2,PVB,ES,2023-10-22,2023-10-22,43.08,42.33,43.25,48.8,41.45,43,45,M,43.25,5.61,12172,2872,10000,MIBGAS_Data_2023.xlsx,Trading Data PVB&VTP,1304
2023-10-21,GDAES_D+2,PVB,ES,2023-10-23,2023-10-23,44.45,43.96,44.9,45,43.96,44.8,44.99,M,44.9,3.24,6850,300,0,MIBGAS_Data_2023.xlsx,Trading Data PVB&VTP,1296
2023-10-22,GDAES_D+2,PVB,ES,2023-10-24,2023-10-24,45.4,,45.61,46.2,44.8,44.9,46.31,M,45.61,1.93,11960,0,0,MIBGAS_Data_2023.xlsx,Trading Data PVB&VTP,1288
2023-10-23,GDAES_D+2,PVB,ES,2023-10-25,2023-10-25,45.49,46,45.85,46.5,45,45.73,46.88,M,45.85,4.56,15752,101,0,MIBGAS_Data_2023.xlsx,Trading Data PVB&VTP,1265
2023-10-24,GDAES_D+2,PVB,ES,2023-10-26,2023-10-26,46.58,46.86,45.58,48.05,45.35,45.5,46.1,M,45.58,1.43,20612,102,0,MIBGAS_Data_2023.xlsx,Trading Data PVB&VTP,1242
2023-10-25,GDAES_D+2,PVB,ES,2023-10-27,2023-10-27,46.06,47,46.05,47,45.7,45.5,46.13,M,46.05,1.71,17552,50,0,MIBGAS_Data_2023.xlsx,Trading Data PVB&VTP,1219
2023-10-26,GDAES_D+2,PVB,ES,2023-10-28,2023-10-28,45.1,47,45.25,47,45,44.5,46,M,45.25,3.53,1108,5,0,MIBGAS_Data_2023.xlsx,Trading Data PVB&VTP,1196
2023-10-27,GDAES_D+2,PVB,ES,2023-10-29,2023-10-29,44.45,45,43.5,45,42,43,44,M,43.5,3.51,3275,1430,0,MIBGAS_Data_2023.xlsx,Trading Data PVB&VTP,1173
2023-10-28,GDAES_D+2,PVB,ES,2023-10-30,2023-10-30,45.33,45.5,45.26,45.8,43.06,44.5,45.4,M,45.26,3.13,11610,4000,0,MIBGAS_Data_2023.xlsx,Trading Data PVB&VTP,1165
2023-10-29,GDAES_D+2,PVB,ES,2023-10-31,2023-10-31,45.41,,45.78,46,44.9,44.97,45.89,M,45.78,1.07,26810,0,0,MIBGAS_Data_2023.xlsx,Trading Data PVB&VTP,1157
2023-10-30,GDAES_D+2,PVB,ES,2023-11-01,2023-11-01,46.87,48.55,46.9,48.95,46.1,46,47.8,M,46.9,4.55,5888,500,0,MIBGAS_Data_2023.xlsx,Trading Data PVB&VTP,1135
2023-10-31,GDAES_D+2,PVB,ES,2023-11-02,2023-11-02,43.44,44.45,40,44.45,40,38.1,40,M,40,3.99,17718,9167,0,MIBGAS_Data_2023.xlsx,Trading Data PVB&VTP,1113
2023-11-01,GDAES_D+2,PVB,ES,2023-11-03,2023-11-03,36.78,,35.13,38,35,35,36,M,35.13,9.64,2303,0,0,MIBGAS_Data_2023.xlsx,Trading Data PVB&VTP,1090
2023-11-02,GDAES_D+2,PVB,ES,2023-11-04,2023-11-04,35.9,36,34,36,34,,,M,34,,5250,5000,0,MIBGAS_Data_2023.xlsx,Trading Data PVB&VTP,1067
2023-11-03,GDAES_D+2,PVB,ES,2023-11-05,2023-11-05,36.17,36.06,35.98,38,31.55,35,36.95,M,35.98,7.77,17041,4035,0,MIBGAS_Data_2023.xlsx,Trading Data PVB&VTP,1044
2023-11-04,GDAES_D+2,PVB,ES,2023-11-06,2023-11-06,36.95,35.82,37.87,37.25,35.82,,,M,37.87,3.54,5818,1000,0,MIBGAS_Data_2023.xlsx,Trading Data PVB&VTP,1036
2023-11-05,GDAES_D+2,PVB,ES,2023-11-07,2023-11-07,38.48,,37.7,39.95,37.5,37.1,38.3,M,37.7,6.09,5700,0,0,MIBGAS_Data_2023.xlsx,Trading Data PVB&VTP,1028
2023-11-06,GDAES_D+2,PVB,ES,2023-11-08,2023-11-08,38.04,36.4,38.99,39.5,36.4,38.5,39.11,M,38.99,4.9,6700,603,0,MIBGAS_Data_2023.xlsx,Trading Data PVB&VTP,1005
2023-11-07,GDAES_D+2,PVB,ES,2023-11-09,2023-11-09,41.15,40,41.05,42.1,40,,,M,41.05,3.33,7361,100,0,MIBGAS_Data_2023.xlsx,Trading Data PVB&VTP,982
2023-11-08,GDAES_D+2,PVB,ES,2023-11-10,2023-11-10,40.59,41,39.62,41,39.05,39.51,40.35,M,39.62,1.84,9400,57,0,MIBGAS_Data_2023.xlsx,Trading Data PVB&VTP,959
2023-11-09,GDAES_D+2,PVB,ES,2023-11-11,2023-11-11,40.33,41,37,41,37,,,M,37,7.7,4470,3720,0,MIBGAS_Data_2023.xlsx,Trading Data PVB&VTP,936
2023-11-10,GDAES_D+2,PVB,ES,2023-11-12,2023-11-12,34.97,36,33.3,37.5,32.85,,,M,33.3,5.47,12549,1065,0,MIBGAS_Data_2023.xlsx,Trading Data PVB&VTP,913
2023-11-11,GDAES_D+2,PVB,ES,2023-11-13,2023-11-13,35.02,,34.78,35.5,33.7,33.8,35.75,M,34.78,3.45,7605,0,0,MIBGAS_Data_2023.xlsx,Trading Data PVB&VTP,905
2023-11-12,GDAES_D+2,PVB,ES,2023-11-14,2023-11-14,33.54,,33.55,33.55,33.05,,,M,33.55,,307,0,0,MIBGAS_Data_2023.xlsx,Trading Data PVB&VTP,897
2023-11-13,GDAES_D+2,PVB,ES,2023-11-15,2023-11-15,31.43,34.5,31.3,34.5,30.4,30.4,32.2,M,31.3,3.94,4581,102,0,MIBGAS_Data_2023.xlsx,Trading Data PVB&VTP,874
2023-11-14,GDAES_D+2,PVB,ES,2023-11-16,2023-11-16,35.9,31,39.18,39.8,31,38.6,39.75,M,39.18,13.7,4350,1050,0,MIBGAS_Data_2023.xlsx,Trading Data PVB&VTP,851
2023-11-15,GDAES_D+2,PVB,ES,2023-11-17,2023-11-17,40.42,40,39.81,41,39.8,39.76,39.95,M,39.81,3.67,10750,50,0,MIBGAS_Data_2023.xlsx,Trading Data PVB&VTP,828
2023-11-16,GDAES_D+2,PVB,ES,2023-11-18,2023-11-18,40.25,,40.1,40.5,40,39.95,41.22,M,40.1,10.99,1000,0,0,MIBGAS_Data_2023.xlsx,Trading Data PVB&VTP,805
2023-11-17,GDAES_D+2,PVB,ES,2023-11-19,2023-11-19,38.82,40,36.44,40,36,,,M,36.44,4.61,15271,5065,0,MIBGAS_Data_2023.xlsx,Trading Data PVB&VTP,782
2023-11-18,GDAES_D+2,PVB,ES,2023-11-20,2023-11-20,38.69,,38.05,38.69,38.69,37.5,38.59,M,38.05,3.71,144,0,0,MIBGAS_Data_2023.xlsx,Trading Data PVB&VTP,774
2023-11-19,GDAES_D+2,PVB,ES,2023-11-21,2023-11-21,38.5,,39.13,38.5,38.5,38.25,40,M,39.13,7.01,7000,0,0,MIBGAS_Data_2023.xlsx,Trading Data PVB&VTP,766
2023-11-20,GDAES_D+2,PVB,ES,2023-11-22,2023-11-22,39.84,40,40.19,40.6,38.11,40,40.38,M,40.19,3.07,15835,102,0,MIBGAS_Data_2023.xlsx,Trading Data PVB&VTP,743
2023-11-21,GDAES_D+2,PVB,ES,2023-11-23,2023-11-23,40.29,41.45,38.59,41.45,38.5,38.5,39.2,M,38.59,1.22,11981,52,0,MIBGAS_Data_2023.xlsx,Trading Data PVB&VTP,720
2023-11-22,GDAES_D+2,PVB,ES,2023-11-24,2023-11-24,39.39,38.5,40,40.03,38.5,39,41,M,40,2.12,20704,1800,0,MIBGAS_Data_2023.xlsx,Trading Data PVB&VTP,697
2023-11-23,GDAES_D+2,PVB,ES,2023-11-25,2023-11-25,40.09,40.09,40.73,40.1,40.09,40.09,41.36,M,40.73,8.55,3154,3150,0,MIBGAS_Data_2023.xlsx,Trading Data PVB&VTP,674
2023-11-24,GDAES_D+2,PVB,ES,2023-11-26,2023-11-26,42.93,41.6,43.03,43.7,41.55,42.88,43.33,M,43.03,2.33,9127,525,0,MIBGAS_Data_2023.xlsx,Trading Data PVB&VTP,651
2023-11-25,GDAES_D+2,PVB,ES,2023-11-27,2023-11-27,43.04,43,43.34,43.25,42.95,43.21,44.38,M,43.34,2.79,5400,1500,0,MIBGAS_Data_2023.xlsx,Trading Data PVB&VTP,643
2023-11-26,GDAES_D+2,PVB,ES,2023-11-28,2023-11-28,42.95,42,43.34,43.77,42,42.9,43.77,M,43.34,2.76,6500,1500,0,MIBGAS_Data_2023.xlsx,Trading Data PVB&VTP,635
2023-11-27,GDAES_D+2,PVB,ES,2023-11-29,2023-11-29,41.45,42.99,41.25,42.99,40.9,41,41.5,M,41.25,1.49,8531,104,0,MIBGAS_Data_2023.xlsx,Trading Data PVB&VTP,613
2023-11-28,GDAES_D+2,PVB,ES,2023-11-30,2023-11-30,40.05,40.06,40.18,40.5,39.35,39.99,40.23,M,40.18,2.01,19841,3500,0,MIBGAS_Data_2023.xlsx,Trading Data PVB&VTP,591
2023-11-29,GDAES_D+2,PVB,ES,2023-12-01,2023-12-01,38.72,40.3,37.75,40.3,37.2,37.1,38.4,M,37.75,2.53,8436,52,0,MIBGAS_Data_2023.xlsx,Trading Data PVB&VTP,569
2023-11-30,GDAES_D+2,PVB,ES,2023-12-02,2023-12-02,38.1,,38.9,38.1,38.1,,,M,38.9,5.91,400,0,0,MIBGAS_Data_2023.xlsx,Trading Data PVB&VTP,547
2023-12-01,GDAES_D+2,PVB,ES,2023-12-03,2023-12-03,40.14,39,40.63,41.95,38.7,40.3,40.95,M,40.63,2.94,8661,15,0,MIBGAS_Data_2023.xlsx,Trading Data PVB&VTP,524
2023-12-02,GDAES_D+2,PVB,ES,2023-12-04,2023-12-04,41.71,42.3,41.6,42.5,41.4,41.4,41.8,M,41.6,3.08,8711,2005,0,MIBGAS_Data_2023.xlsx,Trading Data PVB&VTP,516
2023-12-03,GDAES_D+2,PVB,ES,2023-12-05,2023-12-05,42.33,42.75,42.53,42.75,42,42.1,42.95,M,42.53,1.6,5350,1500,0,MIBGAS_Data_2023.xlsx,Trading Data PVB&VTP,508
2023-12-04,GDAES_D+2,PVB,ES,2023-12-06,2023-12-06,39.13,39.97,38.25,39.97,38,37.5,39,M,38.25,1.4,14618,3258,0,MIBGAS_Data_2023.xlsx,Trading Data PVB&VTP,485
2023-12-05,GDAES_D+2,PVB,ES,2023-12-07,2023-12-07,36.91,36,36.59,38,36,36.5,37.02,M,36.59,3.67,15492,3125,0,MIBGAS_Data_2023.xlsx,Trading Data PVB&VTP,462
2023-12-06,GDAES_D+2,PVB,ES,2023-12-08,2023-12-08,36.77,37.85,36.55,37.85,36.25,36.2,36.9,M,36.55,2.34,1433,3,0,MIBGAS_Data_2023.xlsx,Trading Data PVB&VTP,439
2023-12-07,GDAES_D+2,PVB,ES,2023-12-09,2023-12-09,37.51,38.3,37.15,38.3,36.75,37,38.2,M,37.15,7.86,2099,6,0,MIBGAS_Data_2023.xlsx,Trading Data PVB&VTP,414
2023-12-08,GDAES_D+2,PVB,ES,2023-12-10,2023-12-10,36.6,37.97,36.18,37.97,35.44,35.35,37,M,36.18,1.9,10882,122,0,MIBGAS_Data_2023.xlsx,Trading Data PVB&VTP,391
2023-12-09,GDAES_D+2,PVB,ES,2023-12-11,2023-12-11,36.17,36.95,35.73,36.95,35.51,35.51,35.94,M,35.73,0.92,12162,1520,0,MIBGAS_Data_2023.xlsx,Trading Data PVB&VTP,383
2023-12-10,GDAES_D+2,PVB,ES,2023-12-12,2023-12-12,36.41,36.5,37.15,36.5,36.3,36.4,37.9,M,37.15,6.98,2000,100,0,MIBGAS_Data_2023.xlsx,Trading Data PVB&VTP,375
2023-12-11,GDAES_D+2,PVB,ES,2023-12-13,2023-12-13,34.91,35.25,33.75,35.25,34,33.5,34,M,33.75,2.36,7508,5000,0,MIBGAS_Data_2023.xlsx,Trading Data PVB&VTP,352
2023-12-12,GDAES_D+2,PVB,ES,2023-12-14,2023-12-14,33.21,34.5,32,34.5,31.9,31.7,32.3,M,32,1.46,6760,2250,0,MIBGAS_Data_2023.xlsx,Trading Data PVB&VTP,329
2023-12-13,GDAES_D+2,PVB,ES,2023-12-15,2023-12-15,32.64,32.55,32.9,32.8,32.4,32.75,33.05,M,32.9,1.93,3489,56,0,MIBGAS_Data_2023.xlsx,Trading Data PVB&VTP,306
2023-12-14,GDAES_D+2,PVB,ES,2023-12-16,2023-12-16,32.41,33.1,32.75,33.1,32.25,31.75,33.75,M,32.75,3.28,1800,100,0,MIBGAS_Data_2023.xlsx,Trading Data PVB&VTP,283
2023-12-15,GDAES_D+2,PVB,ES,2023-12-17,2023-12-17,31.28,31.7,30.75,32.5,30,,,M,30.75,3.05,4604,2015,0,MIBGAS_Data_2023.xlsx,Trading Data PVB&VTP,260
2023-12-16,GDAES_D+2,PVB,ES,2023-12-18,2023-12-18,33.21,31.8,33,34,31.8,32.75,33.25,M,33,3.45,23412,12,0,MIBGAS_Data_2023.xlsx,Trading Data PVB&VTP,252
2023-12-17,GDAES_D+2,PVB,ES,2023-12-19,2023-12-19,34.01,,34,34.29,33.74,33,35,M,34,3.83,5989,0,0,MIBGAS_Data_2023.xlsx,Trading Data PVB&VTP,244
2023-12-18,GDAES_D+2,PVB,ES,2023-12-20,2023-12-20,31.8,32.25,34,34,31.2,,,M,34,9.65,3555,350,0,MIBGAS_Data_2023.xlsx,Trading Data PVB&VTP,221
2023-12-19,GDAES_D+2,PVB,ES,2023-12-21,2023-12-21,31.15,32.4,30.73,32.4,30.7,,,M,30.73,2.76,8960,600,0,MIBGAS_Data_2023.xlsx,Trading Data PVB&VTP,198
2023-12-20,GDAES_D+2,PVB,ES,2023-12-22,2023-12-22,32.42,32.45,31.55,33.9,31,31.1,32,M,31.55,2.95,10220,2750,0,MIBGAS_Data_2023.xlsx,Trading Data PVB&VTP,175
2023-12-21,GDAES_D+2,PVB,ES,2023-12-23,2023-12-23,32.6,32.68,32.43,32.75,32.25,31.85,33,M,32.43,4.94,1100,600,0,MIBGAS_Data_2023.xlsx,Trading Data PVB&VTP,152
2023-12-22,GDAES_D+2,PVB,ES,2023-12-24,2023-12-24,31.22,30.73,32,33.2,30.15,,,M,32,6.32,17682,500,0,MIBGAS_Data_2023.xlsx,Trading Data PVB&VTP,125
2023-12-23,GDAES_D+2,PVB,ES,2023-12-25,2023-12-25,32.34,,32.25,32.5,32,32,32.5,M,32.25,2.77,2600,0,0,MIBGAS_Data_2023.xlsx,Trading Data PVB&VTP,115
2023-12-24,GDAES_D+2,PVB,ES,2023-12-26,2023-12-26,32.85,32.49,32.75,33.5,31.8,32,33.5,M,32.75,2.48,4279,1279,0,MIBGAS_Data_2023.xlsx,Trading Data PVB&VTP,107
2023-12-25,GDAES_D+2,PVB,ES,2023-12-27,2023-12-27,34.69,,34.6,35.19,34,34,35.19,M,34.6,8.83,1200,0,0,MIBGAS_Data_2023.xlsx,Trading Data PVB&VTP,97
2023-12-26,GDAES_D+2,PVB,ES,2023-12-28,2023-12-28,34.41,34,35.28,34.55,34,34.6,35.95,M,35.28,4.22,1300,100,0,MIBGAS_Data_2023.xlsx,Trading Data PVB&VTP,87
2023-12-27,GDAES_D+2,PVB,ES,2023-12-29,2023-12-29,34.81,35,33.7,35.1,33.51,,,M,33.7,1.2,5958,2000,0,MIBGAS_Data_2023.xlsx,Trading Data PVB&VTP,64
2023-12-28,GDAES_D+2,PVB,ES,2023-12-30,2023-12-30,31.7,32.5,31.4,32.6,31.3,31.35,31.44,M,31.4,1.68,22411,600,0,MIBGAS_Data_2023.xlsx,Trading Data PVB&VTP,42
2023-12-29,GDAES_D+2,PVB,ES,2023-12-31,2023-12-31,31.38,31.5,31.81,34.5,30.06,31.24,32.25,M,31.81,2.54,37875,36,0,MIBGAS_Data_2023.xlsx,Trading Data PVB&VTP,20
2023-12-30,GDAES_D+2,PVB,ES,2024-01-01,2024-01-01,29.92,30.89,29.93,30.89,28.9,,,M,29.93,4.94,2000,1000,0,MIBGAS_Data_2023.xlsx,Trading Data PVB&VTP,12
2023-12-31,GDAES_D+2,PVB,ES,2024-01-02,2024-01-02,30.22,,30.8,30.37,30.1,29.9,31.7,M,30.8,3.88,9807,0,0,MIBGAS_Data_2023.xlsx,Trading Data PVB&VTP,4
2024-01-01,GDAES_D+2,PVB,ES,2024-01-03,2024-01-03,30.17,30.01,30.19,30.5,30.0,,,M,,6.57,3100.0,2000.0,0.0,MIBGAS_Data_2024.xlsx,Trading Data PVB&VTP,6841
2024-01-02,GDAES_D+2,PVB,ES,2024-01-04,2024-01-04,31.05,32.0,30.78,32.0,30.0,,,M,,4.86,7692.0,150.0,0.0,MIBGAS_Data_2024.xlsx,Trading Data PVB&VTP,6818
2024-01-03,GDAES_D+2,PVB,ES,2024-01-05,2024-01-05,31.0,31.0,31.75,31.45,30.8,31.0,32.5,M,,4.26,3230.0,730.0,0.0,MIBGAS_Data_2024.xlsx,Trading Data PVB&VTP,6795
2024-01-04,GDAES_D+2,PVB,ES,2024-01-06,2024-01-06,33.2,33.2,32.05,33.2,33.2,31.1,33.0,M,,14.43,100.0,100.0,0.0,MIBGAS_Data_2024.xlsx,Trading Data PVB&VTP,6772
2024-01-05,GDAES_D+2,PVB,ES,2024-01-07,2024-01-07,32.82,32.39,34.5,34.0,32.39,34.15,34.85,M,,5.78,5252.0,3008.0,0.0,MIBGAS_Data_2024.xlsx,Trading Data PVB&VTP,6749
2024-01-06,GDAES_D+2,PVB,ES,2024-01-08,2024-01-08,34.75,,34.63,34.95,34.6,34.55,34.7,M,,2.93,4350.0,0.0,0.0,MIBGAS_Data_2024.xlsx,Trading Data PVB&VTP,6741
2024-01-07,GDAES_D+2,PVB,ES,2024-01-09,2024-01-09,36.24,,36.95,37.0,36.0,36.2,37.7,M,,2.97,8700.0,0.0,0.0,MIBGAS_Data_2024.xlsx,Trading Data PVB&VTP,6733
2024-01-08,GDAES_D+2,PVB,ES,2024-01-10,2024-01-10,32.23,32.75,31.98,34.0,32.0,31.7,32.25,M,,2.6,29086.0,5010.0,0.0,MIBGAS_Data_2024.xlsx,Trading Data PVB&VTP,6710
2024-01-09,GDAES_D+2,PVB,ES,2024-01-11,2024-01-11,30.79,31.0,30.69,31.7,30.55,30.6,30.7,M,,2.43,37508.0,11100.0,0.0,MIBGAS_Data_2024.xlsx,Trading Data PVB&VTP,6687
2024-01-10,GDAES_D+2,PVB,ES,2024-01-12,2024-01-12,30.39,30.6,30.9,30.6,30.07,30.45,31.35,M,,2.03,10549.0,3950.0,0.0,MIBGAS_Data_2024.xlsx,Trading Data PVB&VTP,6664
2024-01-11,GDAES_D+2,PVB,ES,2024-01-13,2024-01-13,30.36,30.4,30.95,30.4,30.0,,,M,,2.23,2045.0,1800.0,0.0,MIBGAS_Data_2024.xlsx,Trading Data PVB&VTP,6641
2024-01-12,GDAES_D+2,PVB,ES,2024-01-14,2024-01-14,30.37,30.2,30.87,31.0,30.1,30.58,30.88,M,,1.93,14371.0,609.0,0.0,MIBGAS_Data_2024.xlsx,Trading Data PVB&VTP,6618
2024-01-13,GDAES_D+2,PVB,ES,2024-01-15,2024-01-15,31.75,,32.1,32.1,31.15,31.65,32.55,M,,3.74,7515.0,0.0,0.0,MIBGAS_Data_2024.xlsx,Trading Data PVB&VTP,6610
2024-01-14,GDAES_D+2,PVB,ES,2024-01-16,2024-01-16,31.99,,31.72,32.1,31.85,31.1,32.34,M,,3.16,3200.0,0.0,0.0,MIBGAS_Data_2024.xlsx,Trading Data PVB&VTP,6602
2024-01-15,GDAES_D+2,PVB,ES,2024-01-17,2024-01-17,29.71,30.6,29.5,30.6,28.64,29.0,30.0,M,,2.69,12999.0,3700.0,0.0,MIBGAS_Data_2024.xlsx,Trading Data PVB&VTP,6579
2024-01-16,GDAES_D+2,PVB,ES,2024-01-18,2024-01-18,28.58,28.6,28.53,28.95,28.5,28.05,29.0,M,,1.47,4223.0,125.0,0.0,MIBGAS_Data_2024.xlsx,Trading Data PVB&VTP,6556
2024-01-17,GDAES_D+2,PVB,ES,2024-01-19,2024-01-19,27.26,27.9,26.51,27.9,26.5,26.5,26.6,M,,2.2,18518.0,4560.0,0.0,MIBGAS_Data_2024.xlsx,Trading Data PVB&VTP,6533
2024-01-18,GDAES_D+2,PVB,ES,2024-01-20,2024-01-20,26.94,27.0,27.38,27.2,26.5,26.5,28.25,M,,2.01,11802.0,202.0,0.0,MIBGAS_Data_2024.xlsx,Trading Data PVB&VTP,6510
2024-01-19,GDAES_D+2,PVB,ES,2024-01-21,2024-01-21,27.79,26.8,28.06,28.5,26.5,27.58,28.16,M,,2.04,18035.0,1657.0,0.0,MIBGAS_Data_2024.xlsx,Trading Data PVB&VTP,6487
2024-01-20,GDAES_D+2,PVB,ES,2024-01-22,2024-01-22,27.91,28.0,28.03,28.5,27.75,27.7,28.35,M,,2.12,6200.0,1000.0,0.0,MIBGAS_Data_2024.xlsx,Trading Data PVB&VTP,6479
2024-01-21,GDAES_D+2,PVB,ES,2024-01-23,2024-01-23,27.5,27.9,27.65,27.9,27.4,27.35,27.94,M,,2.37,2210.0,100.0,0.0,MIBGAS_Data_2024.xlsx,Trading Data PVB&VTP,6471
2024-01-22,GDAES_D+2,PVB,ES,2024-01-24,2024-01-24,26.72,27.0,26.77,27.0,26.3,26.57,26.79,M,,0.68,41764.0,15315.0,0.0,MIBGAS_Data_2024.xlsx,Trading Data PVB&VTP,6448
2024-01-23,GDAES_D+2,PVB,ES,2024-01-25,2024-01-25,26.93,27.0,26.7,27.35,26.65,26.6,26.8,M,,1.26,24213.0,303.0,0.0,MIBGAS_Data_2024.xlsx,Trading Data PVB&VTP,6425
2024-01-24,GDAES_D+2,PVB,ES,2024-01-26,2024-01-26,27.14,27.0,27.47,27.68,26.92,27.2,27.73,M,,0.73,10068.0,3000.0,0.0,MIBGAS_Data_2024.xlsx,Trading Data PVB&VTP,6402
2024-01-25,GDAES_D+2,PVB,ES,2024-01-27,2024-01-27,27.46,28.05,26.92,28.05,26.75,,,M,,9.87,3300.0,1400.0,0.0,MIBGAS_Data_2024.xlsx,Trading Data PVB&VTP,6379
2024-01-26,GDAES_D+2,PVB,ES,2024-01-28,2024-01-28,26.65,26.25,26.79,28.99,26.0,26.7,27.41,M,,2.58,17026.0,357.0,0.0,MIBGAS_Data_2024.xlsx,Trading Data PVB&VTP,6356
2024-01-27,GDAES_D+2,PVB,ES,2024-01-29,2024-01-29,27.14,27.15,27.15,27.15,27.0,27.0,27.3,M,,1.59,2200.0,150.0,0.0,MIBGAS_Data_2024.xlsx,Trading Data PVB&VTP,6348
2024-01-28,GDAES_D+2,PVB,ES,2024-01-30,2024-01-30,28.03,27.33,28.18,28.25,27.33,27.65,28.25,M,,4.83,4150.0,150.0,0.0,MIBGAS_Data_2024.xlsx,Trading Data PVB&VTP,6340
2024-01-29,GDAES_D+2,PVB,ES,2024-01-31,2024-01-31,28.03,27.85,27.83,28.1,27.8,27.7,27.95,M,,5.49,4800.0,350.0,0.0,MIBGAS_Data_2024.xlsx,Trading Data PVB&VTP,6318
2024-01-30,GDAES_D+2,PVB,ES,2024-02-01,2024-02-01,27.95,27.4,28.92,28.25,27.4,28.0,29.83,M,,5.31,2348.0,408.0,0.0,MIBGAS_Data_2024.xlsx,Trading Data PVB&VTP,6296
2024-01-31,GDAES_D+2,PVB,ES,2024-02-02,2024-02-02,29.31,30.1,29.45,31.0,28.7,28.9,30.0,M,,1.83,4830.0,200.0,0.0,MIBGAS_Data_2024.xlsx,Trading Data PVB&VTP,6274
2024-02-01,GDAES_D+2,PVB,ES,2024-02-03,2024-02-03,28.86,29.45,27.78,29.45,28.05,27.55,28.0,M,,2.02,800.0,300.0,0.0,MIBGAS_Data_2024.xlsx,Trading Data PVB&VTP,6251
2024-02-02,GDAES_D+2,PVB,ES,2024-02-04,2024-02-04,28.03,27.89,28.34,28.52,27.1,28.21,28.39,M,,1.95,14701.0,607.0,0.0,MIBGAS_Data_2024.xlsx,Trading Data PVB&VTP,6228
2024-02-03,GDAES_D+2,PVB,ES,2024-02-05,2024-02-05,28.27,,28.53,28.45,28.2,28.3,28.75,M,,1.93,13110.0,0.0,0.0,MIBGAS_Data_2024.xlsx,Trading Data PVB&VTP,6220
2024-02-04,GDAES_D+2,PVB,ES,2024-02-06,2024-02-06,29.4,29.5,29.5,29.5,29.0,29.0,29.99,M,,2.58,5000.0,3000.0,0.0,MIBGAS_Data_2024.xlsx,Trading Data PVB&VTP,6212
2024-02-05,GDAES_D+2,PVB,ES,2024-02-07,2024-02-07,27.94,28.9,27.7,28.9,27.5,27.5,27.9,M,,1.77,7120.0,205.0,0.0,MIBGAS_Data_2024.xlsx,Trading Data PVB&VTP,6189
2024-02-06,GDAES_D+2,PVB,ES,2024-02-08,2024-02-08,27.46,27.4,27.8,27.9,27.1,27.6,28.0,M,,0.84,10365.0,3655.0,0.0,MIBGAS_Data_2024.xlsx,Trading Data PVB&VTP,6166
2024-02-07,GDAES_D+2,PVB,ES,2024-02-09,2024-02-09,27.38,27.5,27.28,27.75,27.0,27.05,27.5,M,,1.4,4948.0,463.0,0.0,MIBGAS_Data_2024.xlsx,Trading Data PVB&VTP,6143
2024-02-08,GDAES_D+2,PVB,ES,2024-02-10,2024-02-10,27.11,27.1,26.77,27.35,26.65,26.73,27.0,M,,2.06,5906.0,2506.0,0.0,MIBGAS_Data_2024.xlsx,Trading Data PVB&VTP,6120
2024-02-09,GDAES_D+2,PVB,ES,2024-02-11,2024-02-11,26.43,26.17,26.56,27.0,26.05,26.26,26.6,M,,1.03,6481.0,901.0,0.0,MIBGAS_Data_2024.xlsx,Trading Data PVB&VTP,6097
2024-02-10,GDAES_D+2,PVB,ES,2024-02-12,2024-02-12,25.9,26.0,25.74,26.0,25.7,25.7,26.03,M,,1.11,3212.0,1000.0,0.0,MIBGAS_Data_2024.xlsx,Trading Data PVB&VTP,6089
2024-02-11,GDAES_D+2,PVB,ES,2024-02-13,2024-02-13,25.9,26.0,25.7,26.0,25.6,25.6,25.8,M,,1.0,3172.0,2000.0,0.0,MIBGAS_Data_2024.xlsx,Trading Data PVB&VTP,6081
2024-02-12,GDAES_D+2,PVB,ES,2024-02-14,2024-02-14,25.45,25.6,25.24,25.8,25.2,25.11,25.25,M,,1.03,14751.0,415.0,0.0,MIBGAS_Data_2024.xlsx,Trading Data PVB&VTP,6058
2024-02-13,GDAES_D+2,PVB,ES,2024-02-15,2024-02-15,25.05,25.3,24.97,25.47,24.75,24.51,25.04,M,,0.55,13628.0,50.0,0.0,MIBGAS_Data_2024.xlsx,Trading Data PVB&VTP,6035
2024-02-14,GDAES_D+2,PVB,ES,2024-02-16,2024-02-16,24.25,24.35,24.25,24.7,24.05,24.2,24.45,M,,2.7,4956.0,1155.0,0.0,MIBGAS_Data_2024.xlsx,Trading Data PVB&VTP,6012
2024-02-15,GDAES_D+2,PVB,ES,2024-02-17,2024-02-17,24.22,24.2,24.09,24.5,24.05,24.01,24.4,M,,2.02,7950.0,900.0,0.0,MIBGAS_Data_2024.xlsx,Trading Data PVB&VTP,5989
2024-02-16,GDAES_D+2,PVB,ES,2024-02-18,2024-02-18,24.3,24.25,24.65,25.0,23.9,24.56,24.73,M,,0.79,21581.0,3501.0,0.0,MIBGAS_Data_2024.xlsx,Trading Data PVB&VTP,5966
2024-02-17,GDAES_D+2,PVB,ES,2024-02-19,2024-02-19,24.75,,24.65,25.0,24.5,24.35,24.95,M,,2.45,200.0,0.0,0.0,MIBGAS_Data_2024.xlsx,Trading Data PVB&VTP,5958
2024-02-18,GDAES_D+2,PVB,ES,2024-02-20,2024-02-20,24.2,24.62,24.58,24.62,24.05,24.15,25.0,M,,1.79,2209.0,103.0,0.0,MIBGAS_Data_2024.xlsx,Trading Data PVB&VTP,5950
2024-02-19,GDAES_D+2,PVB,ES,2024-02-21,2024-02-21,23.43,23.99,23.5,23.99,23.25,23.5,23.8,M,,1.23,6800.0,810.0,0.0,MIBGAS_Data_2024.xlsx,Trading Data PVB&VTP,5927
2024-02-20,GDAES_D+2,PVB,ES,2024-02-22,2024-02-22,23.26,23.01,23.54,23.55,23.0,23.45,23.55,M,,,8055.0,1000.0,0.0,MIBGAS_Data_2024.xlsx,Trading Data PVB&VTP,5904
2024-02-21,GDAES_D+2,PVB,ES,2024-02-23,2024-02-23,23.61,23.74,23.73,23.74,23.5,23.6,23.85,M,,,5405.0,405.0,0.0,MIBGAS_Data_2024.xlsx,Trading Data PVB&VTP,5881
2024-02-22,GDAES_D+2,PVB,ES,2024-02-24,2024-02-24,23.34,23.75,22.91,23.75,22.75,22.83,23.4,M,,,5900.0,2000.0,0.0,MIBGAS_Data_2024.xlsx,Trading Data PVB&VTP,5858
2024-02-23,GDAES_D+2,PVB,ES,2024-02-25,2024-02-25,22.14,22.6,22.26,22.8,21.95,21.87,22.37,M,,1.0,31632.0,857.0,0.0,MIBGAS_Data_2024.xlsx,Trading Data PVB&VTP,5835
2024-02-24,GDAES_D+2,PVB,ES,2024-02-26,2024-02-26,23.28,23.38,23.25,23.43,23.15,23.0,23.5,M,,,5600.0,2000.0,0.0,MIBGAS_Data_2024.xlsx,Trading Data PVB&VTP,5827
2024-02-25,GDAES_D+2,PVB,ES,2024-02-27,2024-02-27,23.49,23.5,23.42,23.6,23.4,23.36,23.7,M,,,6790.0,3000.0,0.0,MIBGAS_Data_2024.xlsx,Trading Data PVB&VTP,5819
2024-02-26,GDAES_D+2,PVB,ES,2024-02-28,2024-02-28,22.88,22.5,23.13,23.15,22.5,23.01,23.15,M,,2.11,11660.0,2960.0,0.0,MIBGAS_Data_2024.xlsx,Trading Data PVB&VTP,5797
2024-02-27,GDAES_D+2,PVB,ES,2024-02-29,2024-02-29,23.38,23.15,23.95,24.1,23.0,23.5,24.4,M,,2.29,15645.0,3515.0,0.0,MIBGAS_Data_2024.xlsx,Trading Data PVB&VTP,5775
2024-02-28,GDAES_D+2,PVB,ES,2024-03-01,2024-03-01,24.67,24.35,25.25,25.5,24.35,24.9,25.6,M,,3.14,19055.0,8785.0,0.0,MIBGAS_Data_2024.xlsx,Trading Data PVB&VTP,5753
2024-02-29,GDAES_D+2,PVB,ES,2024-03-02,2024-03-02,24.38,24.4,24.43,24.4,24.35,24.35,25.0,M,,7.87,1150.0,150.0,0.0,MIBGAS_Data_2024.xlsx,Trading Data PVB&VTP,5731
2024-03-01,GDAES_D+2,PVB,ES,2024-03-03,2024-03-03,25.08,25.16,25.08,25.5,24.4,25.0,25.6,M,,1.61,11135.0,301.0,0.0,MIBGAS_Data_2024.xlsx,Trading Data PVB&VTP,5708
2024-03-02,GDAES_D+2,PVB,ES,2024-03-04,2024-03-04,24.86,25.0,24.78,25.0,24.75,24.75,25.0,M,,1.19,1218.0,3.0,0.0,MIBGAS_Data_2024.xlsx,Trading Data PVB&VTP,5700
2024-03-03,GDAES_D+2,PVB,ES,2024-03-05,2024-03-05,25.12,24.97,24.96,25.15,24.95,24.95,25.1,M,,1.49,6221.0,100.0,0.0,MIBGAS_Data_2024.xlsx,Trading Data PVB&VTP,5692
2024-03-04,GDAES_D+2,PVB,ES,2024-03-06,2024-03-06,24.89,24.6,26.35,26.4,24.45,26.0,26.4,M,,1.9,16735.0,2155.0,0.0,MIBGAS_Data_2024.xlsx,Trading Data PVB&VTP,5669
2024-03-05,GDAES_D+2,PVB,ES,2024-03-07,2024-03-07,27.6,27.0,27.41,27.9,27.0,27.02,27.8,M,,3.73,4000.0,500.0,0.0,MIBGAS_Data_2024.xlsx,Trading Data PVB&VTP,5646
2024-03-06,GDAES_D+2,PVB,ES,2024-03-08,2024-03-08,26.95,26.31,26.51,27.99,26.05,26.35,27.5,M,,3.22,10285.0,500.0,0.0,MIBGAS_Data_2024.xlsx,Trading Data PVB&VTP,5623
2024-03-07,GDAES_D+2,PVB,ES,2024-03-09,2024-03-09,25.58,25.58,26.23,25.58,25.58,25.6,26.85,M,,5.6,100.0,100.0,0.0,MIBGAS_Data_2024.xlsx,Trading Data PVB&VTP,5600
2024-03-08,GDAES_D+2,PVB,ES,2024-03-10,2024-03-10,26.06,25.87,25.95,26.4,25.5,25.85,26.05,M,,0.96,6485.0,708.0,0.0,MIBGAS_Data_2024.xlsx,Trading Data PVB&VTP,5577
2024-03-09,GDAES_D+2,PVB,ES,2024-03-11,2024-03-11,26.24,26.2,26.55,26.4,26.2,26.35,26.75,M,,1.83,3398.0,1998.0,0.0,MIBGAS_Data_2024.xlsx,Trading Data PVB&VTP,5569
2024-03-10,GDAES_D+2,PVB,ES,2024-03-12,2024-03-12,27.18,,27.25,27.4,26.95,27.0,27.5,M,,5.17,3000.0,0.0,0.0,MIBGAS_Data_2024.xlsx,Trading Data PVB&VTP,5561
2024-03-11,GDAES_D+2,PVB,ES,2024-03-13,2024-03-13,25.54,26.0,25.3,26.0,24.85,24.9,25.7,M,,2.6,6048.0,3000.0,0.0,MIBGAS_Data_2024.xlsx,Trading Data PVB&VTP,5538
2024-03-12,GDAES_D+2,PVB,ES,2024-03-14,2024-03-14,24.57,24.69,24.6,24.75,24.4,24.35,24.85,M,,2.2,3305.0,55.0,0.0,MIBGAS_Data_2024.xlsx,Trading Data PVB&VTP,5515
2024-03-13,GDAES_D+2,PVB,ES,2024-03-15,2024-03-15,24.92,25.0,25.05,25.1,24.7,24.8,25.3,M,,2.05,735.0,155.0,0.0,MIBGAS_Data_2024.xlsx,Trading Data PVB&VTP,5492
2024-03-14,GDAES_D+2,PVB,ES,2024-03-16,2024-03-16,24.85,,26.35,25.2,24.75,,,M,,2.7,74.0,0.0,0.0,MIBGAS_Data_2024.xlsx,Trading Data PVB&VTP,5469
2024-03-15,GDAES_D+2,PVB,ES,2024-03-17,2024-03-17,26.75,26.24,26.85,27.1,25.9,26.7,27.0,M,,2.57,7120.0,205.0,0.0,MIBGAS_Data_2024.xlsx,Trading Data PVB&VTP,5446
2024-03-16,GDAES_D+2,PVB,ES,2024-03-18,2024-03-18,27.53,27.1,27.74,27.8,27.1,27.4,27.79,M,,1.33,6395.0,1000.0,0.0,MIBGAS_Data_2024.xlsx,Trading Data PVB&VTP,5438
2024-03-17,GDAES_D+2,PVB,ES,2024-03-19,2024-03-19,27.75,,27.71,27.85,27.7,27.65,27.72,M,,1.24,3500.0,0.0,0.0,MIBGAS_Data_2024.xlsx,Trading Data PVB&VTP,5430
2024-03-18,GDAES_D+2,PVB,ES,2024-03-20,2024-03-20,28.5,28.43,28.4,29.0,28.21,28.31,28.93,M,,1.56,21805.0,1200.0,0.0,MIBGAS_Data_2024.xlsx,Trading Data PVB&VTP,5407
2024-03-19,GDAES_D+2,PVB,ES,2024-03-21,2024-03-21,28.49,29.2,28.53,29.2,27.8,28.0,29.05,M,,1.71,12880.0,150.0,0.0,MIBGAS_Data_2024.xlsx,Trading Data PVB&VTP,5384
2024-03-20,GDAES_D+2,PVB,ES,2024-03-22,2024-03-22,28.27,28.34,28.15,28.5,27.5,27.7,28.6,M,,1.69,11480.0,105.0,0.0,MIBGAS_Data_2024.xlsx,Trading Data PVB&VTP,5361
2024-03-21,GDAES_D+2,PVB,ES,2024-03-23,2024-03-23,27.41,27.35,26.5,27.6,26.5,26.0,27.0,M,,1.81,4250.0,100.0,0.0,MIBGAS_Data_2024.xlsx,Trading Data PVB&VTP,5338
2024-03-22,GDAES_D+2,PVB,ES,2024-03-24,2024-03-24,26.65,26.42,27.66,27.4,26.4,27.01,28.3,M,,2.36,9687.0,2000.0,0.0,MIBGAS_Data_2024.xlsx,Trading Data PVB&VTP,5315
2024-03-23,GDAES_D+2,PVB,ES,2024-03-25,2024-03-25,27.11,27.2,27.0,27.35,27.0,26.52,27.0,M,,1.97,4484.0,1000.0,0.0,MIBGAS_Data_2024.xlsx,Trading Data PVB&VTP,5307
2024-03-24,GDAES_D+2,PVB,ES,2024-03-26,2024-03-26,27.32,,27.49,27.4,27.25,27.1,27.88,M,,2.22,1300.0,0.0,0.0,MIBGAS_Data_2024.xlsx,Trading Data PVB&VTP,5299
2024-03-25,GDAES_D+2,PVB,ES,2024-03-27,2024-03-27,28.41,28.4,28.2,28.63,28.0,27.8,28.6,M,,0.94,22332.0,201.0,0.0,MIBGAS_Data_2024.xlsx,Trading Data PVB&VTP,5276
2024-03-26,GDAES_D+2,PVB,ES,2024-03-28,2024-03-28,27.5,27.5,27.25,27.83,27.0,27.0,27.5,M,,1.51,10354.0,1000.0,0.0,MIBGAS_Data_2024.xlsx,Trading Data PVB&VTP,5253
2024-03-27,GDAES_D+2,PVB,ES,2024-03-29,2024-03-29,27.21,27.5,27.6,28.0,26.55,27.35,27.85,M,,0.91,20048.0,5300.0,0.0,MIBGAS_Data_2024.xlsx,Trading Data PVB&VTP,5224
2024-03-28,GDAES_D+2,PVB,ES,2024-03-30,2024-03-30,27.36,27.8,26.99,27.95,27.05,26.69,27.95,M,,2.4,13704.0,900.0,0.0,MIBGAS_Data_2024.xlsx,Trading Data PVB&VTP,5200
2024-03-29,GDAES_D+2,PVB,ES,2024-03-31,2024-03-31,27.44,27.1,27.82,27.8,27.1,27.76,28.08,M,,1.8,7936.0,2030.0,0.0,MIBGAS_Data_2024.xlsx,Trading Data PVB&VTP,5190
2024-03-30,GDAES_D+2,PVB,ES,2024-04-01,2024-04-01,28.5,,28.35,28.5,28.5,28.05,28.65,M,,3.6,1000.0,0.0,0.0,MIBGAS_Data_2024.xlsx,Trading Data PVB&VTP,5182
2024-03-31,GDAES_D+2,PVB,ES,2024-04-02,2024-04-02,29.04,,28.9,29.3,28.5,28.6,29.2,M,,1.9,6460.0,0.0,0.0,MIBGAS_Data_2024.xlsx,Trading Data PVB&VTP,5174
2024-04-01,GDAES_D+2,PVB,ES,2024-04-03,2024-04-03,29.46,28.75,29.44,31.95,28.75,29.0,29.5,M,,10.18,1196.0,150.0,0.0,MIBGAS_Data_2024.xlsx,Trading Data PVB&VTP,5164
2024-04-02,GDAES_D+2,PVB,ES,2024-04-04,2024-04-04,27.06,27.25,26.83,27.25,26.71,26.77,27.2,M,,4.14,26267.0,3357.0,0.0,MIBGAS_Data_2024.xlsx,Trading Data PVB&VTP,5141
2024-04-03,GDAES_D+2,PVB,ES,2024-04-05,2024-04-05,26.03,26.1,25.95,26.49,25.7,25.7,26.2,M,,2.05,17444.0,9155.0,0.0,MIBGAS_Data_2024.xlsx,Trading Data PVB&VTP,5118
2024-04-04,GDAES_D+2,PVB,ES,2024-04-06,2024-04-06,26.28,,26.65,26.5,26.05,26.1,27.2,M,,6.24,100.0,0.0,0.0,MIBGAS_Data_2024.xlsx,Trading Data PVB&VTP,5095
2024-04-05,GDAES_D+2,PVB,ES,2024-04-07,2024-04-07,26.67,26.49,27.05,27.0,26.06,26.66,27.1,M,,2.55,4219.0,167.0,0.0,MIBGAS_Data_2024.xlsx,Trading Data PVB&VTP,5072
2024-04-06,GDAES_D+2,PVB,ES,2024-04-08,2024-04-08,27.27,26.83,27.35,27.7,26.83,27.0,27.7,M,,3.53,2000.0,1000.0,0.0,MIBGAS_Data_2024.xlsx,Trading Data PVB&VTP,5064
2024-04-07,GDAES_D+2,PVB,ES,2024-04-09,2024-04-09,27.17,27.0,27.06,27.45,27.0,26.99,27.36,M,,2.45,3125.0,750.0,0.0,MIBGAS_Data_2024.xlsx,Trading Data PVB&VTP,5056
2024-04-08,GDAES_D+2,PVB,ES,2024-04-10,2024-04-10,26.91,26.75,27.73,27.05,26.75,27.05,28.4,M,,3.29,2255.0,115.0,0.0,MIBGAS_Data_2024.xlsx,Trading Data PVB&VTP,5033
2024-04-09,GDAES_D+2,PVB,ES,2024-04-11,2024-04-11,28.01,27.8,28.13,28.94,27.5,27.75,28.5,M,,3.59,4668.0,160.0,0.0,MIBGAS_Data_2024.xlsx,Trading Data PVB&VTP,5010
2024-04-10,GDAES_D+2,PVB,ES,2024-04-12,2024-04-12,27.81,28.0,28.53,28.15,27.25,,,M,,2.34,10768.0,60.0,0.0,MIBGAS_Data_2024.xlsx,Trading Data PVB&VTP,4987
2024-04-11,GDAES_D+2,PVB,ES,2024-04-13,2024-04-13,29.33,,29.33,,,29.15,29.5,M,,2.88,0.0,0.0,0.0,MIBGAS_Data_2024.xlsx,Trading Data PVB&VTP,4964
2024-04-12,GDAES_D+2,PVB,ES,2024-04-14,2024-04-14,29.98,30.3,30.0,30.6,29.5,29.5,30.5,M,,3.01,6785.0,200.0,0.0,MIBGAS_Data_2024.xlsx,Trading Data PVB&VTP,4941
2024-04-13,GDAES_D+2,PVB,ES,2024-04-15,2024-04-15,29.7,29.7,29.85,29.7,29.7,29.3,30.4,M,,4.65,2400.0,2400.0,0.0,MIBGAS_Data_2024.xlsx,Trading Data PVB&VTP,4933
2024-04-14,GDAES_D+2,PVB,ES,2024-04-16,2024-04-16,31.15,31.17,30.98,31.17,31.0,30.6,31.35,M,,4.77,3500.0,3000.0,0.0,MIBGAS_Data_2024.xlsx,Trading Data PVB&VTP,4925
2024-04-15,GDAES_D+2,PVB,ES,2024-04-17,2024-04-17,30.37,30.74,30.78,32.0,29.9,30.45,31.1,M,,5.87,10355.0,2100.0,0.0,MIBGAS_Data_2024.xlsx,Trading Data PVB&VTP,4902
2024-04-16,GDAES_D+2,PVB,ES,2024-04-18,2024-04-18,32.59,31.65,33.0,33.0,31.65,,,M,,11.67,3943.0,100.0,0.0,MIBGAS_Data_2024.xlsx,Trading Data PVB&VTP,4879
2024-04-17,GDAES_D+2,PVB,ES,2024-04-19,2024-04-19,31.7,32.79,30.99,32.79,30.85,30.89,31.24,M,,6.17,5070.0,55.0,0.0,MIBGAS_Data_2024.xlsx,Trading Data PVB&VTP,4856
2024-04-18,GDAES_D+2,PVB,ES,2024-04-20,2024-04-20,32.0,,31.3,32.0,32.0,,,M,,7.79,500.0,0.0,0.0,MIBGAS_Data_2024.xlsx,Trading Data PVB&VTP,4833
2024-04-19,GDAES_D+2,PVB,ES,2024-04-21,2024-04-21,31.07,31.99,30.38,31.99,30.0,30.34,30.6,M,,2.37,9309.0,1036.0,0.0,MIBGAS_Data_2024.xlsx,Trading Data PVB&VTP,4810
2024-04-20,GDAES_D+2,PVB,ES,2024-04-22,2024-04-22,30.3,,30.55,30.3,30.3,30.3,30.8,M,,2.61,2000.0,0.0,0.0,MIBGAS_Data_2024.xlsx,Trading Data PVB&VTP,4802
2024-04-21,GDAES_D+2,PVB,ES,2024-04-23,2024-04-23,30.99,,30.5,31.3,30.6,30.1,30.9,M,,3.4,3300.0,0.0,0.0,MIBGAS_Data_2024.xlsx,Trading Data PVB&VTP,4794
2024-04-22,GDAES_D+2,PVB,ES,2024-04-24,2024-04-24,29.78,30.0,29.35,30.1,29.0,29.18,30.5,M,,1.94,10132.0,105.0,0.0,MIBGAS_Data_2024.xlsx,Trading Data PVB&VTP,4771
2024-04-23,GDAES_D+2,PVB,ES,2024-04-25,2024-04-25,29.15,28.99,29.1,29.45,28.4,28.31,29.9,M,,2.41,10415.0,55.0,0.0,MIBGAS_Data_2024.xlsx,Trading Data PVB&VTP,4748
2024-04-24,GDAES_D+2,PVB,ES,2024-04-26,2024-04-26,28.71,29.19,29.0,29.19,28.25,28.6,29.4,M,,1.99,7195.0,55.0,0.0,MIBGAS_Data_2024.xlsx,Trading Data PVB&VTP,4725
2024-04-25,GDAES_D+2,PVB,ES,2024-04-27,2024-04-27,30.25,,31.3,30.3,30.2,,,M,,13.92,1000.0,0.0,0.0,MIBGAS_Data_2024.xlsx,Trading Data PVB&VTP,4702
2024-04-26,GDAES_D+2,PVB,ES,2024-04-28,2024-04-28,29.57,29.66,29.12,29.99,29.0,28.69,29.15,M,,2.28,16247.0,7447.0,0.0,MIBGAS_Data_2024.xlsx,Trading Data PVB&VTP,4679
2024-04-27,GDAES_D+2,PVB,ES,2024-04-29,2024-04-29,29.78,29.4,29.68,30.0,29.4,29.35,30.0,M,,3.6,3240.0,1000.0,0.0,MIBGAS_Data_2024.xlsx,Trading Data PVB&VTP,4671
2024-04-28,GDAES_D+2,PVB,ES,2024-04-30,2024-04-30,29.8,,29.8,,,29.5,30.1,M,,1.98,0.0,0.0,0.0,MIBGAS_Data_2024.xlsx,Trading Data PVB&VTP,4663
2024-04-29,GDAES_D+2,PVB,ES,2024-05-01,2024-05-01,28.2,28.3,28.07,28.3,28.0,28.02,28.4,M,,3.87,12426.0,2401.0,0.0,MIBGAS_Data_2024.xlsx,Trading Data PVB&VTP,4641
2024-04-30,GDAES_D+2,PVB,ES,2024-05-02,2024-05-02,29.19,28.6,29.34,30.95,28.6,29.1,29.91,M,,1.53,34580.0,2000.0,0.0,MIBGAS_Data_2024.xlsx,Trading Data PVB&VTP,4619
2024-05-01,GDAES_D+2,PVB,ES,2024-05-03,2024-05-03,29.2,29.49,28.9,29.49,28.75,28.7,29.1,M,,1.1,5690.0,2250.0,0.0,MIBGAS_Data_2024.xlsx,Trading Data PVB&VTP,4609
2024-05-02,GDAES_D+2,PVB,ES,2024-05-04,2024-05-04,29.12,29.6,30.83,29.6,29.1,30.25,31.4,M,,3.24,21.0,1.0,0.0,MIBGAS_Data_2024.xlsx,Trading Data PVB&VTP,4586
2024-05-03,GDAES_D+2,PVB,ES,2024-05-05,2024-05-05,30.88,30.51,30.38,31.99,29.3,30.29,30.95,M,,2.11,8893.0,2400.0,0.0,MIBGAS_Data_2024.xlsx,Trading Data PVB&VTP,4561
2024-05-04,GDAES_D+2,PVB,ES,2024-05-06,2024-05-06,29.43,29.8,29.5,29.8,29.06,29.3,29.7,M,,1.1,12626.0,150.0,0.0,MIBGAS_Data_2024.xlsx,Trading Data PVB&VTP,4553
2024-05-05,GDAES_D+2,PVB,ES,2024-05-07,2024-05-07,30.0,29.57,30.18,30.33,29.57,29.96,30.4,M,,2.76,11600.0,3000.0,0.0,MIBGAS_Data_2024.xlsx,Trading Data PVB&VTP,4545
2024-05-06,GDAES_D+2,PVB,ES,2024-05-08,2024-05-08,31.5,31.29,32.88,31.65,31.25,,,M,,5.11,1615.0,100.0,0.0,MIBGAS_Data_2024.xlsx,Trading Data PVB&VTP,4522
2024-05-07,GDAES_D+2,PVB,ES,2024-05-09,2024-05-09,31.62,31.96,31.06,32.5,31.0,31.0,31.45,M,,4.45,13108.0,2255.0,0.0,MIBGAS_Data_2024.xlsx,Trading Data PVB&VTP,4499
2024-05-08,GDAES_D+2,PVB,ES,2024-05-10,2024-05-10,30.46,30.7,30.46,30.85,30.15,30.2,31.69,M,,2.34,2250.0,350.0,0.0,MIBGAS_Data_2024.xlsx,Trading Data PVB&VTP,4476
2024-05-09,GDAES_D+2,PVB,ES,2024-05-11,2024-05-11,30.39,30.01,31.28,30.95,30.01,30.55,32.0,M,,3.62,4500.0,2500.0,0.0,MIBGAS_Data_2024.xlsx,Trading Data PVB&VTP,4453
2024-05-10,GDAES_D+2,PVB,ES,2024-05-12,2024-05-12,30.35,30.85,29.15,31.55,29.05,29.04,29.83,M,,0.74,11585.0,3500.0,0.0,MIBGAS_Data_2024.xlsx,Trading Data PVB&VTP,4430
2024-05-11,GDAES_D+2,PVB,ES,2024-05-13,2024-05-13,29.66,29.69,29.68,29.69,29.6,29.55,29.8,M,,1.34,395.0,245.0,0.0,MIBGAS_Data_2024.xlsx,Trading Data PVB&VTP,4422
2024-05-12,GDAES_D+2,PVB,ES,2024-05-14,2024-05-14,29.88,29.84,30.02,29.9,29.84,29.85,30.19,M,,1.36,451.0,151.0,0.0,MIBGAS_Data_2024.xlsx,Trading Data PVB&VTP,4414
2024-05-13,GDAES_D+2,PVB,ES,2024-05-15,2024-05-15,29.55,29.65,29.25,30.0,29.2,29.2,29.6,M,,1.12,9505.0,852.0,0.0,MIBGAS_Data_2024.xlsx,Trading Data PVB&VTP,4391
2024-05-14,GDAES_D+2,PVB,ES,2024-05-16,2024-05-16,29.75,29.5,30.58,30.2,29.5,,,M,,1.98,2778.0,810.0,0.0,MIBGAS_Data_2024.xlsx,Trading Data PVB&VTP,4368
2024-05-15,GDAES_D+2,PVB,ES,2024-05-17,2024-05-17,30.27,30.39,30.2,30.5,29.8,29.75,30.65,M,,1.86,3177.0,57.0,0.0,MIBGAS_Data_2024.xlsx,Trading Data PVB&VTP,4345
2024-05-16,GDAES_D+2,PVB,ES,2024-05-18,2024-05-18,30.01,29.94,30.48,30.7,29.94,30.1,30.85,M,,3.18,166.0,150.0,0.0,MIBGAS_Data_2024.xlsx,Trading Data PVB&VTP,4322
2024-05-17,GDAES_D+2,PVB,ES,2024-05-19,2024-05-19,30.77,30.81,30.85,31.65,30.28,30.5,30.9,M,,1.09,8607.0,2000.0,0.0,MIBGAS_Data_2024.xlsx,Trading Data PVB&VTP,4299
2024-05-18,GDAES_D+2,PVB,ES,2024-05-20,2024-05-20,31.45,31.26,31.48,31.75,31.25,31.3,31.65,M,,1.37,5900.0,1000.0,0.0,MIBGAS_Data_2024.xlsx,Trading Data PVB&VTP,4291
2024-05-19,GDAES_D+2,PVB,ES,2024-05-21,2024-05-21,31.46,,31.55,31.5,31.4,31.4,31.7,M,,1.37,2000.0,0.0,0.0,MIBGAS_Data_2024.xlsx,Trading Data PVB&VTP,4283
2024-05-20,GDAES_D+2,PVB,ES,2024-05-22,2024-05-22,32.04,31.65,32.25,32.3,31.65,32.1,32.4,M,,1.09,5401.0,551.0,0.0,MIBGAS_Data_2024.xlsx,Trading Data PVB&VTP,4260
2024-05-21,GDAES_D+2,PVB,ES,2024-05-23,2024-05-23,32.21,32.2,32.88,32.49,31.8,32.05,33.7,M,,1.36,9168.0,400.0,0.0,MIBGAS_Data_2024.xlsx,Trading Data PVB&VTP,4237
2024-05-22,GDAES_D+2,PVB,ES,2024-05-24,2024-05-24,34.16,34.29,34.5,34.7,33.55,33.75,35.25,M,,2.97,3611.0,1.0,0.0,MIBGAS_Data_2024.xlsx,Trading Data PVB&VTP,4214
2024-05-23,GDAES_D+2,PVB,ES,2024-05-25,2024-05-25,35.04,34.74,35.73,35.2,34.74,34.8,36.65,M,,4.14,2855.0,705.0,0.0,MIBGAS_Data_2024.xlsx,Trading Data PVB&VTP,4191
2024-05-24,GDAES_D+2,PVB,ES,2024-05-26,2024-05-26,34.47,34.7,34.42,36.45,33.95,33.63,34.47,M,,2.46,31955.0,6104.0,0.0,MIBGAS_Data_2024.xlsx,Trading Data PVB&VTP,4166
2024-05-25,GDAES_D+2,PVB,ES,2024-05-27,2024-05-27,34.34,34.43,34.4,34.43,34.2,34.0,34.79,M,,1.9,810.0,500.0,0.0,MIBGAS_Data_2024.xlsx,Trading Data PVB&VTP,4158
2024-05-26,GDAES_D+2,PVB,ES,2024-05-28,2024-05-28,34.04,34.08,34.17,34.08,34.0,34.0,34.34,M,,1.49,5672.0,2500.0,0.0,MIBGAS_Data_2024.xlsx,Trading Data PVB&VTP,4150
2024-05-27,GDAES_D+2,PVB,ES,2024-05-29,2024-05-29,34.98,35.2,35.58,35.6,34.75,35.0,35.7,M,,0.8,7869.0,751.0,0.0,MIBGAS_Data_2024.xlsx,Trading Data PVB&VTP,4127
2024-05-28,GDAES_D+2,PVB,ES,2024-05-30,2024-05-30,34.5,34.99,34.25,34.99,33.85,33.75,34.75,M,,2.05,8016.0,205.0,0.0,MIBGAS_Data_2024.xlsx,Trading Data PVB&VTP,4105
2024-05-29,GDAES_D+2,PVB,ES,2024-05-31,2024-05-31,34.24,34.8,33.92,34.8,33.55,33.61,34.04,M,,3.17,7660.0,50.0,0.0,MIBGAS_Data_2024.xlsx,Trading Data PVB&VTP,4083
2024-05-30,GDAES_D+2,PVB,ES,2024-06-01,2024-06-01,34.19,34.19,35.2,34.19,34.19,34.4,36.0,M,,2.57,200.0,200.0,0.0,MIBGAS_Data_2024.xlsx,Trading Data PVB&VTP,4061
2024-05-31,GDAES_D+2,PVB,ES,2024-06-02,2024-06-02,34.74,35.25,33.83,35.65,34.35,33.15,34.5,M,,1.13,14666.0,5.0,0.0,MIBGAS_Data_2024.xlsx,Trading Data PVB&VTP,4039
2024-06-01,GDAES_D+2,PVB,ES,2024-06-03,2024-06-03,34.25,34.84,34.18,34.84,34.05,34.14,34.34,M,,1.02,10100.0,100.0,0.0,MIBGAS_Data_2024.xlsx,Trading Data PVB&VTP,4031
2024-06-02,GDAES_D+2,PVB,ES,2024-06-04,2024-06-04,35.0,,34.8,35.0,35.0,34.6,35.0,M,,1.58,3000.0,0.0,0.0,MIBGAS_Data_2024.xlsx,Trading Data PVB&VTP,4023
2024-06-03,GDAES_D+2,PVB,ES,2024-06-05,2024-06-05,37.06,36.24,36.65,37.8,36.24,36.3,37.0,M,,6.89,6500.0,100.0,0.0,MIBGAS_Data_2024.xlsx,Trading Data PVB&VTP,4000
2024-06-04,GDAES_D+2,PVB,ES,2024-06-06,2024-06-06,35.45,36.39,34.7,37.16,34.5,34.49,36.0,M,,3.81,6801.0,1605.0,0.0,MIBGAS_Data_2024.xlsx,Trading Data PVB&VTP,3977
2024-06-05,GDAES_D+2,PVB,ES,2024-06-07,2024-06-07,34.47,34.38,34.25,35.5,34.0,34.0,36.0,M,,3.32,6181.0,455.0,0.0,MIBGAS_Data_2024.xlsx,Trading Data PVB&VTP,3954
2024-06-06,GDAES_D+2,PVB,ES,2024-06-08,2024-06-08,34.83,33.84,34.02,35.85,33.75,33.97,34.19,M,,5.54,4500.0,50.0,0.0,MIBGAS_Data_2024.xlsx,Trading Data PVB&VTP,3931
2024-06-07,GDAES_D+2,PVB,ES,2024-06-09,2024-06-09,33.25,33.4,33.28,33.64,32.15,32.76,33.37,M,,2.72,12532.0,2054.0,0.0,MIBGAS_Data_2024.xlsx,Trading Data PVB&VTP,3908
2024-06-08,GDAES_D+2,PVB,ES,2024-06-10,2024-06-10,33.65,,33.57,34.8,33.5,33.45,33.68,M,,1.28,9223.0,0.0,0.0,MIBGAS_Data_2024.xlsx,Trading Data PVB&VTP,3900
2024-06-09,GDAES_D+2,PVB,ES,2024-06-11,2024-06-11,33.9,34.0,33.93,34.0,33.75,33.5,34.35,M,,1.28,1200.0,100.0,0.0,MIBGAS_Data_2024.xlsx,Trading Data PVB&VTP,3892
2024-06-10,GDAES_D+2,PVB,ES,2024-06-12,2024-06-12,33.16,33.45,34.05,34.15,32.75,33.1,35.0,M,,2.61,14904.0,1905.0,0.0,MIBGAS_Data_2024.xlsx,Trading Data PVB&VTP,3869
2024-06-11,GDAES_D+2,PVB,ES,2024-06-13,2024-06-13,34.93,35.02,34.48,35.3,34.5,34.39,34.8,M,,1.91,6156.0,300.0,0.0,MIBGAS_Data_2024.xlsx,Trading Data PVB&VTP,3846
2024-06-12,GDAES_D+2,PVB,ES,2024-06-14,2024-06-14,35.04,35.3,35.95,35.4,34.9,35.05,36.85,M,,2.81,6555.0,5.0,0.0,MIBGAS_Data_2024.xlsx,Trading Data PVB&VTP,3823
2024-06-13,GDAES_D+2,PVB,ES,2024-06-15,2024-06-15,36.23,36.69,36.02,36.69,35.9,35.75,36.29,M,,4.04,750.0,100.0,0.0,MIBGAS_Data_2024.xlsx,Trading Data PVB&VTP,3800
2024-06-14,GDAES_D+2,PVB,ES,2024-06-16,2024-06-16,35.47,35.57,35.55,36.0,34.26,35.1,36.0,M,,2.35,13092.0,1755.0,0.0,MIBGAS_Data_2024.xlsx,Trading Data PVB&VTP,3777
2024-06-15,GDAES_D+2,PVB,ES,2024-06-17,2024-06-17,34.52,34.98,34.74,34.98,34.25,,,M,,5.41,8637.0,150.0,0.0,MIBGAS_Data_2024.xlsx,Trading Data PVB&VTP,3769
2024-06-16,GDAES_D+2,PVB,ES,2024-06-18,2024-06-18,35.1,,35.1,,,34.4,35.8,M,,2.9,0.0,0.0,0.0,MIBGAS_Data_2024.xlsx,Trading Data PVB&VTP,3761
2024-06-17,GDAES_D+2,PVB,ES,2024-06-19,2024-06-19,34.94,35.14,34.79,35.7,34.25,,,M,,1.45,16823.0,4405.0,0.0,MIBGAS_Data_2024.xlsx,Trading Data PVB&VTP,3738
2024-06-18,GDAES_D+2,PVB,ES,2024-06-20,2024-06-20,34.52,34.45,35.3,34.75,34.4,34.6,36.0,M,,1.96,9350.0,410.0,0.0,MIBGAS_Data_2024.xlsx,Trading Data PVB&VTP,3715
2024-06-19,GDAES_D+2,PVB,ES,2024-06-21,2024-06-21,34.77,34.75,35.3,35.3,34.65,34.8,35.3,M,,0.82,7855.0,355.0,0.0,MIBGAS_Data_2024.xlsx,Trading Data PVB&VTP,3692
2024-06-20,GDAES_D+2,PVB,ES,2024-06-22,2024-06-22,35.22,35.61,35.0,35.61,35.0,34.5,35.5,M,,2.14,4450.0,1100.0,0.0,MIBGAS_Data_2024.xlsx,Trading Data PVB&VTP,3669
2024-06-21,GDAES_D+2,PVB,ES,2024-06-23,2024-06-23,34.15,34.48,33.75,34.9,33.75,33.75,33.95,M,,1.29,8530.0,608.0,0.0,MIBGAS_Data_2024.xlsx,Trading Data PVB&VTP,3646
2024-06-22,GDAES_D+2,PVB,ES,2024-06-24,2024-06-24,34.19,34.2,34.25,34.2,34.1,34.0,34.5,M,,0.72,4922.0,3150.0,0.0,MIBGAS_Data_2024.xlsx,Trading Data PVB&VTP,3638
2024-06-23,GDAES_D+2,PVB,ES,2024-06-25,2024-06-25,34.49,,34.52,34.55,34.0,34.48,34.55,M,,1.33,5225.0,0.0,0.0,MIBGAS_Data_2024.xlsx,Trading Data PVB&VTP,3630
2024-06-24,GDAES_D+2,PVB,ES,2024-06-26,2024-06-26,34.06,33.8,34.45,34.4,33.8,33.9,35.0,M,,2.5,7012.0,1196.0,0.0,MIBGAS_Data_2024.xlsx,Trading Data PVB&VTP,3607
2024-06-25,GDAES_D+2,PVB,ES,2024-06-27,2024-06-27,34.76,34.8,34.92,35.0,34.5,34.6,35.24,M,,1.68,6041.0,55.0,0.0,MIBGAS_Data_2024.xlsx,Trading Data PVB&VTP,3584
2024-06-26,GDAES_D+2,PVB,ES,2024-06-28,2024-06-28,35.15,35.3,34.88,35.5,34.25,,,M,,3.62,7731.0,321.0,0.0,MIBGAS_Data_2024.xlsx,Trading Data PVB&VTP,3561
2024-06-27,GDAES_D+2,PVB,ES,2024-06-29,2024-06-29,34.21,34.25,34.43,34.25,34.05,34.05,34.8,M,,2.35,710.0,450.0,0.0,MIBGAS_Data_2024.xlsx,Trading Data PVB&VTP,3539
2024-06-28,GDAES_D+2,PVB,ES,2024-06-30,2024-06-30,33.84,33.99,33.89,34.25,33.4,33.65,33.95,M,,0.85,9662.0,2457.0,0.0,MIBGAS_Data_2024.xlsx,Trading Data PVB&VTP,3518
2024-06-29,GDAES_D+2,PVB,ES,2024-07-01,2024-07-01,34.19,34.06,34.19,34.31,34.06,34.11,34.2,M,,0.54,15500.0,1000.0,0.0,MIBGAS_Data_2024.xlsx,Trading Data PVB&VTP,3510
2024-06-30,GDAES_D+2,PVB,ES,2024-07-02,2024-07-02,34.15,34.03,34.23,34.49,34.0,34.2,34.45,M,,1.03,13800.0,4000.0,0.0,MIBGAS_Data_2024.xlsx,Trading Data PVB&VTP,3502
2024-07-01,GDAES_D+2,PVB,ES,2024-07-03,2024-07-03,34.47,34.65,33.74,34.9,33.7,33.68,34.1,M,,1.16,13217.0,3720.0,0.0,MIBGAS_Data_2024.xlsx,Trading Data PVB&VTP,3479
2024-07-02,GDAES_D+2,PVB,ES,2024-07-04,2024-07-04,33.34,33.34,33.48,33.7,33.2,33.25,33.7,M,,0.73,13375.0,463.0,0.0,MIBGAS_Data_2024.xlsx,Trading Data PVB&VTP,3456
2024-07-03,GDAES_D+2,PVB,ES,2024-07-05,2024-07-05,32.84,33.25,32.5,33.25,32.45,32.5,32.99,M,,1.47,15625.0,405.0,0.0,MIBGAS_Data_2024.xlsx,Trading Data PVB&VTP,3433
2024-07-04,GDAES_D+2,PVB,ES,2024-07-06,2024-07-06,32.61,32.34,32.73,33.0,32.25,32.35,33.1,M,,1.46,4501.0,401.0,0.0,MIBGAS_Data_2024.xlsx,Trading Data PVB&VTP,3410
2024-07-05,GDAES_D+2,PVB,ES,2024-07-07,2024-07-07,32.89,33.0,32.54,34.78,32.45,32.53,32.62,M,,1.57,15922.0,3000.0,0.0,MIBGAS_Data_2024.xlsx,Trading Data PVB&VTP,3387
2024-07-06,GDAES_D+2,PVB,ES,2024-07-08,2024-07-08,32.58,32.57,32.62,32.8,32.55,32.6,32.75,M,,0.92,5370.0,200.0,0.0,MIBGAS_Data_2024.xlsx,Trading Data PVB&VTP,3379
2024-07-07,GDAES_D+2,PVB,ES,2024-07-09,2024-07-09,32.6,,32.48,32.95,32.52,32.25,32.7,M,,0.94,8006.0,0.0,0.0,MIBGAS_Data_2024.xlsx,Trading Data PVB&VTP,3371
2024-07-08,GDAES_D+2,PVB,ES,2024-07-10,2024-07-10,33.01,33.3,31.75,33.3,31.5,31.5,32.0,M,,1.15,13063.0,2500.0,0.0,MIBGAS_Data_2024.xlsx,Trading Data PVB&VTP,3348
2024-07-09,GDAES_D+2,PVB,ES,2024-07-11,2024-07-11,31.36,31.99,30.9,31.99,30.99,30.5,31.3,M,,0.91,19584.0,355.0,0.0,MIBGAS_Data_2024.xlsx,Trading Data PVB&VTP,3325
2024-07-10,GDAES_D+2,PVB,ES,2024-07-12,2024-07-12,30.97,31.05,30.57,31.15,30.5,30.25,30.89,M,,1.18,9680.0,1000.0,0.0,MIBGAS_Data_2024.xlsx,Trading Data PVB&VTP,3302
2024-07-11,GDAES_D+2,PVB,ES,2024-07-13,2024-07-13,30.44,30.45,31.15,30.45,30.25,30.35,31.95,M,,7.02,320.0,300.0,0.0,MIBGAS_Data_2024.xlsx,Trading Data PVB&VTP,3279
2024-07-12,GDAES_D+2,PVB,ES,2024-07-14,2024-07-14,30.81,30.75,31.15,31.4,30.51,30.75,31.55,M,,1.44,4398.0,624.0,0.0,MIBGAS_Data_2024.xlsx,Trading Data PVB&VTP,3256
2024-07-13,GDAES_D+2,PVB,ES,2024-07-15,2024-07-15,31.75,,31.63,31.75,31.75,31.5,31.75,M,,2.05,387.0,0.0,0.0,MIBGAS_Data_2024.xlsx,Trading Data PVB&VTP,3248
2024-07-14,GDAES_D+2,PVB,ES,2024-07-16,2024-07-16,31.67,,31.5,31.8,31.55,31.3,31.69,M,,1.43,2100.0,0.0,0.0,MIBGAS_Data_2024.xlsx,Trading Data PVB&VTP,3240
2024-07-15,GDAES_D+2,PVB,ES,2024-07-17,2024-07-17,31.19,31.28,30.93,35.0,30.8,30.5,31.35,M,,1.61,6031.0,1005.0,0.0,MIBGAS_Data_2024.xlsx,Trading Data PVB&VTP,3217
2024-07-16,GDAES_D+2,PVB,ES,2024-07-18,2024-07-18,32.15,31.65,32.15,32.6,31.65,31.7,32.6,M,,1.14,9050.0,250.0,0.0,MIBGAS_Data_2024.xlsx,Trading Data PVB&VTP,3194
2024-07-17,GDAES_D+2,PVB,ES,2024-07-19,2024-07-19,32.69,32.49,32.28,32.9,32.0,32.05,32.5,M,,1.45,13995.0,462.0,0.0,MIBGAS_Data_2024.xlsx,Trading Data PVB&VTP,3171
2024-07-18,GDAES_D+2,PVB,ES,2024-07-20,2024-07-20,31.78,31.78,32.38,31.78,31.78,32.0,32.75,M,,2.08,100.0,100.0,0.0,MIBGAS_Data_2024.xlsx,Trading Data PVB&VTP,3148
2024-07-19,GDAES_D+2,PVB,ES,2024-07-21,2024-07-21,32.01,32.11,30.48,32.4,30.03,30.4,32.15,M,,0.4,23778.0,2770.0,0.0,MIBGAS_Data_2024.xlsx,Trading Data PVB&VTP,3125
2024-07-20,GDAES_D+2,PVB,ES,2024-07-22,2024-07-22,31.07,31.45,30.93,31.45,30.85,30.85,31.0,M,,2.17,10810.0,2100.0,0.0,MIBGAS_Data_2024.xlsx,Trading Data PVB&VTP,3117
2024-07-21,GDAES_D+2,PVB,ES,2024-07-23,2024-07-23,31.44,31.3,31.55,31.8,31.25,31.16,31.94,M,,1.08,8112.0,1000.0,0.0,MIBGAS_Data_2024.xlsx,Trading Data PVB&VTP,3109
2024-07-22,GDAES_D+2,PVB,ES,2024-07-24,2024-07-24,31.52,31.25,31.75,31.8,31.2,31.65,31.85,M,,0.89,8318.0,600.0,0.0,MIBGAS_Data_2024.xlsx,Trading Data PVB&VTP,3086
2024-07-23,GDAES_D+2,PVB,ES,2024-07-25,2024-07-25,31.69,31.7,32.0,32.0,31.55,31.55,32.0,M,,0.94,7411.0,651.0,0.0,MIBGAS_Data_2024.xlsx,Trading Data PVB&VTP,3063
2024-07-24,GDAES_D+2,PVB,ES,2024-07-26,2024-07-26,32.56,31.7,33.1,33.2,31.7,33.0,33.2,M,,0.54,11360.0,1773.0,0.0,MIBGAS_Data_2024.xlsx,Trading Data PVB&VTP,3040
2024-07-25,GDAES_D+2,PVB,ES,2024-07-27,2024-07-27,32.4,,32.58,32.5,32.3,32.3,32.85,M,,1.65,200.0,0.0,0.0,MIBGAS_Data_2024.xlsx,Trading Data PVB&VTP,3017
2024-07-26,GDAES_D+2,PVB,ES,2024-07-28,2024-07-28,32.81,32.7,32.7,33.0,32.5,32.5,32.7,M,,0.93,10360.0,2000.0,0.0,MIBGAS_Data_2024.xlsx,Trading Data PVB&VTP,2994
2024-07-27,GDAES_D+2,PVB,ES,2024-07-29,2024-07-29,33.06,32.97,33.09,33.15,32.97,33.09,33.15,M,,0.89,7987.0,3000.0,0.0,MIBGAS_Data_2024.xlsx,Trading Data PVB&VTP,2986
2024-07-28,GDAES_D+2,PVB,ES,2024-07-30,2024-07-30,33.65,33.16,33.8,33.92,33.16,33.0,33.91,M,,2.75,5850.0,300.0,0.0,MIBGAS_Data_2024.xlsx,Trading Data PVB&VTP,2978
2024-07-29,GDAES_D+2,PVB,ES,2024-07-31,2024-07-31,34.48,33.89,34.72,34.95,33.89,34.45,34.99,M,,0.53,12739.0,231.0,0.0,MIBGAS_Data_2024.xlsx,Trading Data PVB&VTP,2956
2024-07-30,GDAES_D+2,PVB,ES,2024-08-01,2024-08-01,34.89,35.0,35.02,35.6,34.55,34.51,35.53,M,,2.9,4030.0,130.0,0.0,MIBGAS_Data_2024.xlsx,Trading Data PVB&VTP,2934
2024-07-31,GDAES_D+2,PVB,ES,2024-08-02,2024-08-02,35.91,35.98,36.75,35.98,35.9,36.0,37.5,M,,2.77,1200.0,100.0,0.0,MIBGAS_Data_2024.xlsx,Trading Data PVB&VTP,2912
2024-08-01,GDAES_D+2,PVB,ES,2024-08-03,2024-08-03,36.72,36.75,37.8,36.75,36.7,,,M,,3.94,1600.0,600.0,0.0,MIBGAS_Data_2024.xlsx,Trading Data PVB&VTP,2889
2024-08-02,GDAES_D+2,PVB,ES,2024-08-04,2024-08-04,36.98,37.17,37.38,37.5,36.7,37.05,37.92,M,,0.97,24453.0,1711.0,0.0,MIBGAS_Data_2024.xlsx,Trading Data PVB&VTP,2866
2024-08-03,GDAES_D+2,PVB,ES,2024-08-05,2024-08-05,37.21,37.65,37.33,37.65,36.8,37.1,37.55,M,,1.59,5013.0,2000.0,0.0,MIBGAS_Data_2024.xlsx,Trading Data PVB&VTP,2858
2024-08-04,GDAES_D+2,PVB,ES,2024-08-06,2024-08-06,37.24,36.97,37.84,37.9,36.97,37.5,38.18,M,,0.58,4500.0,1500.0,0.0,MIBGAS_Data_2024.xlsx,Trading Data PVB&VTP,2850
2024-08-05,GDAES_D+2,PVB,ES,2024-08-07,2024-08-07,36.12,36.9,35.98,36.9,35.6,35.55,36.4,M,,1.39,16083.0,525.0,0.0,MIBGAS_Data_2024.xlsx,Trading Data PVB&VTP,2827
2024-08-06,GDAES_D+2,PVB,ES,2024-08-08,2024-08-08,36.57,37.0,36.33,37.0,36.3,36.28,36.9,M,,1.53,5600.0,300.0,0.0,MIBGAS_Data_2024.xlsx,Trading Data PVB&VTP,2804
2024-08-07,GDAES_D+2,PVB,ES,2024-08-09,2024-08-09,36.67,35.69,37.97,37.97,35.69,37.0,38.22,M,,1.94,18013.0,428.0,0.0,MIBGAS_Data_2024.xlsx,Trading Data PVB&VTP,2781
2024-08-08,GDAES_D+2,PVB,ES,2024-08-10,2024-08-10,39.95,,39.69,39.95,39.95,,,M,,5.52,500.0,0.0,0.0,MIBGAS_Data_2024.xlsx,Trading Data PVB&VTP,2758
2024-08-09,GDAES_D+2,PVB,ES,2024-08-11,2024-08-11,39.36,39.93,39.47,40.0,38.01,39.25,41.0,M,,1.35,14111.0,1350.0,0.0,MIBGAS_Data_2024.xlsx,Trading Data PVB&VTP,2735
2024-08-10,GDAES_D+2,PVB,ES,2024-08-12,2024-08-12,39.19,39.06,39.7,39.7,39.06,39.55,39.85,M,,0.9,12600.0,4000.0,0.0,MIBGAS_Data_2024.xlsx,Trading Data PVB&VTP,2727
2024-08-11,GDAES_D+2,PVB,ES,2024-08-13,2024-08-13,39.61,,40.73,40.75,39.45,40.5,40.76,M,,2.59,7011.0,0.0,0.0,MIBGAS_Data_2024.xlsx,Trading Data PVB&VTP,2719
2024-08-12,GDAES_D+2,PVB,ES,2024-08-14,2024-08-14,41.19,39.84,40.15,41.75,39.5,39.5,40.8,M,,2.62,20741.0,71.0,0.0,MIBGAS_Data_2024.xlsx,Trading Data PVB&VTP,2696
2024-08-13,GDAES_D+2,PVB,ES,2024-08-15,2024-08-15,39.2,39.27,39.11,39.7,38.85,39.08,39.51,M,,1.87,9655.0,650.0,0.0,MIBGAS_Data_2024.xlsx,Trading Data PVB&VTP,2673
2024-08-14,GDAES_D+2,PVB,ES,2024-08-16,2024-08-16,39.31,39.7,38.74,39.7,38.7,38.7,39.0,M,,0.9,18683.0,4475.0,0.0,MIBGAS_Data_2024.xlsx,Trading Data PVB&VTP,2650
2024-08-15,GDAES_D+2,PVB,ES,2024-08-17,2024-08-17,39.03,,39.03,,,38.7,39.35,M,,2.16,0.0,0.0,0.0,MIBGAS_Data_2024.xlsx,Trading Data PVB&VTP,2627
2024-08-16,GDAES_D+2,PVB,ES,2024-08-18,2024-08-18,38.81,39.2,39.15,39.2,38.4,38.3,40.0,M,,1.01,7875.0,1350.0,0.0,MIBGAS_Data_2024.xlsx,Trading Data PVB&VTP,2604
2024-08-17,GDAES_D+2,PVB,ES,2024-08-19,2024-08-19,39.39,39.4,39.53,39.5,39.3,39.4,39.65,M,,1.63,10600.0,7500.0,0.0,MIBGAS_Data_2024.xlsx,Trading Data PVB&VTP,2596
2024-08-18,GDAES_D+2,PVB,ES,2024-08-20,2024-08-20,39.32,39.16,39.72,39.5,39.16,39.5,39.94,M,,0.88,4500.0,2000.0,0.0,MIBGAS_Data_2024.xlsx,Trading Data PVB&VTP,2588
2024-08-19,GDAES_D+2,PVB,ES,2024-08-21,2024-08-21,39.5,38.94,39.65,40.16,38.94,39.5,39.8,M,,1.42,18013.0,6000.0,0.0,MIBGAS_Data_2024.xlsx,Trading Data PVB&VTP,2565
2024-08-20,GDAES_D+2,PVB,ES,2024-08-22,2024-08-22,39.33,39.25,38.18,39.97,38.0,38.0,39.45,M,,1.05,21110.0,8000.0,0.0,MIBGAS_Data_2024.xlsx,Trading Data PVB&VTP,2542
2024-08-21,GDAES_D+2,PVB,ES,2024-08-23,2024-08-23,37.86,38.0,37.55,38.29,37.1,37.05,38.05,M,,0.92,14578.0,6333.0,0.0,MIBGAS_Data_2024.xlsx,Trading Data PVB&VTP,2519
2024-08-22,GDAES_D+2,PVB,ES,2024-08-24,2024-08-24,36.85,,36.85,,,36.5,37.2,M,,3.1,0.0,0.0,0.0,MIBGAS_Data_2024.xlsx,Trading Data PVB&VTP,2496
2024-08-23,GDAES_D+2,PVB,ES,2024-08-25,2024-08-25,36.37,36.6,36.28,36.99,35.9,,,M,,1.03,8812.0,1350.0,0.0,MIBGAS_Data_2024.xlsx,Trading Data PVB&VTP,2471
2024-08-24,GDAES_D+2,PVB,ES,2024-08-26,2024-08-26,37.0,,37.0,,,36.75,37.24,M,,2.48,0.0,0.0,0.0,MIBGAS_Data_2024.xlsx,Trading Data PVB&VTP,2463
2024-08-25,GDAES_D+2,PVB,ES,2024-08-27,2024-08-27,37.03,,37.18,37.39,36.95,37.0,37.35,M,,2.06,7550.0,0.0,0.0,MIBGAS_Data_2024.xlsx,Trading Data PVB&VTP,2455
2024-08-26,GDAES_D+2,PVB,ES,2024-08-28,2024-08-28,37.26,36.95,37.65,37.96,36.65,37.5,37.8,M,,1.91,23251.0,150.0,0.0,MIBGAS_Data_2024.xlsx,Trading Data PVB&VTP,2432
2024-08-27,GDAES_D+2,PVB,ES,2024-08-29,2024-08-29,38.0,37.85,39.0,38.25,37.85,38.1,39.9,M,,4.66,8500.0,2000.0,0.0,MIBGAS_Data_2024.xlsx,Trading Data PVB&VTP,2409
2024-08-28,GDAES_D+2,PVB,ES,2024-08-30,2024-08-30,39.25,39.3,39.45,39.5,39.0,38.87,39.45,M,,1.89,19913.0,3000.0,0.0,MIBGAS_Data_2024.xlsx,Trading Data PVB&VTP,2387
2024-08-29,GDAES_D+2,PVB,ES,2024-08-31,2024-08-31,38.65,39.15,38.6,39.15,38.5,,,M,,6.74,1121.0,100.0,0.0,MIBGAS_Data_2024.xlsx,Trading Data PVB&VTP,2365
2024-08-30,GDAES_D+2,PVB,ES,2024-09-01,2024-09-01,39.46,38.6,39.3,40.2,38.6,39.02,39.34,M,,1.31,33604.0,2208.0,0.0,MIBGAS_Data_2024.xlsx,Trading Data PVB&VTP,2343
2024-08-31,GDAES_D+2,PVB,ES,2024-09-02,2024-09-02,40.41,39.8,41.41,41.5,39.8,40.8,41.5,M,,1.41,18200.0,3500.0,0.0,MIBGAS_Data_2024.xlsx,Trading Data PVB&VTP,2335
2024-09-01,GDAES_D+2,PVB,ES,2024-09-03,2024-09-03,42.0,,42.17,42.49,41.75,41.85,42.49,M,,1.2,13220.0,0.0,0.0,MIBGAS_Data_2024.xlsx,Trading Data PVB&VTP,2327
2024-09-02,GDAES_D+2,PVB,ES,2024-09-04,2024-09-04,39.65,39.63,39.08,41.7,39.0,39.05,39.1,M,,2.41,12955.0,4352.0,0.0,MIBGAS_Data_2024.xlsx,Trading Data PVB&VTP,2304
2024-09-03,GDAES_D+2,PVB,ES,2024-09-05,2024-09-05,38.18,38.65,37.73,38.65,37.5,37.0,38.45,M,,1.06,10645.0,452.0,0.0,MIBGAS_Data_2024.xlsx,Trading Data PVB&VTP,2281
2024-09-04,GDAES_D+2,PVB,ES,2024-09-06,2024-09-06,36.68,37.18,36.31,37.18,36.15,36.21,37.0,M,,0.95,6118.0,440.0,0.0,MIBGAS_Data_2024.xlsx,Trading Data PVB&VTP,2258
2024-09-05,GDAES_D+2,PVB,ES,2024-09-07,2024-09-07,36.26,36.4,36.7,36.4,36.1,36.25,37.15,M,,2.73,304.0,100.0,0.0,MIBGAS_Data_2024.xlsx,Trading Data PVB&VTP,2235
2024-09-06,GDAES_D+2,PVB,ES,2024-09-08,2024-09-08,36.75,37.1,36.22,37.9,35.35,35.44,36.81,M,,0.85,13099.0,105.0,0.0,MIBGAS_Data_2024.xlsx,Trading Data PVB&VTP,2212
2024-09-07,GDAES_D+2,PVB,ES,2024-09-09,2024-09-09,35.65,36.1,35.88,36.1,34.9,35.6,36.15,M,,1.38,10276.0,2260.0,0.0,MIBGAS_Data_2024.xlsx,Trading Data PVB&VTP,2204
2024-09-08,GDAES_D+2,PVB,ES,2024-09-10,2024-09-10,35.9,35.8,36.17,36.02,35.8,36.0,36.34,M,,1.52,602.0,300.0,0.0,MIBGAS_Data_2024.xlsx,Trading Data PVB&VTP,2196
2024-09-09,GDAES_D+2,PVB,ES,2024-09-11,2024-09-11,36.37,36.0,36.86,37.3,36.0,36.85,36.9,M,,0.95,4713.0,2500.0,0.0,MIBGAS_Data_2024.xlsx,Trading Data PVB&VTP,2173
2024-09-10,GDAES_D+2,PVB,ES,2024-09-12,2024-09-12,36.88,37.6,35.16,37.75,34.9,,,M,,1.18,15870.0,800.0,0.0,MIBGAS_Data_2024.xlsx,Trading Data PVB&VTP,2150
2024-09-11,GDAES_D+2,PVB,ES,2024-09-13,2024-09-13,35.28,35.49,36.03,36.0,35.0,35.05,37.0,M,,1.87,3302.0,25.0,0.0,MIBGAS_Data_2024.xlsx,Trading Data PVB&VTP,2127
2024-09-12,GDAES_D+2,PVB,ES,2024-09-14,2024-09-14,35.22,,35.2,35.3,35.0,35.17,35.4,M,,1.41,2050.0,0.0,0.0,MIBGAS_Data_2024.xlsx,Trading Data PVB&VTP,2104
2024-09-13,GDAES_D+2,PVB,ES,2024-09-15,2024-09-15,35.67,35.58,35.63,36.0,34.5,35.17,35.7,M,,2.31,17574.0,5.0,0.0,MIBGAS_Data_2024.xlsx,Trading Data PVB&VTP,2081
2024-09-14,GDAES_D+2,PVB,ES,2024-09-16,2024-09-16,36.55,,36.21,36.55,36.55,35.91,36.5,M,,1.76,110.0,0.0,0.0,MIBGAS_Data_2024.xlsx,Trading Data PVB&VTP,2073
2024-09-15,GDAES_D+2,PVB,ES,2024-09-17,2024-09-17,35.7,,35.76,35.7,35.67,35.7,36.05,M,,1.46,745.0,0.0,0.0,MIBGAS_Data_2024.xlsx,Trading Data PVB&VTP,2065
2024-09-16,GDAES_D+2,PVB,ES,2024-09-18,2024-09-18,34.52,34.88,34.05,34.88,34.0,33.5,34.6,M,,1.29,14353.0,1185.0,0.0,MIBGAS_Data_2024.xlsx,Trading Data PVB&VTP,2042
2024-09-17,GDAES_D+2,PVB,ES,2024-09-19,2024-09-19,34.63,34.53,35.6,35.95,34.53,35.25,35.95,M,,1.8,7603.0,500.0,0.0,MIBGAS_Data_2024.xlsx,Trading Data PVB&VTP,2019
2024-09-18,GDAES_D+2,PVB,ES,2024-09-20,2024-09-20,35.4,,35.4,36.3,35.15,35.2,35.6,M,,1.85,10600.0,0.0,0.0,MIBGAS_Data_2024.xlsx,Trading Data PVB&VTP,1996
2024-09-19,GDAES_D+2,PVB,ES,2024-09-21,2024-09-21,34.66,36.11,33.28,36.25,33.25,33.19,34.18,M,,3.5,8128.0,1500.0,0.0,MIBGAS_Data_2024.xlsx,Trading Data PVB&VTP,1973
2024-09-20,GDAES_D+2,PVB,ES,2024-09-22,2024-09-22,34.65,34.34,35.06,35.5,34.06,34.63,35.13,M,,3.03,18464.0,7304.0,0.0,MIBGAS_Data_2024.xlsx,Trading Data PVB&VTP,1950
2024-09-21,GDAES_D+2,PVB,ES,2024-09-23,2024-09-23,35.48,35.0,35.58,35.85,35.0,35.21,35.66,M,,1.09,11833.0,2000.0,0.0,MIBGAS_Data_2024.xlsx,Trading Data PVB&VTP,1942
2024-09-22,GDAES_D+2,PVB,ES,2024-09-24,2024-09-24,35.66,,36.18,35.99,35.54,35.85,36.5,M,,1.26,8000.0,0.0,0.0,MIBGAS_Data_2024.xlsx,Trading Data PVB&VTP,1934
2024-09-23,GDAES_D+2,PVB,ES,2024-09-25,2024-09-25,35.61,35.19,35.94,36.0,35.15,35.55,36.0,M,,1.73,15187.0,700.0,0.0,MIBGAS_Data_2024.xlsx,Trading Data PVB&VTP,1911
2024-09-24,GDAES_D+2,PVB,ES,2024-09-26,2024-09-26,36.15,36.51,35.8,36.51,35.55,35.5,36.1,M,,1.4,7623.0,500.0,0.0,MIBGAS_Data_2024.xlsx,Trading Data PVB&VTP,1888
2024-09-25,GDAES_D+2,PVB,ES,2024-09-27,2024-09-27,36.56,36.39,37.05,37.3,36.25,36.8,37.3,M,,2.05,14146.0,350.0,0.0,MIBGAS_Data_2024.xlsx,Trading Data PVB&VTP,1865
2024-09-26,GDAES_D+2,PVB,ES,2024-09-28,2024-09-28,37.0,37.0,36.0,37.0,37.0,35.0,37.0,M,,7.87,700.0,600.0,0.0,MIBGAS_Data_2024.xlsx,Trading Data PVB&VTP,1842
2024-09-27,GDAES_D+2,PVB,ES,2024-09-29,2024-09-29,37.36,37.03,37.98,38.0,36.7,37.3,38.13,M,,2.11,2651.0,1100.0,0.0,MIBGAS_Data_2024.xlsx,Trading Data PVB&VTP,1820
2024-09-28,GDAES_D+2,PVB,ES,2024-09-30,2024-09-30,37.65,,38.33,37.65,37.65,38.0,38.65,M,,3.37,3.0,0.0,0.0,MIBGAS_Data_2024.xlsx,Trading Data PVB&VTP,1812
2024-09-29,GDAES_D+2,PVB,ES,2024-10-01,2024-10-01,38.6,38.64,38.52,38.64,38.6,38.09,38.95,M,,1.3,501.0,1.0,0.0,MIBGAS_Data_2024.xlsx,Trading Data PVB&VTP,1804
2024-09-30,GDAES_D+2,PVB,ES,2024-10-02,2024-10-02,38.72,39.14,39.03,39.9,38.6,38.75,39.3,M,,3.13,4745.0,100.0,0.0,MIBGAS_Data_2024.xlsx,Trading Data PVB&VTP,1784
2024-10-01,GDAES_D+2,PVB,ES,2024-10-03,2024-10-03,38.07,38.2,38.12,38.2,37.5,37.25,38.99,M,,3.12,7763.0,1003.0,0.0,MIBGAS_Data_2024.xlsx,Trading Data PVB&VTP,1761
2024-10-02,GDAES_D+2,PVB,ES,2024-10-04,2024-10-04,38.94,39.4,38.78,39.4,38.65,,,M,,2.92,7651.0,150.0,0.0,MIBGAS_Data_2024.xlsx,Trading Data PVB&VTP,1738
2024-10-03,GDAES_D+2,PVB,ES,2024-10-05,2024-10-05,38.65,,38.88,39.0,38.5,38.0,39.75,M,,7.42,6194.0,0.0,0.0,MIBGAS_Data_2024.xlsx,Trading Data PVB&VTP,1715
2024-10-04,GDAES_D+2,PVB,ES,2024-10-06,2024-10-06,39.71,39.4,40.63,40.85,39.11,40.4,40.85,M,,1.21,10277.0,3700.0,0.0,MIBGAS_Data_2024.xlsx,Trading Data PVB&VTP,1692
2024-10-05,GDAES_D+2,PVB,ES,2024-10-07,2024-10-07,40.3,,40.5,40.3,40.3,40.3,40.7,M,,1.88,1690.0,0.0,0.0,MIBGAS_Data_2024.xlsx,Trading Data PVB&VTP,1684
2024-10-06,GDAES_D+2,PVB,ES,2024-10-08,2024-10-08,40.22,,41.9,40.25,40.15,40.9,42.9,M,,3.1,490.0,0.0,0.0,MIBGAS_Data_2024.xlsx,Trading Data PVB&VTP,1676
2024-10-07,GDAES_D+2,PVB,ES,2024-10-09,2024-10-09,40.0,39.9,40.13,40.49,39.5,39.02,40.13,M,,1.84,9755.0,6103.0,0.0,MIBGAS_Data_2024.xlsx,Trading Data PVB&VTP,1653
2024-10-08,GDAES_D+2,PVB,ES,2024-10-10,2024-10-10,39.16,39.97,38.65,39.97,38.51,38.6,39.0,M,,1.23,12575.0,105.0,0.0,MIBGAS_Data_2024.xlsx,Trading Data PVB&VTP,1630
2024-10-09,GDAES_D+2,PVB,ES,2024-10-11,2024-10-11,38.4,38.45,37.92,38.6,37.85,37.85,38.4,M,,1.28,4267.0,104.0,0.0,MIBGAS_Data_2024.xlsx,Trading Data PVB&VTP,1607
2024-10-10,GDAES_D+2,PVB,ES,2024-10-12,2024-10-12,39.56,,39.59,39.75,39.5,38.5,39.75,M,,2.74,680.0,0.0,0.0,MIBGAS_Data_2024.xlsx,Trading Data PVB&VTP,1584
2024-10-11,GDAES_D+2,PVB,ES,2024-10-13,2024-10-13,39.44,39.4,39.25,40.05,38.15,39.2,39.34,M,,0.9,20953.0,4002.0,0.0,MIBGAS_Data_2024.xlsx,Trading Data PVB&VTP,1561
2024-10-12,GDAES_D+2,PVB,ES,2024-10-14,2024-10-14,38.96,39.19,39.1,39.4,38.9,38.9,39.3,M,,1.19,4514.0,100.0,0.0,MIBGAS_Data_2024.xlsx,Trading Data PVB&VTP,1553
2024-10-13,GDAES_D+2,PVB,ES,2024-10-15,2024-10-15,39.57,,39.65,39.65,39.5,39.3,39.65,M,,1.23,4400.0,0.0,0.0,MIBGAS_Data_2024.xlsx,Trading Data PVB&VTP,1545
2024-10-14,GDAES_D+2,PVB,ES,2024-10-16,2024-10-16,39.46,39.59,39.93,40.5,39.3,39.55,40.3,M,,1.4,5483.0,100.0,0.0,MIBGAS_Data_2024.xlsx,Trading Data PVB&VTP,1522
2024-10-15,GDAES_D+2,PVB,ES,2024-10-17,2024-10-17,38.97,39.57,39.13,39.57,38.8,38.8,39.45,M,,2.17,5390.0,135.0,0.0,MIBGAS_Data_2024.xlsx,Trading Data PVB&VTP,1499
2024-10-16,GDAES_D+2,PVB,ES,2024-10-18,2024-10-18,39.39,40.0,39.38,40.0,38.8,39.15,39.6,M,,2.26,2627.0,70.0,0.0,MIBGAS_Data_2024.xlsx,Trading Data PVB&VTP,1476
2024-10-17,GDAES_D+2,PVB,ES,2024-10-19,2024-10-19,39.04,,39.25,39.5,39.0,39.0,39.5,M,,5.89,540.0,0.0,0.0,MIBGAS_Data_2024.xlsx,Trading Data PVB&VTP,1453
2024-10-18,GDAES_D+2,PVB,ES,2024-10-20,2024-10-20,39.03,38.8,39.16,39.6,38.4,38.82,39.37,M,,2.46,9417.0,5.0,0.0,MIBGAS_Data_2024.xlsx,Trading Data PVB&VTP,1430
2024-10-19,GDAES_D+2,PVB,ES,2024-10-21,2024-10-21,38.85,,38.85,,,38.6,39.1,M,,1.11,0.0,0.0,0.0,MIBGAS_Data_2024.xlsx,Trading Data PVB&VTP,1422
2024-10-20,GDAES_D+2,PVB,ES,2024-10-22,2024-10-22,38.8,,38.8,,,38.35,39.25,M,,2.74,0.0,0.0,0.0,MIBGAS_Data_2024.xlsx,Trading Data PVB&VTP,1414
2024-10-21,GDAES_D+2,PVB,ES,2024-10-23,2024-10-23,39.53,39.5,39.43,39.9,39.4,39.25,39.6,M,,0.86,3119.0,1304.0,0.0,MIBGAS_Data_2024.xlsx,Trading Data PVB&VTP,1391
2024-10-22,GDAES_D+2,PVB,ES,2024-10-24,2024-10-24,39.95,39.7,40.5,40.3,39.5,39.5,41.5,M,,2.05,3427.0,305.0,0.0,MIBGAS_Data_2024.xlsx,Trading Data PVB&VTP,1368
2024-10-23,GDAES_D+2,PVB,ES,2024-10-25,2024-10-25,41.11,40.55,41.0,41.25,40.01,40.25,41.75,M,,2.72,3952.0,102.0,0.0,MIBGAS_Data_2024.xlsx,Trading Data PVB&VTP,1345
2024-10-24,GDAES_D+2,PVB,ES,2024-10-26,2024-10-26,42.01,42.01,41.93,42.14,42.0,41.6,42.25,M,,1.6,8000.0,7200.0,0.0,MIBGAS_Data_2024.xlsx,Trading Data PVB&VTP,1322
2024-10-25,GDAES_D+2,PVB,ES,2024-10-27,2024-10-27,42.83,41.9,43.68,44.0,41.9,43.35,44.0,M,,1.74,12194.0,100.0,0.0,MIBGAS_Data_2024.xlsx,Trading Data PVB&VTP,1299
2024-10-26,GDAES_D+2,PVB,ES,2024-10-28,2024-10-28,44.37,,44.33,44.8,44.0,44.2,44.73,M,,1.64,4800.0,0.0,0.0,MIBGAS_Data_2024.xlsx,Trading Data PVB&VTP,1291
2024-10-27,GDAES_D+2,PVB,ES,2024-10-29,2024-10-29,44.48,,44.43,44.8,44.2,44.15,44.7,M,,1.56,8400.0,0.0,0.0,MIBGAS_Data_2024.xlsx,Trading Data PVB&VTP,1283
2024-10-28,GDAES_D+2,PVB,ES,2024-10-30,2024-10-30,42.12,42.5,42.3,42.5,40.8,41.6,43.0,M,,,18633.0,4108.0,0.0,MIBGAS_Data_2024.xlsx,Trading Data PVB&VTP,1261
2024-10-29,GDAES_D+2,PVB,ES,2024-10-31,2024-10-31,43.03,42.99,42.7,44.2,42.7,42.2,43.2,M,,2.14,4754.0,102.0,0.0,MIBGAS_Data_2024.xlsx,Trading Data PVB&VTP,1239
2024-10-30,GDAES_D+2,PVB,ES,2024-11-01,2024-11-01,41.95,42.49,41.75,42.49,41.6,41.68,41.95,M,,0.84,8707.0,147.0,0.0,MIBGAS_Data_2024.xlsx,Trading Data PVB&VTP,1217
2024-10-31,GDAES_D+2,PVB,ES,2024-11-02,2024-11-02,40.33,41.54,40.03,41.54,39.8,39.85,40.2,M,,3.28,203.0,1.0,0.0,MIBGAS_Data_2024.xlsx,Trading Data PVB&VTP,1193
2024-11-01,GDAES_D+2,PVB,ES,2024-11-03,2024-11-03,39.12,39.54,38.02,39.54,37.5,37.9,38.88,M,,3.91,4810.0,3000.0,0.0,MIBGAS_Data_2024.xlsx,Trading Data PVB&VTP,1170
2024-11-02,GDAES_D+2,PVB,ES,2024-11-04,2024-11-04,38.97,38.97,38.78,38.97,38.97,38.55,39.0,M,,0.87,800.0,800.0,0.0,MIBGAS_Data_2024.xlsx,Trading Data PVB&VTP,1162
2024-11-03,GDAES_D+2,PVB,ES,2024-11-05,2024-11-05,39.46,,39.75,39.86,39.05,39.5,40.0,M,,2.01,5480.0,0.0,0.0,MIBGAS_Data_2024.xlsx,Trading Data PVB&VTP,1154
2024-11-04,GDAES_D+2,PVB,ES,2024-11-06,2024-11-06,40.2,39.7,40.2,42.0,39.7,39.7,40.7,M,,4.47,641.0,110.0,0.0,MIBGAS_Data_2024.xlsx,Trading Data PVB&VTP,1131
2024-11-05,GDAES_D+2,PVB,ES,2024-11-07,2024-11-07,40.77,40.7,41.03,41.2,40.35,40.05,42.0,M,,2.74,4355.0,55.0,0.0,MIBGAS_Data_2024.xlsx,Trading Data PVB&VTP,1108
2024-11-06,GDAES_D+2,PVB,ES,2024-11-08,2024-11-08,39.52,39.98,40.2,40.2,39.25,39.3,40.2,M,,1.96,2294.0,110.0,0.0,MIBGAS_Data_2024.xlsx,Trading Data PVB&VTP,1085
2024-11-07,GDAES_D+2,PVB,ES,2024-11-09,2024-11-09,40.8,,40.98,40.8,40.8,40.55,41.4,M,,4.06,5.0,0.0,0.0,MIBGAS_Data_2024.xlsx,Trading Data PVB&VTP,1062
2024-11-08,GDAES_D+2,PVB,ES,2024-11-10,2024-11-10,42.33,42.45,41.84,42.9,41.75,41.83,42.04,M,,2.2,11921.0,2503.0,0.0,MIBGAS_Data_2024.xlsx,Trading Data PVB&VTP,1039
2024-11-09,GDAES_D+2,PVB,ES,2024-11-11,2024-11-11,41.68,,41.68,,,41.25,42.1,M,,2.72,0.0,0.0,0.0,MIBGAS_Data_2024.xlsx,Trading Data PVB&VTP,1031
2024-11-10,GDAES_D+2,PVB,ES,2024-11-12,2024-11-12,42.0,,42.19,42.0,42.0,42.0,43.5,M,,9.36,500.0,0.0,0.0,MIBGAS_Data_2024.xlsx,Trading Data PVB&VTP,1023
2024-11-11,GDAES_D+2,PVB,ES,2024-11-13,2024-11-13,43.13,43.3,42.98,43.55,43.0,42.0,43.95,M,,1.41,7428.0,303.0,0.0,MIBGAS_Data_2024.xlsx,Trading Data PVB&VTP,1000
2024-11-12,GDAES_D+2,PVB,ES,2024-11-14,2024-11-14,43.67,43.3,43.88,43.8,43.3,43.79,44.5,M,,1.53,2705.0,205.0,0.0,MIBGAS_Data_2024.xlsx,Trading Data PVB&VTP,977
2024-11-13,GDAES_D+2,PVB,ES,2024-11-15,2024-11-15,43.01,43.35,43.75,43.35,42.8,43.5,44.0,M,,2.22,3156.0,151.0,0.0,MIBGAS_Data_2024.xlsx,Trading Data PVB&VTP,954
2024-11-14,GDAES_D+2,PVB,ES,2024-11-16,2024-11-16,45.55,45.05,45.63,45.8,45.05,44.75,46.5,M,,3.35,8600.0,300.0,0.0,MIBGAS_Data_2024.xlsx,Trading Data PVB&VTP,931
2024-11-15,GDAES_D+2,PVB,ES,2024-11-17,2024-11-17,45.65,45.7,45.92,46.47,45.2,45.8,46.79,M,,1.19,8370.0,2504.0,0.0,MIBGAS_Data_2024.xlsx,Trading Data PVB&VTP,908
2024-11-16,GDAES_D+2,PVB,ES,2024-11-18,2024-11-18,45.74,45.74,45.48,45.74,45.74,45.15,45.8,M,,2.4,200.0,200.0,0.0,MIBGAS_Data_2024.xlsx,Trading Data PVB&VTP,900
2024-11-17,GDAES_D+2,PVB,ES,2024-11-19,2024-11-19,45.63,44.94,46.05,46.4,44.94,45.11,46.99,M,,1.78,4500.0,1500.0,0.0,MIBGAS_Data_2024.xlsx,Trading Data PVB&VTP,892
2024-11-18,GDAES_D+2,PVB,ES,2024-11-20,2024-11-20,46.04,45.95,46.5,47.0,45.7,46.0,47.0,M,,1.58,8856.0,209.0,0.0,MIBGAS_Data_2024.xlsx,Trading Data PVB&VTP,869
2024-11-19,GDAES_D+2,PVB,ES,2024-11-21,2024-11-21,46.59,46.97,45.28,47.99,45.0,45.06,45.5,M,,1.46,7017.0,455.0,0.0,MIBGAS_Data_2024.xlsx,Trading Data PVB&VTP,843
2024-11-20,GDAES_D+2,PVB,ES,2024-11-22,2024-11-22,46.06,45.7,46.63,46.5,45.6,45.76,47.5,M,,2.05,8505.0,5.0,0.0,MIBGAS_Data_2024.xlsx,Trading Data PVB&VTP,817
2024-11-21,GDAES_D+2,PVB,ES,2024-11-23,2024-11-23,47.93,,47.86,48.0,47.8,47.31,47.96,M,,3.8,2500.0,0.0,0.0,MIBGAS_Data_2024.xlsx,Trading Data PVB&VTP,791
2024-11-22,GDAES_D+2,PVB,ES,2024-11-24,2024-11-24,47.66,48.25,46.65,48.7,46.2,46.3,47.0,M,,1.12,13881.0,2500.0,0.0,MIBGAS_Data_2024.xlsx,Trading Data PVB&VTP,765
2024-11-23,GDAES_D+2,PVB,ES,2024-11-25,2024-11-25,46.0,,46.06,46.0,46.0,45.81,46.3,M,,2.91,998.0,0.0,0.0,MIBGAS_Data_2024.xlsx,Trading Data PVB&VTP,757
2024-11-24,GDAES_D+2,PVB,ES,2024-11-26,2024-11-26,46.22,,46.36,46.3,46.2,46.22,46.5,M,,0.85,4647.0,0.0,0.0,MIBGAS_Data_2024.xlsx,Trading Data PVB&VTP,749
2024-11-25,GDAES_D+2,PVB,ES,2024-11-27,2024-11-27,48.21,47.55,47.8,48.5,47.55,47.3,48.3,M,,2.62,3656.0,5.0,0.0,MIBGAS_Data_2024.xlsx,Trading Data PVB&VTP,723
2024-11-26,GDAES_D+2,PVB,ES,2024-11-28,2024-11-28,47.15,47.55,47.01,48.5,46.5,45.16,47.03,M,,2.69,17773.0,5.0,0.0,MIBGAS_Data_2024.xlsx,Trading Data PVB&VTP,697
2024-11-27,GDAES_D+2,PVB,ES,2024-11-29,2024-11-29,46.41,46.55,46.36,47.9,46.25,46.25,47.15,M,,2.75,8311.0,55.0,0.0,MIBGAS_Data_2024.xlsx,Trading Data PVB&VTP,672
2024-11-28,GDAES_D+2,PVB,ES,2024-11-30,2024-11-30,46.68,,46.68,,,46.25,47.1,M,,3.01,0.0,0.0,0.0,MIBGAS_Data_2024.xlsx,Trading Data PVB&VTP,647
2024-11-29,GDAES_D+2,PVB,ES,2024-12-01,2024-12-01,46.59,46.45,47.03,47.5,45.9,46.66,47.4,M,,1.21,39243.0,1006.0,0.0,MIBGAS_Data_2024.xlsx,Trading Data PVB&VTP,622
2024-11-30,GDAES_D+2,PVB,ES,2024-12-02,2024-12-02,48.39,47.36,48.6,48.8,47.36,48.45,48.75,M,,0.79,26761.0,2400.0,0.0,MIBGAS_Data_2024.xlsx,Trading Data PVB&VTP,614
2024-12-01,GDAES_D+2,PVB,ES,2024-12-03,2024-12-03,48.84,,49.02,49.5,48.49,48.77,49.16,M,,0.9,39597.0,0.0,0.0,MIBGAS_Data_2024.xlsx,Trading Data PVB&VTP,606
2024-12-02,GDAES_D+2,PVB,ES,2024-12-04,2024-12-04,48.86,49.0,48.92,49.45,48.46,48.6,49.24,M,,1.75,9676.0,6505.0,0.0,MIBGAS_Data_2024.xlsx,Trading Data PVB&VTP,580
2024-12-03,GDAES_D+2,PVB,ES,2024-12-05,2024-12-05,48.77,48.78,48.88,49.0,48.4,48.45,49.3,M,,1.94,9610.0,3010.0,0.0,MIBGAS_Data_2024.xlsx,Trading Data PVB&VTP,554
2024-12-04,GDAES_D+2,PVB,ES,2024-12-06,2024-12-06,47.58,48.15,47.33,48.15,47.2,47.25,47.9,M,,2.52,5426.0,306.0,0.0,MIBGAS_Data_2024.xlsx,Trading Data PVB&VTP,528
2024-12-05,GDAES_D+2,PVB,ES,2024-12-07,2024-12-07,47.47,,47.41,49.5,46.8,46.81,48.0,M,,3.4,1661.0,0.0,0.0,MIBGAS_Data_2024.xlsx,Trading Data PVB&VTP,500
2024-12-06,GDAES_D+2,PVB,ES,2024-12-08,2024-12-08,46.41,46.55,46.07,46.85,45.0,45.4,46.74,M,,1.23,21719.0,8000.0,0.0,MIBGAS_Data_2024.xlsx,Trading Data PVB&VTP,474
2024-12-07,GDAES_D+2,PVB,ES,2024-12-09,2024-12-09,45.68,,46.05,46.2,45.1,45.65,46.44,M,,1.88,28182.0,0.0,0.0,MIBGAS_Data_2024.xlsx,Trading Data PVB&VTP,466
2024-12-08,GDAES_D+2,PVB,ES,2024-12-10,2024-12-10,46.47,46.37,46.69,46.6,46.37,46.37,47.0,M,,0.72,5141.0,1000.0,0.0,MIBGAS_Data_2024.xlsx,Trading Data PVB&VTP,458
2024-12-09,GDAES_D+2,PVB,ES,2024-12-11,2024-12-11,45.91,46.0,45.36,46.5,45.22,45.21,45.5,M,,1.23,25408.0,610.0,0.0,MIBGAS_Data_2024.xlsx,Trading Data PVB&VTP,432
2024-12-10,GDAES_D+2,PVB,ES,2024-12-12,2024-12-12,45.76,45.34,46.15,47.85,45.3,45.9,46.4,M,,0.92,18410.0,300.0,0.0,MIBGAS_Data_2024.xlsx,Trading Data PVB&VTP,406
2024-12-11,GDAES_D+2,PVB,ES,2024-12-13,2024-12-13,45.61,46.05,45.47,46.05,45.2,45.35,45.59,M,,1.72,31015.0,1005.0,0.0,MIBGAS_Data_2024.xlsx,Trading Data PVB&VTP,380
2024-12-12,GDAES_D+2,PVB,ES,2024-12-14,2024-12-14,44.36,44.84,43.17,44.84,43.05,43.05,44.0,M,,2.15,3530.0,600.0,0.0,MIBGAS_Data_2024.xlsx,Trading Data PVB&VTP,354
2024-12-13,GDAES_D+2,PVB,ES,2024-12-15,2024-12-15,42.99,43.09,41.97,44.0,41.7,41.89,42.29,M,,1.95,22832.0,6011.0,0.0,MIBGAS_Data_2024.xlsx,Trading Data PVB&VTP,328
2024-12-14,GDAES_D+2,PVB,ES,2024-12-16,2024-12-16,42.46,,42.7,42.8,42.2,42.0,42.8,M,,4.44,3486.0,0.0,0.0,MIBGAS_Data_2024.xlsx,Trading Data PVB&VTP,320
2024-12-15,GDAES_D+2,PVB,ES,2024-12-17,2024-12-17,42.81,42.59,42.5,43.0,42.5,42.16,42.5,M,,1.95,8984.0,800.0,0.0,MIBGAS_Data_2024.xlsx,Trading Data PVB&VTP,312
2024-12-16,GDAES_D+2,PVB,ES,2024-12-18,2024-12-18,40.6,40.55,40.99,41.5,40.05,40.95,41.34,M,,1.63,8052.0,1520.0,0.0,MIBGAS_Data_2024.xlsx,Trading Data PVB&VTP,286
2024-12-17,GDAES_D+2,PVB,ES,2024-12-19,2024-12-19,41.71,40.95,42.76,42.8,40.95,42.5,42.8,M,,1.69,2090.0,1053.0,0.0,MIBGAS_Data_2024.xlsx,Trading Data PVB&VTP,260
2024-12-18,GDAES_D+2,PVB,ES,2024-12-20,2024-12-20,41.95,42.5,41.88,42.65,41.5,41.6,42.15,M,,2.76,4065.0,800.0,0.0,MIBGAS_Data_2024.xlsx,Trading Data PVB&VTP,234
2024-12-19,GDAES_D+2,PVB,ES,2024-12-21,2024-12-21,42.17,41.95,43.63,42.5,41.2,42.75,44.5,M,,3.38,3300.0,800.0,0.0,MIBGAS_Data_2024.xlsx,Trading Data PVB&VTP,208
2024-12-20,GDAES_D+2,PVB,ES,2024-12-22,2024-12-22,44.32,45.09,45.11,45.2,43.66,44.5,45.2,M,,2.46,9075.0,808.0,0.0,MIBGAS_Data_2024.xlsx,Trading Data PVB&VTP,182
2024-12-21,GDAES_D+2,PVB,ES,2024-12-23,2024-12-23,45.56,45.0,45.2,45.95,45.0,45.0,45.4,M,,2.12,8837.0,2002.0,0.0,MIBGAS_Data_2024.xlsx,Trading Data PVB&VTP,174
2024-12-22,GDAES_D+2,PVB,ES,2024-12-24,2024-12-24,45.0,45.0,45.4,45.0,45.0,45.0,45.79,M,,3.11,5000.0,5000.0,0.0,MIBGAS_Data_2024.xlsx,Trading Data PVB&VTP,166
2024-12-23,GDAES_D+2,PVB,ES,2024-12-25,2024-12-25,45.53,44.85,45.88,46.11,44.85,45.25,46.5,M,,0.74,29633.0,145.0,0.0,MIBGAS_Data_2024.xlsx,Trading Data PVB&VTP,140
2024-12-24,GDAES_D+2,PVB,ES,2024-12-26,2024-12-26,46.45,45.8,46.2,47.15,45.55,46.0,46.4,M,,0.79,85899.0,1920.0,0.0,MIBGAS_Data_2024.xlsx,Trading Data PVB&VTP,114
2024-12-25,GDAES_D+2,PVB,ES,2024-12-27,2024-12-27,47.67,46.5,47.87,48.49,46.5,47.25,48.49,M,,2.58,10717.0,1000.0,0.0,MIBGAS_Data_2024.xlsx,Trading Data PVB&VTP,104
2024-12-26,GDAES_D+2,PVB,ES,2024-12-28,2024-12-28,47.84,47.5,48.25,48.75,47.5,47.75,48.75,M,,2.19,9686.0,4728.0,0.0,MIBGAS_Data_2024.xlsx,Trading Data PVB&VTP,94
2024-12-27,GDAES_D+2,PVB,ES,2024-12-29,2024-12-29,47.9,47.4,49.14,49.3,47.4,48.01,49.3,M,,1.88,15286.0,7380.0,0.0,MIBGAS_Data_2024.xlsx,Trading Data PVB&VTP,68
2024-12-28,GDAES_D+2,PVB,ES,2024-12-30,2024-12-30,49.6,49.01,50.07,50.0,49.01,49.99,50.63,M,,0.95,24001.0,8000.0,0.0,MIBGAS_Data_2024.xlsx,Trading Data PVB&VTP,60
2024-12-29,GDAES_D+2,PVB,ES,2024-12-31,2024-12-31,51.15,50.0,51.52,51.6,50.0,50.95,51.6,M,,0.5,22791.0,300.0,0.0,MIBGAS_Data_2024.xlsx,Trading Data PVB&VTP,52
2024-12-30,GDAES_D+2,PVB,ES,2025-01-01,2025-01-01,48.74,48.35,49.21,49.5,48.0,49.04,49.5,M,,1.17,36045.0,7810.0,0.0,MIBGAS_Data_2024.xlsx,Trading Data PVB&VTP,27
2024-12-31,GDAES_D+2,PVB,ES,2025-01-02,2025-01-02,49.32,48.73,51.0,50.0,48.3,50.01,51.99,M,,0.78,52929.0,917.0,0.0,MIBGAS_Data_2024.xlsx,Trading Data PVB&VTP,4
2025-01-01,GDAES_D+2,PVB,ES,2025-01-03,2025-01-03,52.36,,52.67,52.69,51.5,52.65,52.69,M,,1.88,6005.0,0.0,0.0,MIBGAS_Data_2025.xlsx,Trading Data PVB&VTP,7612
2025-01-02,GDAES_D+2,PVB,ES,2025-01-04,2025-01-04,51.46,50.9,51.04,53.0,50.21,50.22,51.85,M,,8.34,1102.0,800.0,0.0,MIBGAS_Data_2025.xlsx,Trading Data PVB&VTP,7586
2025-01-03,GDAES_D+2,PVB,ES,2025-01-05,2025-01-05,50.26,50.0,50.22,51.0,50.0,49.9,50.54,M,,0.86,29121.0,1000.0,0.0,MIBGAS_Data_2025.xlsx,Trading Data PVB&VTP,7558
2025-01-04,GDAES_D+2,PVB,ES,2025-01-06,2025-01-06,50.69,50.49,51.0,51.39,50.49,50.8,51.2,M,,1.28,2570.0,1100.0,0.0,MIBGAS_Data_2025.xlsx,Trading Data PVB&VTP,7550
2025-01-05,GDAES_D+2,PVB,ES,2025-01-07,2025-01-07,51.28,51.49,51.2,51.49,51.1,51.05,51.35,M,,0.67,3900.0,800.0,0.0,MIBGAS_Data_2025.xlsx,Trading Data PVB&VTP,7542
2025-01-06,GDAES_D+2,PVB,ES,2025-01-08,2025-01-08,49.23,50.1,48.16,50.1,48.0,48.0,49.24,M,,1.41,10332.0,4800.0,0.0,MIBGAS_Data_2025.xlsx,Trading Data PVB&VTP,7516
2025-01-07,GDAES_D+2,PVB,ES,2025-01-09,2025-01-09,47.07,47.65,47.48,47.9,46.45,47.05,47.9,M,,2.32,7530.0,850.0,0.0,MIBGAS_Data_2025.xlsx,Trading Data PVB&VTP,7490
2025-01-08,GDAES_D+2,PVB,ES,2025-01-10,2025-01-10,47.13,47.95,46.08,47.95,45.75,45.83,47.75,M,,3.42,7457.0,810.0,0.0,MIBGAS_Data_2025.xlsx,Trading Data PVB&VTP,7464
2025-01-09,GDAES_D+2,PVB,ES,2025-01-11,2025-01-11,44.85,,44.95,44.9,44.8,44.8,46.0,M,,2.5,1000.0,0.0,0.0,MIBGAS_Data_2025.xlsx,Trading Data PVB&VTP,7438
2025-01-10,GDAES_D+2,PVB,ES,2025-01-12,2025-01-12,44.75,44.58,45.31,46.8,43.8,45.05,45.56,M,,2.0,11799.0,880.0,0.0,MIBGAS_Data_2025.xlsx,Trading Data PVB&VTP,7412
2025-01-11,GDAES_D+2,PVB,ES,2025-01-13,2025-01-13,46.11,46.23,46.1,46.23,45.8,45.76,46.44,M,,2.05,5550.0,4000.0,0.0,MIBGAS_Data_2025.xlsx,Trading Data PVB&VTP,7404
2025-01-12,GDAES_D+2,PVB,ES,2025-01-14,2025-01-14,46.45,46.5,46.88,46.8,46.0,46.48,47.04,M,,0.91,4000.0,500.0,0.0,MIBGAS_Data_2025.xlsx,Trading Data PVB&VTP,7396
2025-01-13,GDAES_D+2,PVB,ES,2025-01-15,2025-01-15,47.54,47.87,48.76,48.5,47.3,48.01,49.5,M,,1.42,12140.0,500.0,0.0,MIBGAS_Data_2025.xlsx,Trading Data PVB&VTP,7370
2025-01-14,GDAES_D+2,PVB,ES,2025-01-16,2025-01-16,48.12,48.05,47.0,48.4,47.05,46.0,48.0,M,,2.39,11945.0,6525.0,0.0,MIBGAS_Data_2025.xlsx,Trading Data PVB&VTP,7344
2025-01-15,GDAES_D+2,PVB,ES,2025-01-17,2025-01-17,47.27,47.49,47.13,49.0,46.75,46.75,47.5,M,,2.7,4395.0,110.0,0.0,MIBGAS_Data_2025.xlsx,Trading Data PVB&VTP,7318
2025-01-16,GDAES_D+2,PVB,ES,2025-01-18,2025-01-18,45.35,45.35,46.38,45.35,45.35,46.0,46.75,M,,2.82,500.0,500.0,0.0,MIBGAS_Data_2025.xlsx,Trading Data PVB&VTP,7292
2025-01-17,GDAES_D+2,PVB,ES,2025-01-19,2025-01-19,46.53,46.05,47.0,47.95,46.0,46.61,47.06,M,,1.0,17209.0,6560.0,0.0,MIBGAS_Data_2025.xlsx,Trading Data PVB&VTP,7266
2025-01-18,GDAES_D+2,PVB,ES,2025-01-20,2025-01-20,48.06,47.49,48.32,48.95,47.49,48.07,48.4,M,,1.03,10762.0,800.0,0.0,MIBGAS_Data_2025.xlsx,Trading Data PVB&VTP,7258
2025-01-19,GDAES_D+2,PVB,ES,2025-01-21,2025-01-21,48.95,48.39,48.63,49.15,48.39,48.4,48.85,M,,0.64,31619.0,800.0,0.0,MIBGAS_Data_2025.xlsx,Trading Data PVB&VTP,7250
2025-01-20,GDAES_D+2,PVB,ES,2025-01-22,2025-01-22,46.44,46.4,48.25,48.0,46.3,47.6,48.89,M,,3.57,14135.0,10320.0,0.0,MIBGAS_Data_2025.xlsx,Trading Data PVB&VTP,7224
2025-01-21,GDAES_D+2,PVB,ES,2025-01-23,2025-01-23,48.69,48.55,50.0,52.0,47.75,,,M,,2.79,10055.0,4400.0,0.0,MIBGAS_Data_2025.xlsx,Trading Data PVB&VTP,7198
2025-01-22,GDAES_D+2,PVB,ES,2025-01-24,2025-01-24,49.36,50.65,48.64,50.65,48.4,48.56,49.15,M,,1.28,9625.0,800.0,0.0,MIBGAS_Data_2025.xlsx,Trading Data PVB&VTP,7172
2025-01-23,GDAES_D+2,PVB,ES,2025-01-25,2025-01-25,48.87,48.87,48.04,48.87,48.87,47.21,48.87,M,,5.08,2305.0,2305.0,0.0,MIBGAS_Data_2025.xlsx,Trading Data PVB&VTP,7146
2025-01-24,GDAES_D+2,PVB,ES,2025-01-26,2025-01-26,48.53,48.8,48.47,48.8,47.4,47.47,48.69,M,,1.81,10418.0,6000.0,0.0,MIBGAS_Data_2025.xlsx,Trading Data PVB&VTP,7120
2025-01-25,GDAES_D+2,PVB,ES,2025-01-27,2025-01-27,47.94,48.6,47.8,48.6,47.5,47.3,48.29,M,,1.59,4267.0,800.0,0.0,MIBGAS_Data_2025.xlsx,Trading Data PVB&VTP,7112
2025-01-26,GDAES_D+2,PVB,ES,2025-01-28,2025-01-28,47.43,,48.01,47.75,47.2,47.52,48.5,M,,1.65,3132.0,0.0,0.0,MIBGAS_Data_2025.xlsx,Trading Data PVB&VTP,7104
2025-01-27,GDAES_D+2,PVB,ES,2025-01-29,2025-01-29,47.19,48.15,47.08,48.15,46.95,46.65,47.5,M,,1.57,8930.0,200.0,0.0,MIBGAS_Data_2025.xlsx,Trading Data PVB&VTP,7078
2025-01-28,GDAES_D+2,PVB,ES,2025-01-30,2025-01-30,47.57,,47.64,47.7,47.5,47.3,47.98,M,,1.35,4000.0,0.0,0.0,MIBGAS_Data_2025.xlsx,Trading Data PVB&VTP,7053
2025-01-29,GDAES_D+2,PVB,ES,2025-01-31,2025-01-31,49.02,48.2,49.78,50.3,48.2,49.26,50.3,M,,2.21,9300.0,5000.0,0.0,MIBGAS_Data_2025.xlsx,Trading Data PVB&VTP,7028
2025-01-30,GDAES_D+2,PVB,ES,2025-02-01,2025-02-01,50.57,,50.57,50.57,50.57,,,M,,4.67,314.0,0.0,0.0,MIBGAS_Data_2025.xlsx,Trading Data PVB&VTP,7003
2025-01-31,GDAES_D+2,PVB,ES,2025-02-02,2025-02-02,52.39,51.9,52.37,52.95,51.6,52.15,52.58,M,,1.03,8994.0,2368.0,0.0,MIBGAS_Data_2025.xlsx,Trading Data PVB&VTP,6978
2025-02-01,GDAES_D+2,PVB,ES,2025-02-03,2025-02-03,53.28,53.0,53.38,53.4,53.0,53.21,53.4,M,,0.49,18654.0,1000.0,0.0,MIBGAS_Data_2025.xlsx,Trading Data PVB&VTP,6970
2025-02-02,GDAES_D+2,PVB,ES,2025-02-04,2025-02-04,53.89,,53.9,53.9,53.8,53.8,54.0,M,,1.3,2188.0,0.0,0.0,MIBGAS_Data_2025.xlsx,Trading Data PVB&VTP,6962
2025-02-03,GDAES_D+2,PVB,ES,2025-02-05,2025-02-05,52.95,52.94,52.68,53.5,52.55,52.25,53.1,M,,2.57,3426.0,1210.0,0.0,MIBGAS_Data_2025.xlsx,Trading Data PVB&VTP,6936
2025-02-04,GDAES_D+2,PVB,ES,2025-02-06,2025-02-06,51.91,52.55,51.66,52.55,51.4,51.49,52.8,M,,1.48,10960.0,110.0,0.0,MIBGAS_Data_2025.xlsx,Trading Data PVB&VTP,6910
2025-02-05,GDAES_D+2,PVB,ES,2025-02-07,2025-02-07,52.16,52.49,52.6,52.7,51.7,52.2,53.0,M,,1.92,2338.0,10.0,0.0,MIBGAS_Data_2025.xlsx,Trading Data PVB&VTP,6884
2025-02-06,GDAES_D+2,PVB,ES,2025-02-08,2025-02-08,54.03,,54.03,,,53.05,55.0,M,,2.47,0.0,0.0,0.0,MIBGAS_Data_2025.xlsx,Trading Data PVB&VTP,6858
2025-02-07,GDAES_D+2,PVB,ES,2025-02-09,2025-02-09,54.25,53.56,54.88,55.0,53.56,54.78,55.21,M,,1.12,11628.0,3312.0,0.0,MIBGAS_Data_2025.xlsx,Trading Data PVB&VTP,6832
2025-02-08,GDAES_D+2,PVB,ES,2025-02-10,2025-02-10,55.0,54.74,55.08,55.24,54.74,54.0,55.23,M,,1.46,3748.0,500.0,0.0,MIBGAS_Data_2025.xlsx,Trading Data PVB&VTP,6824
2025-02-09,GDAES_D+2,PVB,ES,2025-02-11,2025-02-11,55.39,,54.47,55.55,55.2,53.6,55.34,M,,2.83,3325.0,0.0,0.0,MIBGAS_Data_2025.xlsx,Trading Data PVB&VTP,6816
2025-02-10,GDAES_D+2,PVB,ES,2025-02-12,2025-02-12,57.18,,57.13,58.0,56.9,56.75,57.5,M,,1.0,2912.0,0.0,0.0,MIBGAS_Data_2025.xlsx,Trading Data PVB&VTP,6790
2025-02-11,GDAES_D+2,PVB,ES,2025-02-13,2025-02-13,56.86,57.0,56.5,57.2,56.05,56.5,56.85,M,,3.57,4687.0,137.0,0.0,MIBGAS_Data_2025.xlsx,Trading Data PVB&VTP,6764
2025-02-12,GDAES_D+2,PVB,ES,2025-02-14,2025-02-14,55.24,56.1,54.25,56.1,54.05,53.5,55.0,M,,2.57,8111.0,2110.0,0.0,MIBGAS_Data_2025.xlsx,Trading Data PVB&VTP,6738
2025-02-13,GDAES_D+2,PVB,ES,2025-02-15,2025-02-15,51.6,52.0,51.1,52.01,50.5,,,M,,5.59,2845.0,300.0,0.0,MIBGAS_Data_2025.xlsx,Trading Data PVB&VTP,6712
2025-02-14,GDAES_D+2,PVB,ES,2025-02-16,2025-02-16,48.9,48.9,50.15,50.5,48.0,49.3,51.0,M,,2.3,24279.0,8121.0,0.0,MIBGAS_Data_2025.xlsx,Trading Data PVB&VTP,6686
2025-02-15,GDAES_D+2,PVB,ES,2025-02-17,2025-02-17,50.26,,50.4,50.35,50.25,50.05,50.75,M,,2.24,565.0,0.0,0.0,MIBGAS_Data_2025.xlsx,Trading Data PVB&VTP,6678
2025-02-16,GDAES_D+2,PVB,ES,2025-02-18,2025-02-18,51.26,,51.0,51.45,51.0,50.5,51.5,M,,2.38,2700.0,0.0,0.0,MIBGAS_Data_2025.xlsx,Trading Data PVB&VTP,6670
2025-02-17,GDAES_D+2,PVB,ES,2025-02-19,2025-02-19,49.28,49.85,47.74,49.95,47.5,47.5,49.45,M,,2.11,13939.0,1210.0,0.0,MIBGAS_Data_2025.xlsx,Trading Data PVB&VTP,6644
2025-02-18,GDAES_D+2,PVB,ES,2025-02-20,2025-02-20,46.83,,48.75,47.15,46.55,48.0,49.5,M,,3.12,3200.0,0.0,0.0,MIBGAS_Data_2025.xlsx,Trading Data PVB&VTP,6618
2025-02-19,GDAES_D+2,PVB,ES,2025-02-21,2025-02-21,48.45,,48.67,48.6,48.07,48.5,49.85,M,,1.6,3024.0,0.0,0.0,MIBGAS_Data_2025.xlsx,Trading Data PVB&VTP,6592
2025-02-20,GDAES_D+2,PVB,ES,2025-02-22,2025-02-22,46.93,46.4,47.18,47.25,46.4,46.6,47.75,M,,1.99,1850.0,300.0,0.0,MIBGAS_Data_2025.xlsx,Trading Data PVB&VTP,6566
2025-02-21,GDAES_D+2,PVB,ES,2025-02-23,2025-02-23,46.76,46.32,46.23,47.3,45.65,45.65,46.8,M,,0.81,13697.0,800.0,0.0,MIBGAS_Data_2025.xlsx,Trading Data PVB&VTP,6540
2025-02-22,GDAES_D+2,PVB,ES,2025-02-24,2025-02-24,45.02,,45.45,45.35,44.9,45.0,45.89,M,,1.59,5588.0,0.0,0.0,MIBGAS_Data_2025.xlsx,Trading Data PVB&VTP,6532
2025-02-23,GDAES_D+2,PVB,ES,2025-02-25,2025-02-25,45.33,,45.14,45.35,45.27,45.0,45.28,M,,3.45,6769.0,0.0,0.0,MIBGAS_Data_2025.xlsx,Trading Data PVB&VTP,6524
2025-02-24,GDAES_D+2,PVB,ES,2025-02-26,2025-02-26,45.24,,45.98,45.7,44.6,45.2,46.75,M,,1.56,4756.0,0.0,0.0,MIBGAS_Data_2025.xlsx,Trading Data PVB&VTP,6498
2025-02-25,GDAES_D+2,PVB,ES,2025-02-27,2025-02-27,44.97,,43.51,46.0,43.5,,,M,,2.33,8761.0,0.0,0.0,MIBGAS_Data_2025.xlsx,Trading Data PVB&VTP,6473
2025-02-26,GDAES_D+2,PVB,ES,2025-02-28,2025-02-28,42.57,43.8,41.01,44.0,41.0,,,M,,3.46,8694.0,110.0,0.0,MIBGAS_Data_2025.xlsx,Trading Data PVB&VTP,6448
2025-02-27,GDAES_D+2,PVB,ES,2025-03-01,2025-03-01,43.12,43.12,44.0,43.12,43.12,43.0,45.0,M,,2.87,100.0,100.0,0.0,MIBGAS_Data_2025.xlsx,Trading Data PVB&VTP,6423
2025-02-28,GDAES_D+2,PVB,ES,2025-03-02,2025-03-02,45.29,46.09,44.11,46.09,44.0,44.0,44.9,M,,1.54,8038.0,3208.0,0.0,MIBGAS_Data_2025.xlsx,Trading Data PVB&VTP,6398
2025-03-01,GDAES_D+2,PVB,ES,2025-03-03,2025-03-03,44.51,44.51,45.35,44.51,44.51,44.95,45.74,M,,2.45,990.0,990.0,0.0,MIBGAS_Data_2025.xlsx,Trading Data PVB&VTP,6390
2025-03-02,GDAES_D+2,PVB,ES,2025-03-04,2025-03-04,45.65,45.0,46.12,46.0,45.0,46.0,46.23,M,,1.87,2000.0,500.0,0.0,MIBGAS_Data_2025.xlsx,Trading Data PVB&VTP,6382
2025-03-03,GDAES_D+2,PVB,ES,2025-03-05,2025-03-05,45.73,46.75,44.97,46.75,44.0,44.05,45.89,M,,1.64,11020.0,15.0,0.0,MIBGAS_Data_2025.xlsx,Trading Data PVB&VTP,6356
2025-03-04,GDAES_D+2,PVB,ES,2025-03-06,2025-03-06,43.27,43.1,43.25,44.1,42.52,42.5,44.0,M,,3.45,6785.0,800.0,0.0,MIBGAS_Data_2025.xlsx,Trading Data PVB&VTP,6330
2025-03-05,GDAES_D+2,PVB,ES,2025-03-07,2025-03-07,41.44,43.45,41.23,43.45,40.8,40.95,41.5,M,,4.62,8485.0,40.0,0.0,MIBGAS_Data_2025.xlsx,Trading Data PVB&VTP,6304
2025-03-06,GDAES_D+2,PVB,ES,2025-03-08,2025-03-08,41.5,,41.5,,,41.11,41.88,M,,13.07,0.0,0.0,0.0,MIBGAS_Data_2025.xlsx,Trading Data PVB&VTP,6278
2025-03-07,GDAES_D+2,PVB,ES,2025-03-09,2025-03-09,38.44,37.1,40.13,41.0,37.1,39.5,40.75,M,,2.8,15194.0,6609.0,0.0,MIBGAS_Data_2025.xlsx,Trading Data PVB&VTP,6252
2025-03-08,GDAES_D+2,PVB,ES,2025-03-10,2025-03-10,38.73,39.0,38.38,39.0,36.75,37.55,39.2,M,,6.19,1101.0,900.0,0.0,MIBGAS_Data_2025.xlsx,Trading Data PVB&VTP,6244
2025-03-09,GDAES_D+2,PVB,ES,2025-03-11,2025-03-11,39.16,,39.15,39.25,39.1,38.5,39.8,M,,1.2,2484.0,0.0,0.0,MIBGAS_Data_2025.xlsx,Trading Data PVB&VTP,6236
2025-03-10,GDAES_D+2,PVB,ES,2025-03-12,2025-03-12,40.89,39.89,41.35,42.99,39.89,41.2,42.39,M,,7.2,6400.0,110.0,0.0,MIBGAS_Data_2025.xlsx,Trading Data PVB&VTP,6210
2025-03-11,GDAES_D+2,PVB,ES,2025-03-13,2025-03-13,41.8,41.93,41.77,42.0,41.4,41.4,42.14,M,,3.24,6260.0,60.0,0.0,MIBGAS_Data_2025.xlsx,Trading Data PVB&VTP,6184
2025-03-12,GDAES_D+2,PVB,ES,2025-03-14,2025-03-14,42.29,42.75,42.35,42.75,41.5,41.7,43.0,M,,3.69,4105.0,110.0,0.0,MIBGAS_Data_2025.xlsx,Trading Data PVB&VTP,6158
2025-03-13,GDAES_D+2,PVB,ES,2025-03-15,2025-03-15,43.25,,43.25,,,42.5,44.0,M,,3.5,0.0,0.0,0.0,MIBGAS_Data_2025.xlsx,Trading Data PVB&VTP,6132
2025-03-14,GDAES_D+2,PVB,ES,2025-03-16,2025-03-16,41.33,40.98,42.03,42.8,40.98,41.65,42.4,M,,1.95,18890.0,13024.0,0.0,MIBGAS_Data_2025.xlsx,Trading Data PVB&VTP,6106
2025-03-15,GDAES_D+2,PVB,ES,2025-03-17,2025-03-17,41.63,41.6,42.02,41.8,41.5,41.79,42.24,M,,0.77,6660.0,1200.0,0.0,MIBGAS_Data_2025.xlsx,Trading Data PVB&VTP,6098
2025-03-16,GDAES_D+2,PVB,ES,2025-03-18,2025-03-18,41.9,,42.04,42.05,41.7,42.0,42.08,M,,1.98,11112.0,0.0,0.0,MIBGAS_Data_2025.xlsx,Trading Data PVB&VTP,6090
2025-03-17,GDAES_D+2,PVB,ES,2025-03-19,2025-03-19,40.77,41.48,40.6,41.48,40.05,40.13,40.63,M,,1.0,5969.0,160.0,0.0,MIBGAS_Data_2025.xlsx,Trading Data PVB&VTP,6064
2025-03-18,GDAES_D+2,PVB,ES,2025-03-20,2025-03-20,40.31,40.55,40.15,40.55,39.5,39.76,40.54,M,,1.98,10830.0,50.0,0.0,MIBGAS_Data_2025.xlsx,Trading Data PVB&VTP,6038
2025-03-19,GDAES_D+2,PVB,ES,2025-03-21,2025-03-21,41.77,41.88,42.8,42.5,41.4,42.6,42.99,M,,2.48,17865.0,15.0,0.0,MIBGAS_Data_2025.xlsx,Trading Data PVB&VTP,6012
2025-03-20,GDAES_D+2,PVB,ES,2025-03-22,2025-03-22,42.75,,41.87,42.75,42.75,,,A,,2.27,1.0,0.0,0.0,MIBGAS_Data_2025.xlsx,Trading Data PVB&VTP,5986
2025-03-21,GDAES_D+2,PVB,ES,2025-03-23,2025-03-23,42.44,43.5,41.8,43.5,41.15,41.5,42.1,M,,1.37,8546.0,1216.0,0.0,MIBGAS_Data_2025.xlsx,Trading Data PVB&VTP,5960
2025-03-22,GDAES_D+2,PVB,ES,2025-03-24,2025-03-24,41.7,,41.7,41.7,41.7,41.25,41.7,M,,1.94,200.0,0.0,0.0,MIBGAS_Data_2025.xlsx,Trading Data PVB&VTP,5952
2025-03-23,GDAES_D+2,PVB,ES,2025-03-25,2025-03-25,41.96,41.8,42.26,42.01,41.8,41.52,43.0,M,,0.62,2500.0,300.0,0.0,MIBGAS_Data_2025.xlsx,Trading Data PVB&VTP,5944
2025-03-24,GDAES_D+2,PVB,ES,2025-03-26,2025-03-26,41.44,40.82,41.82,41.8,40.82,40.9,42.74,M,,3.7,3400.0,300.0,0.0,MIBGAS_Data_2025.xlsx,Trading Data PVB&VTP,5918
2025-03-25,GDAES_D+2,PVB,ES,2025-03-27,2025-03-27,41.0,41.0,40.84,41.5,40.55,40.66,41.99,M,,2.1,10335.0,75.0,0.0,MIBGAS_Data_2025.xlsx,Trading Data PVB&VTP,5892
2025-03-26,GDAES_D+2,PVB,ES,2025-03-28,2025-03-28,39.92,39.99,39.85,39.99,39.86,39.6,40.1,M,,,1355.0,45.0,0.0,MIBGAS_Data_2025.xlsx,Trading Data PVB&VTP,5866
2025-03-27,GDAES_D+2,PVB,ES,2025-03-29,2025-03-29,40.04,,40.04,,,,,A,,,0.0,0.0,0.0,MIBGAS_Data_2025.xlsx,Trading Data PVB&VTP,5840
2025-03-28,GDAES_D+2,PVB,ES,2025-03-30,2025-03-30,39.77,39.94,39.28,40.2,39.25,39.06,39.49,M,,1.07,11541.0,4122.0,0.0,MIBGAS_Data_2025.xlsx,Trading Data PVB&VTP,5815
2025-03-29,GDAES_D+2,PVB,ES,2025-03-31,2025-03-31,38.6,,38.64,39.05,38.5,38.5,39.59,M,,1.27,8000.0,0.0,0.0,MIBGAS_Data_2025.xlsx,Trading Data PVB&VTP,5807
2025-03-30,GDAES_D+2,PVB,ES,2025-04-01,2025-04-01,38.33,38.13,38.73,38.56,38.13,38.21,39.25,M,,1.15,9421.0,2000.0,0.0,MIBGAS_Data_2025.xlsx,Trading Data PVB&VTP,5799
2025-03-31,GDAES_D+2,PVB,ES,2025-04-02,2025-04-02,39.35,39.6,39.48,39.79,38.85,38.95,40.0,M,,0.54,23482.0,5000.0,0.0,MIBGAS_Data_2025.xlsx,Trading Data PVB&VTP,5776
2025-04-01,GDAES_D+2,PVB,ES,2025-04-03,2025-04-03,39.4,39.99,40.3,40.16,39.05,39.85,40.75,M,,1.18,33449.0,90.0,0.0,MIBGAS_Data_2025.xlsx,Trading Data PVB&VTP,5750
2025-04-02,GDAES_D+2,PVB,ES,2025-04-04,2025-04-04,40.59,41.2,39.73,41.25,39.55,39.68,40.0,M,,1.35,36360.0,10020.0,0.0,MIBGAS_Data_2025.xlsx,Trading Data PVB&VTP,5724
2025-04-03,GDAES_D+2,PVB,ES,2025-04-05,2025-04-05,38.44,38.89,37.9,38.89,37.6,37.4,38.4,M,,3.6,5230.0,300.0,0.0,MIBGAS_Data_2025.xlsx,Trading Data PVB&VTP,5698
2025-04-04,GDAES_D+2,PVB,ES,2025-04-06,2025-04-06,35.76,37.2,34.79,37.2,34.5,34.62,35.86,M,,5.76,9581.0,2662.0,0.0,MIBGAS_Data_2025.xlsx,Trading Data PVB&VTP,5672
2025-04-05,GDAES_D+2,PVB,ES,2025-04-07,2025-04-07,35.71,36.0,35.75,36.0,35.25,35.45,36.05,M,,1.54,20514.0,10514.0,0.0,MIBGAS_Data_2025.xlsx,Trading Data PVB&VTP,5664
2025-04-06,GDAES_D+2,PVB,ES,2025-04-08,2025-04-08,35.54,,34.85,35.6,35.12,34.7,35.0,M,,1.44,4010.0,0.0,0.0,MIBGAS_Data_2025.xlsx,Trading Data PVB&VTP,5656
2025-04-07,GDAES_D+2,PVB,ES,2025-04-09,2025-04-09,33.93,33.2,35.08,35.1,33.2,34.25,35.9,M,,1.61,40712.0,95.0,0.0,MIBGAS_Data_2025.xlsx,Trading Data PVB&VTP,5630
2025-04-08,GDAES_D+2,PVB,ES,2025-04-10,2025-04-10,35.04,35.6,35.5,35.69,34.8,35.0,36.0,M,,2.93,4231.0,76.0,0.0,MIBGAS_Data_2025.xlsx,Trading Data PVB&VTP,5604
2025-04-09,GDAES_D+2,PVB,ES,2025-04-11,2025-04-11,32.29,33.75,32.33,33.75,30.05,32.3,32.5,M,,1.98,26338.0,2000.0,0.0,MIBGAS_Data_2025.xlsx,Trading Data PVB&VTP,5578
2025-04-10,GDAES_D+2,PVB,ES,2025-04-12,2025-04-12,32.4,,32.47,32.4,32.4,32.25,32.69,M,,3.01,200.0,0.0,0.0,MIBGAS_Data_2025.xlsx,Trading Data PVB&VTP,5552
2025-04-11,GDAES_D+2,PVB,ES,2025-04-13,2025-04-13,32.0,32.65,32.38,32.65,31.5,32.0,32.75,M,,2.76,6525.0,777.0,0.0,MIBGAS_Data_2025.xlsx,Trading Data PVB&VTP,5526
2025-04-12,GDAES_D+2,PVB,ES,2025-04-14,2025-04-14,31.99,,32.0,32.0,31.85,31.81,32.0,M,,1.11,5590.0,0.0,0.0,MIBGAS_Data_2025.xlsx,Trading Data PVB&VTP,5518
2025-04-13,GDAES_D+2,PVB,ES,2025-04-15,2025-04-15,32.03,,32.1,32.35,31.85,31.9,32.3,M,,2.34,2000.0,0.0,0.0,MIBGAS_Data_2025.xlsx,Trading Data PVB&VTP,5510
2025-04-14,GDAES_D+2,PVB,ES,2025-04-16,2025-04-16,32.66,32.85,33.08,33.05,32.4,32.75,33.4,M,,1.2,3316.0,500.0,0.0,MIBGAS_Data_2025.xlsx,Trading Data PVB&VTP,5484
2025-04-15,GDAES_D+2,PVB,ES,2025-04-17,2025-04-17,32.98,32.54,32.61,33.25,32.5,32.55,33.0,M,,1.11,8790.0,200.0,0.0,MIBGAS_Data_2025.xlsx,Trading Data PVB&VTP,5458
2025-04-16,GDAES_D+2,PVB,ES,2025-04-18,2025-04-18,33.35,32.86,33.95,34.4,32.7,33.5,34.4,M,,0.77,5476.0,489.0,0.0,MIBGAS_Data_2025.xlsx,Trading Data PVB&VTP,5426
2025-04-17,GDAES_D+2,PVB,ES,2025-04-19,2025-04-19,33.26,33.8,32.55,33.8,32.53,31.8,33.29,M,,2.03,10325.0,499.0,0.0,MIBGAS_Data_2025.xlsx,Trading Data PVB&VTP,5396
2025-04-18,GDAES_D+2,PVB,ES,2025-04-20,2025-04-20,33.88,33.3,34.24,34.28,33.3,34.0,34.28,M,,1.2,17576.0,4444.0,0.0,MIBGAS_Data_2025.xlsx,Trading Data PVB&VTP,5386
2025-04-19,GDAES_D+2,PVB,ES,2025-04-21,2025-04-21,34.66,,34.82,35.0,34.55,34.51,35.13,M,,3.54,1300.0,0.0,0.0,MIBGAS_Data_2025.xlsx,Trading Data PVB&VTP,5378
2025-04-20,GDAES_D+2,PVB,ES,2025-04-22,2025-04-22,35.22,34.77,35.1,35.35,34.77,34.9,35.3,M,,2.22,2875.0,400.0,0.0,MIBGAS_Data_2025.xlsx,Trading Data PVB&VTP,5370
2025-04-21,GDAES_D+2,PVB,ES,2025-04-23,2025-04-23,35.01,34.5,34.89,35.5,34.5,34.1,34.89,M,,0.75,16470.0,2100.0,0.0,MIBGAS_Data_2025.xlsx,Trading Data PVB&VTP,5360
2025-04-22,GDAES_D+2,PVB,ES,2025-04-24,2025-04-24,33.08,33.97,32.34,34.0,32.25,32.25,32.98,M,,2.2,13682.0,800.0,0.0,MIBGAS_Data_2025.xlsx,Trading Data PVB&VTP,5334
2025-04-23,GDAES_D+2,PVB,ES,2025-04-25,2025-04-25,32.64,33.33,32.73,33.33,32.3,32.3,33.15,M,,1.43,5297.0,100.0,0.0,MIBGAS_Data_2025.xlsx,Trading Data PVB&VTP,5308
2025-04-24,GDAES_D+2,PVB,ES,2025-04-26,2025-04-26,32.12,32.44,31.95,32.45,31.6,31.75,32.15,M,,2.37,6450.0,100.0,0.0,MIBGAS_Data_2025.xlsx,Trading Data PVB&VTP,5282
2025-04-25,GDAES_D+2,PVB,ES,2025-04-27,2025-04-27,31.59,31.94,30.41,32.0,30.05,30.06,30.75,M,,1.51,10647.0,1324.0,0.0,MIBGAS_Data_2025.xlsx,Trading Data PVB&VTP,5256
2025-04-26,GDAES_D+2,PVB,ES,2025-04-28,2025-04-28,30.84,,30.78,30.9,30.55,30.5,31.05,M,,1.04,3900.0,0.0,0.0,MIBGAS_Data_2025.xlsx,Trading Data PVB&VTP,5248
2025-04-27,GDAES_D+2,PVB,ES,2025-04-29,2025-04-29,30.18,,30.11,30.75,30.01,30.01,30.2,M,,1.57,4313.0,0.0,0.0,MIBGAS_Data_2025.xlsx,Trading Data PVB&VTP,5240
2025-04-28,GDAES_D+2,PVB,ES,2025-04-30,2025-04-30,30.51,31.2,30.25,31.65,29.75,30.0,30.5,M,,2.9,2008.0,75.0,0.0,MIBGAS_Data_2025.xlsx,Trading Data PVB&VTP,5215
2025-04-29,GDAES_D+2,PVB,ES,2025-05-01,2025-05-01,30.03,,30.73,30.25,29.9,30.15,31.3,M,,5.41,3480.0,0.0,0.0,MIBGAS_Data_2025.xlsx,Trading Data PVB&VTP,5190
2025-04-30,GDAES_D+2,PVB,ES,2025-05-02,2025-05-02,31.02,30.5,31.16,31.45,30.4,31.11,31.47,M,,1.65,26846.0,1905.0,0.0,MIBGAS_Data_2025.xlsx,Trading Data PVB&VTP,5159
2025-05-01,GDAES_D+2,PVB,ES,2025-05-03,2025-05-03,30.55,,31.1,31.2,30.1,30.3,31.9,M,,1.55,6820.0,0.0,0.0,MIBGAS_Data_2025.xlsx,Trading Data PVB&VTP,5145
2025-05-02,GDAES_D+2,PVB,ES,2025-05-04,2025-05-04,31.93,31.33,31.65,32.95,31.25,31.41,31.69,M,,1.62,12540.0,155.0,0.0,MIBGAS_Data_2025.xlsx,Trading Data PVB&VTP,5117
2025-05-03,GDAES_D+2,PVB,ES,2025-05-05,2025-05-05,31.53,,31.63,31.65,31.35,31.5,31.75,M,,1.26,18253.0,0.0,0.0,MIBGAS_Data_2025.xlsx,Trading Data PVB&VTP,5109
2025-05-04,GDAES_D+2,PVB,ES,2025-05-06,2025-05-06,31.66,,31.63,31.7,31.65,31.5,31.66,M,,1.81,2000.0,0.0,0.0,MIBGAS_Data_2025.xlsx,Trading Data PVB&VTP,5101
2025-05-05,GDAES_D+2,PVB,ES,2025-05-07,2025-05-07,31.68,31.8,31.63,31.95,31.5,31.26,32.0,M,,1.36,3938.0,75.0,0.0,MIBGAS_Data_2025.xlsx,Trading Data PVB&VTP,5075
2025-05-06,GDAES_D+2,PVB,ES,2025-05-08,2025-05-08,32.88,32.7,33.5,33.4,32.7,33.1,33.9,M,,2.32,1748.0,125.0,0.0,MIBGAS_Data_2025.xlsx,Trading Data PVB&VTP,5049
2025-05-07,GDAES_D+2,PVB,ES,2025-05-09,2025-05-09,33.4,33.5,33.03,35.0,33.0,32.95,33.45,M,,3.24,6328.0,75.0,0.0,MIBGAS_Data_2025.xlsx,Trading Data PVB&VTP,5023
2025-05-08,GDAES_D+2,PVB,ES,2025-05-10,2025-05-10,34.0,,33.93,34.0,34.0,33.5,34.35,M,,2.15,3.0,0.0,0.0,MIBGAS_Data_2025.xlsx,Trading Data PVB&VTP,4997
2025-05-09,GDAES_D+2,PVB,ES,2025-05-11,2025-05-11,33.87,34.5,33.59,34.5,33.05,33.34,33.63,M,,1.26,11819.0,2000.0,0.0,MIBGAS_Data_2025.xlsx,Trading Data PVB&VTP,4971
2025-05-10,GDAES_D+2,PVB,ES,2025-05-12,2025-05-12,33.29,33.01,33.6,33.7,33.01,33.5,33.62,M,,1.36,9043.0,5000.0,0.0,MIBGAS_Data_2025.xlsx,Trading Data PVB&VTP,4963
2025-05-11,GDAES_D+2,PVB,ES,2025-05-13,2025-05-13,33.8,,33.73,33.8,33.8,33.2,33.8,M,,2.75,500.0,0.0,0.0,MIBGAS_Data_2025.xlsx,Trading Data PVB&VTP,4955
2025-05-12,GDAES_D+2,PVB,ES,2025-05-14,2025-05-14,34.66,34.7,34.38,35.0,33.75,34.05,34.7,M,,1.61,6121.0,75.0,0.0,MIBGAS_Data_2025.xlsx,Trading Data PVB&VTP,4929
2025-05-13,GDAES_D+2,PVB,ES,2025-05-15,2025-05-15,34.17,34.49,34.63,34.5,33.95,34.45,34.8,M,,1.79,3065.0,65.0,0.0,MIBGAS_Data_2025.xlsx,Trading Data PVB&VTP,4903
2025-05-14,GDAES_D+2,PVB,ES,2025-05-16,2025-05-16,33.96,34.4,33.81,34.5,33.6,33.75,34.25,M,,3.6,24733.0,447.0,0.0,MIBGAS_Data_2025.xlsx,Trading Data PVB&VTP,4877
2025-05-15,GDAES_D+2,PVB,ES,2025-05-17,2025-05-17,33.72,34.2,33.73,34.4,33.5,33.55,34.54,M,,2.18,2345.0,150.0,0.0,MIBGAS_Data_2025.xlsx,Trading Data PVB&VTP,4851
2025-05-16,GDAES_D+2,PVB,ES,2025-05-18,2025-05-18,34.02,33.99,33.77,34.65,33.5,33.7,33.84,M,,1.11,13436.0,2678.0,0.0,MIBGAS_Data_2025.xlsx,Trading Data PVB&VTP,4825
2025-05-17,GDAES_D+2,PVB,ES,2025-05-19,2025-05-19,33.79,,33.95,34.0,33.5,33.55,34.35,M,,1.26,3006.0,0.0,0.0,MIBGAS_Data_2025.xlsx,Trading Data PVB&VTP,4817
2025-05-18,GDAES_D+2,PVB,ES,2025-05-20,2025-05-20,34.5,,34.3,34.5,34.5,34.1,34.5,M,,1.98,251.0,0.0,0.0,MIBGAS_Data_2025.xlsx,Trading Data PVB&VTP,4809
2025-05-19,GDAES_D+2,PVB,ES,2025-05-21,2025-05-21,34.05,34.45,34.18,34.62,33.81,33.76,34.6,M,,1.71,10910.0,180.0,0.0,MIBGAS_Data_2025.xlsx,Trading Data PVB&VTP,4783
2025-05-20,GDAES_D+2,PVB,ES,2025-05-22,2025-05-22,34.9,34.61,36.18,35.15,34.61,35.35,37.0,M,,2.02,2100.0,300.0,0.0,MIBGAS_Data_2025.xlsx,Trading Data PVB&VTP,4757
2025-05-21,GDAES_D+2,PVB,ES,2025-05-23,2025-05-23,36.19,,36.2,36.85,35.75,36.08,36.95,M,,1.23,7375.0,0.0,0.0,MIBGAS_Data_2025.xlsx,Trading Data PVB&VTP,4731
2025-05-22,GDAES_D+2,PVB,ES,2025-05-24,2025-05-24,35.05,,35.52,35.05,35.05,35.05,35.99,M,,1.76,100.0,0.0,0.0,MIBGAS_Data_2025.xlsx,Trading Data PVB&VTP,4705
2025-05-23,GDAES_D+2,PVB,ES,2025-05-25,2025-05-25,35.2,35.37,35.09,35.55,34.5,34.81,35.54,M,,0.9,15695.0,4601.0,0.0,MIBGAS_Data_2025.xlsx,Trading Data PVB&VTP,4677
2025-05-24,GDAES_D+2,PVB,ES,2025-05-26,2025-05-26,36.0,,36.0,,,35.2,36.8,M,,2.98,0.0,0.0,0.0,MIBGAS_Data_2025.xlsx,Trading Data PVB&VTP,4669
2025-05-25,GDAES_D+2,PVB,ES,2025-05-27,2025-05-27,35.99,35.95,35.85,36.0,35.9,35.7,36.0,M,,2.3,6920.0,800.0,0.0,MIBGAS_Data_2025.xlsx,Trading Data PVB&VTP,4661
2025-05-26,GDAES_D+2,PVB,ES,2025-05-28,2025-05-28,36.19,36.0,36.38,37.0,35.95,36.07,36.48,M,,1.6,6776.0,375.0,0.0,MIBGAS_Data_2025.xlsx,Trading Data PVB&VTP,4635
2025-05-27,GDAES_D+2,PVB,ES,2025-05-29,2025-05-29,36.11,36.48,36.03,36.48,35.85,35.91,36.85,M,,2.02,4451.0,981.0,0.0,MIBGAS_Data_2025.xlsx,Trading Data PVB&VTP,4609
2025-05-28,GDAES_D+2,PVB,ES,2025-05-30,2025-05-30,35.88,36.15,35.91,36.15,35.5,35.85,36.29,M,,0.81,4508.0,350.0,0.0,MIBGAS_Data_2025.xlsx,Trading Data PVB&VTP,4584
2025-05-29,GDAES_D+2,PVB,ES,2025-05-31,2025-05-31,35.7,,34.5,35.8,34.9,33.51,35.49,M,,2.25,3050.0,0.0,0.0,MIBGAS_Data_2025.xlsx,Trading Data PVB&VTP,4559
2025-05-30,GDAES_D+2,PVB,ES,2025-06-01,2025-06-01,33.94,34.48,33.18,34.49,33.05,33.05,34.1,M,,1.03,37088.0,1128.0,0.0,MIBGAS_Data_2025.xlsx,Trading Data PVB&VTP,4534
2025-05-31,GDAES_D+2,PVB,ES,2025-06-02,2025-06-02,33.27,33.22,33.38,33.4,33.22,33.09,33.4,M,,1.01,2700.0,2000.0,0.0,MIBGAS_Data_2025.xlsx,Trading Data PVB&VTP,4526
2025-06-01,GDAES_D+2,PVB,ES,2025-06-03,2025-06-03,33.45,,33.48,33.68,33.3,33.42,33.49,M,,1.08,9335.0,0.0,0.0,MIBGAS_Data_2025.xlsx,Trading Data PVB&VTP,4518
2025-06-02,GDAES_D+2,PVB,ES,2025-06-04,2025-06-04,34.41,33.56,34.68,34.6,33.41,34.35,35.0,M,,3.17,6276.0,275.0,0.0,MIBGAS_Data_2025.xlsx,Trading Data PVB&VTP,4492
2025-06-03,GDAES_D+2,PVB,ES,2025-06-05,2025-06-05,34.87,34.58,35.08,35.3,34.58,34.93,35.7,M,,1.83,10916.0,2041.0,0.0,MIBGAS_Data_2025.xlsx,Trading Data PVB&VTP,4466
2025-06-04,GDAES_D+2,PVB,ES,2025-06-06,2025-06-06,35.25,35.4,35.09,36.0,34.85,35.08,35.22,M,,2.48,16195.0,5185.0,0.0,MIBGAS_Data_2025.xlsx,Trading Data PVB&VTP,4440
2025-06-05,GDAES_D+2,PVB,ES,2025-06-07,2025-06-07,35.53,,35.58,35.55,35.5,35.35,35.8,M,,1.94,1000.0,0.0,0.0,MIBGAS_Data_2025.xlsx,Trading Data PVB&VTP,4414
2025-06-06,GDAES_D+2,PVB,ES,2025-06-08,2025-06-08,35.45,35.48,35.33,35.9,35.15,35.06,35.6,M,,0.8,9228.0,6700.0,0.0,MIBGAS_Data_2025.xlsx,Trading Data PVB&VTP,4388
2025-06-07,GDAES_D+2,PVB,ES,2025-06-09,2025-06-09,35.75,,35.75,,,35.55,35.95,M,,1.39,0.0,0.0,0.0,MIBGAS_Data_2025.xlsx,Trading Data PVB&VTP,4380
2025-06-08,GDAES_D+2,PVB,ES,2025-06-10,2025-06-10,36.3,,36.0,36.3,36.3,35.55,36.45,M,,2.14,211.0,0.0,0.0,MIBGAS_Data_2025.xlsx,Trading Data PVB&VTP,4372
2025-06-09,GDAES_D+2,PVB,ES,2025-06-11,2025-06-11,35.26,35.3,35.18,35.5,35.1,35.0,35.35,M,,3.08,8534.0,81.0,0.0,MIBGAS_Data_2025.xlsx,Trading Data PVB&VTP,4346
2025-06-10,GDAES_D+2,PVB,ES,2025-06-12,2025-06-12,34.51,34.99,34.34,34.99,34.25,34.25,35.0,M,,2.87,5261.0,95.0,0.0,MIBGAS_Data_2025.xlsx,Trading Data PVB&VTP,4320
2025-06-11,GDAES_D+2,PVB,ES,2025-06-13,2025-06-13,35.28,34.85,35.55,35.55,34.85,35.35,35.75,M,,2.36,6140.0,340.0,0.0,MIBGAS_Data_2025.xlsx,Trading Data PVB&VTP,4294
2025-06-12,GDAES_D+2,PVB,ES,2025-06-14,2025-06-14,35.93,,35.95,35.95,35.5,35.05,35.95,M,,2.08,1050.0,0.0,0.0,MIBGAS_Data_2025.xlsx,Trading Data PVB&VTP,4268
2025-06-13,GDAES_D+2,PVB,ES,2025-06-15,2025-06-15,37.09,36.61,37.33,38.05,36.61,37.25,37.4,M,,1.22,17912.0,10000.0,0.0,MIBGAS_Data_2025.xlsx,Trading Data PVB&VTP,4242
2025-06-14,GDAES_D+2,PVB,ES,2025-06-16,2025-06-16,37.13,,37.13,,,36.5,37.75,M,,4.28,0.0,0.0,0.0,MIBGAS_Data_2025.xlsx,Trading Data PVB&VTP,4234
2025-06-15,GDAES_D+2,PVB,ES,2025-06-17,2025-06-17,37.8,38.12,37.73,38.12,37.56,37.7,38.24,M,,1.66,5570.0,2000.0,0.0,MIBGAS_Data_2025.xlsx,Trading Data PVB&VTP,4226
2025-06-16,GDAES_D+2,PVB,ES,2025-06-18,2025-06-18,37.91,,37.7,39.9,37.1,37.3,38.1,M,,1.8,16057.0,0.0,0.0,MIBGAS_Data_2025.xlsx,Trading Data PVB&VTP,4200
2025-06-17,GDAES_D+2,PVB,ES,2025-06-19,2025-06-19,38.36,38.34,38.81,38.6,38.15,38.61,39.0,M,,2.18,6500.0,35.0,0.0,MIBGAS_Data_2025.xlsx,Trading Data PVB&VTP,4174
2025-06-18,GDAES_D+2,PVB,ES,2025-06-20,2025-06-20,38.98,39.49,38.78,39.49,38.4,38.2,39.35,M,,2.15,8190.0,35.0,0.0,MIBGAS_Data_2025.xlsx,Trading Data PVB&VTP,4148
2025-06-19,GDAES_D+2,PVB,ES,2025-06-21,2025-06-21,40.47,39.69,41.0,41.0,39.69,39.5,41.0,M,,3.14,842.0,300.0,0.0,MIBGAS_Data_2025.xlsx,Trading Data PVB&VTP,4122
2025-06-20,GDAES_D+2,PVB,ES,2025-06-22,2025-06-22,40.23,39.88,40.65,41.1,39.8,40.4,40.9,M,,1.28,17915.0,2609.0,0.0,MIBGAS_Data_2025.xlsx,Trading Data PVB&VTP,4096
2025-06-21,GDAES_D+2,PVB,ES,2025-06-23,2025-06-23,41.14,40.97,41.17,41.29,40.94,40.95,41.39,M,,1.16,11850.0,1000.0,0.0,MIBGAS_Data_2025.xlsx,Trading Data PVB&VTP,4088
2025-06-22,GDAES_D+2,PVB,ES,2025-06-24,2025-06-24,43.57,41.92,44.51,44.65,41.92,44.2,44.82,M,,1.55,7016.0,500.0,0.0,MIBGAS_Data_2025.xlsx,Trading Data PVB&VTP,4080
2025-06-23,GDAES_D+2,PVB,ES,2025-06-25,2025-06-25,41.22,41.5,40.81,41.7,40.6,40.74,41.13,M,,2.08,12725.0,885.0,0.0,MIBGAS_Data_2025.xlsx,Trading Data PVB&VTP,4054
2025-06-24,GDAES_D+2,PVB,ES,2025-06-26,2025-06-26,35.86,35.81,35.73,36.25,35.5,35.68,36.0,M,,2.71,4283.0,55.0,0.0,MIBGAS_Data_2025.xlsx,Trading Data PVB&VTP,4028
2025-06-25,GDAES_D+2,PVB,ES,2025-06-27,2025-06-27,35.59,35.7,35.48,35.8,35.4,35.41,35.93,M,,2.18,4155.0,50.0,0.0,MIBGAS_Data_2025.xlsx,Trading Data PVB&VTP,4002
2025-06-26,GDAES_D+2,PVB,ES,2025-06-28,2025-06-28,34.81,35.2,33.9,35.2,34.05,33.5,34.3,M,,4.96,380.0,150.0,0.0,MIBGAS_Data_2025.xlsx,Trading Data PVB&VTP,3976
2025-06-27,GDAES_D+2,PVB,ES,2025-06-29,2025-06-29,33.4,33.29,33.48,33.8,33.2,33.2,33.75,M,,0.77,18895.0,658.0,0.0,MIBGAS_Data_2025.xlsx,Trading Data PVB&VTP,3951
2025-06-28,GDAES_D+2,PVB,ES,2025-06-30,2025-06-30,33.57,,33.83,33.85,33.05,33.45,34.2,M,,0.96,9200.0,0.0,0.0,MIBGAS_Data_2025.xlsx,Trading Data PVB&VTP,3943
2025-06-29,GDAES_D+2,PVB,ES,2025-07-01,2025-07-01,33.7,,33.7,33.7,33.7,33.5,33.9,M,,1.41,1000.0,0.0,0.0,MIBGAS_Data_2025.xlsx,Trading Data PVB&VTP,3935
2025-06-30,GDAES_D+2,PVB,ES,2025-07-02,2025-07-02,33.02,33.1,33.25,33.3,32.65,32.5,34.0,M,,0.88,28374.0,300.0,0.0,MIBGAS_Data_2025.xlsx,Trading Data PVB&VTP,3911
2025-07-01,GDAES_D+2,PVB,ES,2025-07-03,2025-07-03,33.14,33.19,33.38,33.4,32.8,32.95,33.8,M,,1.83,11863.0,3603.0,0.0,MIBGAS_Data_2025.xlsx,Trading Data PVB&VTP,3885
2025-07-02,GDAES_D+2,PVB,ES,2025-07-04,2025-07-04,34.03,34.4,33.9,34.4,33.5,33.25,34.55,M,,1.84,11724.0,12.0,0.0,MIBGAS_Data_2025.xlsx,Trading Data PVB&VTP,3859
2025-07-03,GDAES_D+2,PVB,ES,2025-07-05,2025-07-05,33.65,33.65,33.3,34.5,33.25,33.25,33.35,M,,2.74,1815.0,50.0,0.0,MIBGAS_Data_2025.xlsx,Trading Data PVB&VTP,3833
2025-07-04,GDAES_D+2,PVB,ES,2025-07-06,2025-07-06,33.66,33.8,33.23,33.8,33.25,33.1,33.35,M,,0.77,3839.0,1500.0,0.0,MIBGAS_Data_2025.xlsx,Trading Data PVB&VTP,3807
2025-07-05,GDAES_D+2,PVB,ES,2025-07-07,2025-07-07,33.42,,33.37,33.65,33.2,33.11,33.62,M,,1.09,4360.0,0.0,0.0,MIBGAS_Data_2025.xlsx,Trading Data PVB&VTP,3799
2025-07-06,GDAES_D+2,PVB,ES,2025-07-08,2025-07-08,33.99,,33.55,34.0,33.98,33.3,33.8,M,,1.47,600.0,0.0,0.0,MIBGAS_Data_2025.xlsx,Trading Data PVB&VTP,3791
2025-07-07,GDAES_D+2,PVB,ES,2025-07-09,2025-07-09,33.41,33.24,33.65,34.0,33.05,33.5,33.8,M,,1.66,13059.0,3115.0,0.0,MIBGAS_Data_2025.xlsx,Trading Data PVB&VTP,3765
2025-07-08,GDAES_D+2,PVB,ES,2025-07-10,2025-07-10,34.13,33.98,34.23,34.97,33.98,33.95,34.5,M,,2.49,12597.0,6060.0,0.0,MIBGAS_Data_2025.xlsx,Trading Data PVB&VTP,3739
2025-07-09,GDAES_D+2,PVB,ES,2025-07-11,2025-07-11,34.58,34.49,34.8,34.7,34.35,34.4,35.2,M,,2.24,5607.0,260.0,0.0,MIBGAS_Data_2025.xlsx,Trading Data PVB&VTP,3713
2025-07-10,GDAES_D+2,PVB,ES,2025-07-12,2025-07-12,35.0,,34.98,35.45,35.0,34.55,35.4,M,,1.89,101.0,0.0,0.0,MIBGAS_Data_2025.xlsx,Trading Data PVB&VTP,3687
2025-07-11,GDAES_D+2,PVB,ES,2025-07-13,2025-07-13,34.88,34.61,35.35,35.95,34.61,35.05,35.65,M,,1.14,15551.0,5834.0,0.0,MIBGAS_Data_2025.xlsx,Trading Data PVB&VTP,3661
2025-07-12,GDAES_D+2,PVB,ES,2025-07-14,2025-07-14,36.18,,36.1,36.38,35.6,35.85,36.34,M,,0.73,9050.0,0.0,0.0,MIBGAS_Data_2025.xlsx,Trading Data PVB&VTP,3653
2025-07-13,GDAES_D+2,PVB,ES,2025-07-15,2025-07-15,36.3,,36.24,36.49,36.2,35.8,36.3,M,,1.21,20712.0,0.0,0.0,MIBGAS_Data_2025.xlsx,Trading Data PVB&VTP,3645
2025-07-14,GDAES_D+2,PVB,ES,2025-07-16,2025-07-16,35.75,35.74,35.11,36.0,35.05,35.05,35.53,M,,2.14,12577.0,120.0,0.0,MIBGAS_Data_2025.xlsx,Trading Data PVB&VTP,3619
2025-07-15,GDAES_D+2,PVB,ES,2025-07-17,2025-07-17,34.72,35.0,34.75,35.0,34.25,34.3,35.2,M,,1.91,8911.0,210.0,0.0,MIBGAS_Data_2025.xlsx,Trading Data PVB&VTP,3593
2025-07-16,GDAES_D+2,PVB,ES,2025-07-18,2025-07-18,34.75,34.9,34.77,34.95,34.5,34.64,35.25,M,,2.3,6220.0,10.0,0.0,MIBGAS_Data_2025.xlsx,Trading Data PVB&VTP,3567
2025-07-17,GDAES_D+2,PVB,ES,2025-07-19,2025-07-19,34.7,,34.73,35.0,34.5,34.05,35.4,M,,3.06,300.0,0.0,0.0,MIBGAS_Data_2025.xlsx,Trading Data PVB&VTP,3541
2025-07-18,GDAES_D+2,PVB,ES,2025-07-20,2025-07-20,34.07,34.6,33.38,34.6,33.3,33.1,33.46,M,,0.82,15350.0,5713.0,0.0,MIBGAS_Data_2025.xlsx,Trading Data PVB&VTP,3515
2025-07-19,GDAES_D+2,PVB,ES,2025-07-21,2025-07-21,34.0,,33.99,34.0,34.0,33.9,34.08,M,,1.27,2800.0,0.0,0.0,MIBGAS_Data_2025.xlsx,Trading Data PVB&VTP,3507
2025-07-20,GDAES_D+2,PVB,ES,2025-07-22,2025-07-22,33.97,,33.68,34.0,33.95,33.21,34.15,M,,1.51,800.0,0.0,0.0,MIBGAS_Data_2025.xlsx,Trading Data PVB&VTP,3499
2025-07-21,GDAES_D+2,PVB,ES,2025-07-23,2025-07-23,33.56,33.87,33.25,33.87,33.05,32.75,33.75,M,,0.99,14581.0,210.0,0.0,MIBGAS_Data_2025.xlsx,Trading Data PVB&VTP,3473
2025-07-22,GDAES_D+2,PVB,ES,2025-07-24,2025-07-24,33.06,33.37,33.38,33.5,32.8,32.75,34.0,M,,4.46,9311.0,110.0,0.0,MIBGAS_Data_2025.xlsx,Trading Data PVB&VTP,3447
2025-07-23,GDAES_D+2,PVB,ES,2025-07-25,2025-07-25,33.19,33.54,32.63,33.95,32.7,32.25,33.0,M,,2.48,13243.0,10.0,0.0,MIBGAS_Data_2025.xlsx,Trading Data PVB&VTP,3421
2025-07-24,GDAES_D+2,PVB,ES,2025-07-26,2025-07-26,32.56,33.08,32.25,33.4,32.25,31.51,32.99,M,,5.6,1315.0,225.0,0.0,MIBGAS_Data_2025.xlsx,Trading Data PVB&VTP,3393
2025-07-25,GDAES_D+2,PVB,ES,2025-07-27,2025-07-27,32.16,32.25,32.19,33.15,31.9,32.16,32.32,M,,2.49,4985.0,255.0,0.0,MIBGAS_Data_2025.xlsx,Trading Data PVB&VTP,3367
2025-07-26,GDAES_D+2,PVB,ES,2025-07-28,2025-07-28,32.44,,32.65,32.45,32.43,32.4,32.9,M,,1.34,900.0,0.0,0.0,MIBGAS_Data_2025.xlsx,Trading Data PVB&VTP,3359
2025-07-27,GDAES_D+2,PVB,ES,2025-07-29,2025-07-29,33.03,,32.88,33.15,32.85,32.8,32.95,M,,1.6,15500.0,0.0,0.0,MIBGAS_Data_2025.xlsx,Trading Data PVB&VTP,3351
2025-07-28,GDAES_D+2,PVB,ES,2025-07-30,2025-07-30,32.16,,31.98,32.4,32.0,31.0,32.95,M,,3.6,12515.0,0.0,0.0,MIBGAS_Data_2025.xlsx,Trading Data PVB&VTP,3326
2025-07-29,GDAES_D+2,PVB,ES,2025-07-31,2025-07-31,33.65,33.37,33.99,33.65,33.37,33.3,34.68,M,,4.04,501.0,1.0,0.0,MIBGAS_Data_2025.xlsx,Trading Data PVB&VTP,3301
2025-07-30,GDAES_D+2,PVB,ES,2025-08-01,2025-08-01,34.21,34.25,34.6,34.75,33.95,34.5,34.7,M,,3.0,5495.0,300.0,0.0,MIBGAS_Data_2025.xlsx,Trading Data PVB&VTP,3276
2025-07-31,GDAES_D+2,PVB,ES,2025-08-02,2025-08-02,34.63,,34.63,,,33.9,35.35,M,,7.38,0.0,0.0,0.0,MIBGAS_Data_2025.xlsx,Trading Data PVB&VTP,3251
2025-08-01,GDAES_D+2,PVB,ES,2025-08-03,2025-08-03,34.46,34.82,33.61,34.85,33.6,33.26,33.95,M,,1.97,5425.0,446.0,0.0,MIBGAS_Data_2025.xlsx,Trading Data PVB&VTP,3225
2025-08-02,GDAES_D+2,PVB,ES,2025-08-04,2025-08-04,33.93,33.8,33.9,34.35,33.8,33.6,34.2,M,,1.72,4501.0,2000.0,0.0,MIBGAS_Data_2025.xlsx,Trading Data PVB&VTP,3217
2025-08-03,GDAES_D+2,PVB,ES,2025-08-05,2025-08-05,34.12,,34.03,34.5,33.9,33.85,34.2,M,,1.22,8300.0,0.0,0.0,MIBGAS_Data_2025.xlsx,Trading Data PVB&VTP,3209
2025-08-04,GDAES_D+2,PVB,ES,2025-08-06,2025-08-06,33.6,,33.81,33.7,33.5,33.42,34.2,M,,1.71,9601.0,0.0,0.0,MIBGAS_Data_2025.xlsx,Trading Data PVB&VTP,3183
2025-08-05,GDAES_D+2,PVB,ES,2025-08-07,2025-08-07,34.15,,34.25,34.4,33.8,34.1,34.4,M,,1.68,5061.0,0.0,0.0,MIBGAS_Data_2025.xlsx,Trading Data PVB&VTP,3157
2025-08-06,GDAES_D+2,PVB,ES,2025-08-08,2025-08-08,33.74,,33.28,34.05,33.05,33.06,33.49,M,,1.55,9816.0,0.0,0.0,MIBGAS_Data_2025.xlsx,Trading Data PVB&VTP,3131
2025-08-07,GDAES_D+2,PVB,ES,2025-08-09,2025-08-09,32.97,,33.05,33.28,32.8,32.91,33.19,M,,1.93,4205.0,0.0,0.0,MIBGAS_Data_2025.xlsx,Trading Data PVB&VTP,3105
2025-08-08,GDAES_D+2,PVB,ES,2025-08-10,2025-08-10,32.85,32.89,32.37,33.44,31.77,32.32,32.88,M,,0.87,15890.0,4593.0,0.0,MIBGAS_Data_2025.xlsx,Trading Data PVB&VTP,3079
2025-08-09,GDAES_D+2,PVB,ES,2025-08-11,2025-08-11,32.5,,32.5,,,32.25,32.75,M,,3.42,0.0,0.0,0.0,MIBGAS_Data_2025.xlsx,Trading Data PVB&VTP,3071
2025-08-10,GDAES_D+2,PVB,ES,2025-08-12,2025-08-12,32.66,,32.72,32.8,32.4,32.71,32.77,M,,1.12,5900.0,0.0,0.0,MIBGAS_Data_2025.xlsx,Trading Data PVB&VTP,3063
2025-08-11,GDAES_D+2,PVB,ES,2025-08-13,2025-08-13,32.75,,33.0,32.9,32.65,32.6,33.4,M,,1.7,4100.0,0.0,0.0,MIBGAS_Data_2025.xlsx,Trading Data PVB&VTP,3037
2025-08-12,GDAES_D+2,PVB,ES,2025-08-14,2025-08-14,32.62,33.0,32.45,33.0,32.25,32.4,32.8,M,,1.38,7365.0,100.0,0.0,MIBGAS_Data_2025.xlsx,Trading Data PVB&VTP,3011
2025-08-13,GDAES_D+2,PVB,ES,2025-08-15,2025-08-15,32.46,32.6,32.75,32.6,32.45,32.5,32.99,M,,3.68,2280.0,100.0,0.0,MIBGAS_Data_2025.xlsx,Trading Data PVB&VTP,2985
2025-08-14,GDAES_D+2,PVB,ES,2025-08-16,2025-08-16,32.21,32.69,31.98,32.69,32.0,31.76,32.2,M,,1.81,14710.0,959.0,0.0,MIBGAS_Data_2025.xlsx,Trading Data PVB&VTP,2957
2025-08-15,GDAES_D+2,PVB,ES,2025-08-17,2025-08-17,31.21,32.0,30.83,32.0,30.3,30.55,31.1,M,,3.33,5465.0,2000.0,0.0,MIBGAS_Data_2025.xlsx,Trading Data PVB&VTP,2931
2025-08-16,GDAES_D+2,PVB,ES,2025-08-18,2025-08-18,31.3,,31.33,31.5,31.14,31.16,31.35,M,,0.98,24150.0,0.0,0.0,MIBGAS_Data_2025.xlsx,Trading Data PVB&VTP,2923
2025-08-17,GDAES_D+2,PVB,ES,2025-08-19,2025-08-19,31.81,,31.9,31.9,31.65,31.5,32.3,M,,0.7,32300.0,0.0,0.0,MIBGAS_Data_2025.xlsx,Trading Data PVB&VTP,2915
2025-08-18,GDAES_D+2,PVB,ES,2025-08-20,2025-08-20,30.85,30.9,31.24,31.02,30.55,30.6,31.88,M,,2.7,23605.0,4205.0,0.0,MIBGAS_Data_2025.xlsx,Trading Data PVB&VTP,2889
2025-08-19,GDAES_D+2,PVB,ES,2025-08-21,2025-08-21,30.92,30.94,31.19,31.1,30.8,30.8,31.58,M,,2.81,16925.0,100.0,0.0,MIBGAS_Data_2025.xlsx,Trading Data PVB&VTP,2863
2025-08-20,GDAES_D+2,PVB,ES,2025-08-22,2025-08-22,31.01,31.37,32.01,31.5,30.9,31.02,33.0,M,,2.25,18159.0,104.0,0.0,MIBGAS_Data_2025.xlsx,Trading Data PVB&VTP,2837
2025-08-21,GDAES_D+2,PVB,ES,2025-08-23,2025-08-23,32.65,,32.65,,,32.3,33.0,M,,2.88,0.0,0.0,0.0,MIBGAS_Data_2025.xlsx,Trading Data PVB&VTP,2811
2025-08-22,GDAES_D+2,PVB,ES,2025-08-24,2025-08-24,32.86,33.15,32.97,33.15,32.45,32.94,33.29,M,,1.16,11614.0,445.0,0.0,MIBGAS_Data_2025.xlsx,Trading Data PVB&VTP,2783
2025-08-23,GDAES_D+2,PVB,ES,2025-08-25,2025-08-25,33.1,,33.43,33.1,33.1,33.35,33.5,M,,1.29,43.0,0.0,0.0,MIBGAS_Data_2025.xlsx,Trading Data PVB&VTP,2775
2025-08-24,GDAES_D+2,PVB,ES,2025-08-26,2025-08-26,33.4,,33.29,33.5,33.25,33.27,33.4,M,,1.08,7460.0,0.0,0.0,MIBGAS_Data_2025.xlsx,Trading Data PVB&VTP,2767
2025-08-25,GDAES_D+2,PVB,ES,2025-08-27,2025-08-27,33.1,33.0,33.2,33.55,32.8,32.81,33.59,M,,1.49,11760.0,260.0,0.0,MIBGAS_Data_2025.xlsx,Trading Data PVB&VTP,2741
2025-08-26,GDAES_D+2,PVB,ES,2025-08-28,2025-08-28,32.97,33.29,32.96,33.29,32.85,32.55,33.36,M,,0.97,3630.0,125.0,0.0,MIBGAS_Data_2025.xlsx,Trading Data PVB&VTP,2715
2025-08-27,GDAES_D+2,PVB,ES,2025-08-29,2025-08-29,32.36,32.89,31.89,32.99,31.8,,,M,,3.49,11686.0,33.0,0.0,MIBGAS_Data_2025.xlsx,Trading Data PVB&VTP,2689
2025-08-28,GDAES_D+2,PVB,ES,2025-08-30,2025-08-30,31.9,,31.9,31.9,31.9,,,M,,19.03,500.0,0.0,0.0,MIBGAS_Data_2025.xlsx,Trading Data PVB&VTP,2664
2025-08-29,GDAES_D+2,PVB,ES,2025-08-31,2025-08-31,31.0,31.08,30.87,31.11,30.7,30.75,30.99,M,,1.0,10728.0,5333.0,0.0,MIBGAS_Data_2025.xlsx,Trading Data PVB&VTP,2639
2025-08-30,GDAES_D+2,PVB,ES,2025-09-01,2025-09-01,31.17,31.21,31.01,31.21,31.0,30.81,31.02,M,,1.11,2850.0,2000.0,0.0,MIBGAS_Data_2025.xlsx,Trading Data PVB&VTP,2631
2025-08-31,GDAES_D+2,PVB,ES,2025-09-02,2025-09-02,31.08,,31.08,,,30.9,31.25,M,,2.58,0.0,0.0,0.0,MIBGAS_Data_2025.xlsx,Trading Data PVB&VTP,2623
2025-09-01,GDAES_D+2,PVB,ES,2025-09-03,2025-09-03,31.49,32.0,31.74,32.0,31.35,31.5,33.45,M,,2.37,4235.0,55.0,0.0,MIBGAS_Data_2025.xlsx,Trading Data PVB&VTP,2597
2025-09-02,GDAES_D+2,PVB,ES,2025-09-04,2025-09-04,31.42,31.75,31.18,32.72,30.9,31.05,31.3,M,,1.35,33553.0,130.0,0.0,MIBGAS_Data_2025.xlsx,Trading Data PVB&VTP,2571
2025-09-03,GDAES_D+2,PVB,ES,2025-09-05,2025-09-05,30.95,31.4,31.55,31.4,30.05,31.0,32.09,M,,3.1,16265.0,100.0,0.0,MIBGAS_Data_2025.xlsx,Trading Data PVB&VTP,2545
2025-09-04,GDAES_D+2,PVB,ES,2025-09-06,2025-09-06,31.12,30.51,31.75,31.2,30.51,31.1,32.4,M,,4.87,6800.0,300.0,0.0,MIBGAS_Data_2025.xlsx,Trading Data PVB&VTP,2519
2025-09-05,GDAES_D+2,PVB,ES,2025-09-07,2025-09-07,31.61,31.71,31.3,32.25,31.25,31.05,31.55,M,,1.23,21645.0,6000.0,0.0,MIBGAS_Data_2025.xlsx,Trading Data PVB&VTP,2493
2025-09-06,GDAES_D+2,PVB,ES,2025-09-08,2025-09-08,31.17,31.38,31.35,31.38,31.1,31.15,31.55,M,,0.77,8400.0,100.0,0.0,MIBGAS_Data_2025.xlsx,Trading Data PVB&VTP,2485
2025-09-07,GDAES_D+2,PVB,ES,2025-09-09,2025-09-09,31.5,,31.5,31.5,31.5,31.3,31.7,M,,1.07,300.0,0.0,0.0,MIBGAS_Data_2025.xlsx,Trading Data PVB&VTP,2477
2025-09-08,GDAES_D+2,PVB,ES,2025-09-10,2025-09-10,32.17,31.95,32.42,32.3,31.65,32.3,32.54,M,,2.09,1257.0,107.0,0.0,MIBGAS_Data_2025.xlsx,Trading Data PVB&VTP,2451
2025-09-09,GDAES_D+2,PVB,ES,2025-09-11,2025-09-11,32.1,32.54,32.26,32.54,31.75,32.22,32.5,M,,1.42,14050.0,100.0,0.0,MIBGAS_Data_2025.xlsx,Trading Data PVB&VTP,2425
2025-09-10,GDAES_D+2,PVB,ES,2025-09-12,2025-09-12,32.28,32.4,32.55,32.7,32.15,32.4,32.7,M,,1.9,3450.0,200.0,0.0,MIBGAS_Data_2025.xlsx,Trading Data PVB&VTP,2399
2025-09-11,GDAES_D+2,PVB,ES,2025-09-13,2025-09-13,32.33,32.06,32.28,32.4,31.75,32.24,32.6,M,,1.54,7600.0,300.0,0.0,MIBGAS_Data_2025.xlsx,Trading Data PVB&VTP,2373
2025-09-12,GDAES_D+2,PVB,ES,2025-09-14,2025-09-14,31.91,31.74,32.27,32.35,31.3,32.05,32.52,M,,1.14,8569.0,836.0,0.0,MIBGAS_Data_2025.xlsx,Trading Data PVB&VTP,2347
2025-09-13,GDAES_D+2,PVB,ES,2025-09-15,2025-09-15,32.08,32.05,32.08,32.15,32.05,31.9,32.25,M,,0.98,3000.0,2000.0,0.0,MIBGAS_Data_2025.xlsx,Trading Data PVB&VTP,2339
2025-09-14,GDAES_D+2,PVB,ES,2025-09-16,2025-09-16,31.95,,31.95,,,31.75,32.15,M,,1.32,0.0,0.0,0.0,MIBGAS_Data_2025.xlsx,Trading Data PVB&VTP,2331
2025-09-15,GDAES_D+2,PVB,ES,2025-09-17,2025-09-17,31.6,31.8,31.95,31.8,31.48,31.5,32.4,M,,0.67,23800.0,175.0,0.0,MIBGAS_Data_2025.xlsx,Trading Data PVB&VTP,2305
2025-09-16,GDAES_D+2,PVB,ES,2025-09-18,2025-09-18,31.23,31.3,31.63,31.3,31.2,31.35,31.9,M,,1.49,10275.0,225.0,0.0,MIBGAS_Data_2025.xlsx,Trading Data PVB&VTP,2279
2025-09-17,GDAES_D+2,PVB,ES,2025-09-19,2025-09-19,31.85,32.0,32.33,32.1,31.65,31.65,33.0,M,,0.76,17930.0,100.0,0.0,MIBGAS_Data_2025.xlsx,Trading Data PVB&VTP,2253
2025-09-18,GDAES_D+2,PVB,ES,2025-09-20,2025-09-20,31.91,,32.35,32.05,31.9,31.8,32.9,M,,2.11,2049.0,0.0,0.0,MIBGAS_Data_2025.xlsx,Trading Data PVB&VTP,2227
2025-09-19,GDAES_D+2,PVB,ES,2025-09-21,2025-09-21,32.19,32.38,31.91,32.45,31.85,31.81,32.0,M,,0.92,11018.0,602.0,0.0,MIBGAS_Data_2025.xlsx,Trading Data PVB&VTP,2201
2025-09-20,GDAES_D+2,PVB,ES,2025-09-22,2025-09-22,31.93,,31.88,31.96,31.9,31.8,31.96,M,,0.98,2682.0,0.0,0.0,MIBGAS_Data_2025.xlsx,Trading Data PVB&VTP,2193
2025-09-21,GDAES_D+2,PVB,ES,2025-09-23,2025-09-23,31.93,31.93,32.02,31.93,31.93,31.9,32.14,M,,1.34,75.0,75.0,0.0,MIBGAS_Data_2025.xlsx,Trading Data PVB&VTP,2185
2025-09-22,GDAES_D+2,PVB,ES,2025-09-24,2025-09-24,31.36,31.9,31.15,32.0,31.05,31.02,31.26,M,,0.42,18252.0,125.0,0.0,MIBGAS_Data_2025.xlsx,Trading Data PVB&VTP,2159
2025-09-23,GDAES_D+2,PVB,ES,2025-09-25,2025-09-25,31.5,31.6,31.91,31.75,31.35,31.51,32.3,M,,0.89,15049.0,150.0,0.0,MIBGAS_Data_2025.xlsx,Trading Data PVB&VTP,2133
2025-09-24,GDAES_D+2,PVB,ES,2025-09-26,2025-09-26,31.47,31.61,31.67,31.68,31.2,31.6,31.68,M,,0.67,13980.0,500.0,0.0,MIBGAS_Data_2025.xlsx,Trading Data PVB&VTP,2106
2025-09-25,GDAES_D+2,PVB,ES,2025-09-27,2025-09-27,31.8,31.89,31.95,31.89,31.75,31.55,32.35,M,,1.49,2126.0,50.0,0.0,MIBGAS_Data_2025.xlsx,Trading Data PVB&VTP,2079
2025-09-26,GDAES_D+2,PVB,ES,2025-09-28,2025-09-28,32.09,32.19,32.15,32.49,31.95,32.14,32.31,M,,0.35,15117.0,435.0,0.0,MIBGAS_Data_2025.xlsx,Trading Data PVB&VTP,2052
2025-09-27,GDAES_D+2,PVB,ES,2025-09-29,2025-09-29,31.82,31.82,32.17,31.82,31.82,31.9,32.44,M,,1.65,1650.0,1650.0,0.0,MIBGAS_Data_2025.xlsx,Trading Data PVB&VTP,2043
2025-09-28,GDAES_D+2,PVB,ES,2025-09-30,2025-09-30,32.09,,32.12,32.1,32.07,32.04,32.2,M,,1.4,2000.0,0.0,0.0,MIBGAS_Data_2025.xlsx,Trading Data PVB&VTP,2034
2025-09-29,GDAES_D+2,PVB,ES,2025-10-01,2025-10-01,31.56,31.8,31.4,31.8,31.3,31.29,31.71,M,,0.86,19759.0,105.0,0.0,MIBGAS_Data_2025.xlsx,Trading Data PVB&VTP,2008
2025-09-30,GDAES_D+2,PVB,ES,2025-10-02,2025-10-02,30.99,31.75,30.61,31.75,30.5,30.5,30.61,M,,0.77,26928.0,50.0,0.0,MIBGAS_Data_2025.xlsx,Trading Data PVB&VTP,1984
2025-10-01,GDAES_D+2,PVB,ES,2025-10-03,2025-10-03,30.49,30.75,30.47,31.0,30.25,30.19,30.75,M,,0.72,9936.0,135.0,0.0,MIBGAS_Data_2025.xlsx,Trading Data PVB&VTP,1957
2025-10-02,GDAES_D+2,PVB,ES,2025-10-04,2025-10-04,30.34,,30.55,30.75,30.3,30.3,30.79,M,,1.84,1300.0,0.0,0.0,MIBGAS_Data_2025.xlsx,Trading Data PVB&VTP,1930
2025-10-03,GDAES_D+2,PVB,ES,2025-10-05,2025-10-05,30.48,30.28,30.33,30.85,30.15,30.15,30.5,M,,0.65,4317.0,562.0,0.0,MIBGAS_Data_2025.xlsx,Trading Data PVB&VTP,1903
2025-10-04,GDAES_D+2,PVB,ES,2025-10-06,2025-10-06,30.75,30.75,30.69,30.75,30.75,30.42,30.95,M,,1.6,7904.0,6924.0,0.0,MIBGAS_Data_2025.xlsx,Trading Data PVB&VTP,1894
2025-10-05,GDAES_D+2,PVB,ES,2025-10-07,2025-10-07,31.45,,31.72,31.55,31.3,31.55,31.89,M,,3.45,1500.0,0.0,0.0,MIBGAS_Data_2025.xlsx,Trading Data PVB&VTP,1885
2025-10-06,GDAES_D+2,PVB,ES,2025-10-08,2025-10-08,31.75,31.8,32.1,32.0,31.5,31.55,32.64,M,,3.9,2650.0,50.0,0.0,MIBGAS_Data_2025.xlsx,Trading Data PVB&VTP,1858
2025-10-07,GDAES_D+2,PVB,ES,2025-10-09,2025-10-09,32.26,32.64,32.53,32.64,32.05,32.1,32.95,M,,2.25,7875.0,120.0,0.0,MIBGAS_Data_2025.xlsx,Trading Data PVB&VTP,1831
2025-10-08,GDAES_D+2,PVB,ES,2025-10-10,2025-10-10,31.85,31.97,31.73,32.0,31.6,31.68,32.04,M,,1.26,6270.0,115.0,0.0,MIBGAS_Data_2025.xlsx,Trading Data PVB&VTP,1804
2025-10-09,GDAES_D+2,PVB,ES,2025-10-11,2025-10-11,31.23,31.35,31.72,31.35,31.11,31.15,32.29,M,,7.23,2200.0,150.0,0.0,MIBGAS_Data_2025.xlsx,Trading Data PVB&VTP,1777
2025-10-10,GDAES_D+2,PVB,ES,2025-10-12,2025-10-12,31.15,31.19,31.05,31.25,30.9,30.9,31.2,M,,0.87,9166.0,3638.0,0.0,MIBGAS_Data_2025.xlsx,Trading Data PVB&VTP,1750
2025-10-11,GDAES_D+2,PVB,ES,2025-10-13,2025-10-13,30.9,30.2,30.8,31.1,30.2,30.5,31.1,M,,2.09,2717.0,120.0,0.0,MIBGAS_Data_2025.xlsx,Trading Data PVB&VTP,1741
2025-10-12,GDAES_D+2,PVB,ES,2025-10-14,2025-10-14,31.19,31.07,31.25,31.25,31.07,30.92,31.25,M,,1.73,2358.0,130.0,0.0,MIBGAS_Data_2025.xlsx,Trading Data PVB&VTP,1732
2025-10-13,GDAES_D+2,PVB,ES,2025-10-15,2025-10-15,30.68,30.99,30.62,30.99,30.55,30.62,30.95,M,,1.26,6695.0,98.0,0.0,MIBGAS_Data_2025.xlsx,Trading Data PVB&VTP,1705
2025-10-14,GDAES_D+2,PVB,ES,2025-10-16,2025-10-16,30.64,30.5,31.36,30.7,30.5,30.72,31.99,M,,3.62,780.0,230.0,0.0,MIBGAS_Data_2025.xlsx,Trading Data PVB&VTP,1678
2025-10-15,GDAES_D+2,PVB,ES,2025-10-17,2025-10-17,30.7,30.86,30.98,30.86,30.6,30.8,31.15,M,,0.69,14135.0,70.0,0.0,MIBGAS_Data_2025.xlsx,Trading Data PVB&VTP,1651
2025-10-16,GDAES_D+2,PVB,ES,2025-10-18,2025-10-18,31.49,31.49,31.95,31.49,31.49,31.4,32.49,M,,1.15,50.0,50.0,0.0,MIBGAS_Data_2025.xlsx,Trading Data PVB&VTP,1624
2025-10-17,GDAES_D+2,PVB,ES,2025-10-19,2025-10-19,31.34,31.27,31.42,31.55,31.1,31.1,31.47,M,,0.54,17476.0,602.0,0.0,MIBGAS_Data_2025.xlsx,Trading Data PVB&VTP,1597
2025-10-18,GDAES_D+2,PVB,ES,2025-10-20,2025-10-20,31.15,,31.23,31.15,31.15,31.15,31.3,M,,0.83,650.0,0.0,0.0,MIBGAS_Data_2025.xlsx,Trading Data PVB&VTP,1588
2025-10-19,GDAES_D+2,PVB,ES,2025-10-21,2025-10-21,31.28,,31.29,31.35,31.15,31.21,31.29,M,,0.66,2105.0,0.0,0.0,MIBGAS_Data_2025.xlsx,Trading Data PVB&VTP,1579
2025-10-20,GDAES_D+2,PVB,ES,2025-10-22,2025-10-22,31.01,30.74,30.9,31.1,30.74,30.8,31.0,M,,1.07,6300.0,195.0,0.0,MIBGAS_Data_2025.xlsx,Trading Data PVB&VTP,1552
2025-10-21,GDAES_D+2,PVB,ES,2025-10-23,2025-10-23,31.3,30.8,31.65,31.75,30.8,31.0,31.75,M,,1.72,16478.0,75.0,0.0,MIBGAS_Data_2025.xlsx,Trading Data PVB&VTP,1525
2025-10-22,GDAES_D+2,PVB,ES,2025-10-24,2025-10-24,31.55,31.28,31.3,32.19,30.9,30.9,31.7,M,,1.57,12694.0,75.0,0.0,MIBGAS_Data_2025.xlsx,Trading Data PVB&VTP,1498
2025-10-23,GDAES_D+2,PVB,ES,2025-10-25,2025-10-25,31.54,31.3,31.95,31.8,31.3,31.3,32.59,M,,0.98,5504.0,1500.0,0.0,MIBGAS_Data_2025.xlsx,Trading Data PVB&VTP,1471
2025-10-24,GDAES_D+2,PVB,ES,2025-10-26,2025-10-26,31.32,31.5,31.02,31.5,30.82,30.94,31.15,M,,0.4,28167.0,11267.0,0.0,MIBGAS_Data_2025.xlsx,Trading Data PVB&VTP,1444
2025-10-25,GDAES_D+2,PVB,ES,2025-10-27,2025-10-27,31.37,31.25,31.63,31.8,31.25,31.45,31.8,M,,0.74,14583.0,6000.0,0.0,MIBGAS_Data_2025.xlsx,Trading Data PVB&VTP,1435
2025-10-26,GDAES_D+2,PVB,ES,2025-10-28,2025-10-28,31.36,,31.36,,,31.06,31.65,M,,1.98,0.0,0.0,0.0,MIBGAS_Data_2025.xlsx,Trading Data PVB&VTP,1426
2025-10-27,GDAES_D+2,PVB,ES,2025-10-29,2025-10-29,30.7,30.84,30.7,31.0,30.55,30.6,30.8,M,,0.97,18014.0,1035.0,0.0,MIBGAS_Data_2025.xlsx,Trading Data PVB&VTP,1399
2025-10-28,GDAES_D+2,PVB,ES,2025-10-30,2025-10-30,30.82,30.5,30.63,31.0,30.5,30.3,30.95,M,,1.01,27484.0,165.0,0.0,MIBGAS_Data_2025.xlsx,Trading Data PVB&VTP,1373
2025-10-29,GDAES_D+2,PVB,ES,2025-10-31,2025-10-31,31.01,31.0,31.23,31.25,30.9,30.95,31.29,M,,0.85,17406.0,85.0,0.0,MIBGAS_Data_2025.xlsx,Trading Data PVB&VTP,1347
2025-10-30,GDAES_D+2,PVB,ES,2025-11-01,2025-11-01,30.56,31.08,30.48,31.08,30.45,29.99,30.61,M,,0.9,910.0,50.0,0.0,MIBGAS_Data_2025.xlsx,Trading Data PVB&VTP,1321
2025-10-31,GDAES_D+2,PVB,ES,2025-11-02,2025-11-02,30.25,30.71,30.1,30.71,30.1,30.0,30.2,M,,0.66,21348.0,854.0,0.0,MIBGAS_Data_2025.xlsx,Trading Data PVB&VTP,1295
2025-11-01,GDAES_D+2,PVB,ES,2025-11-03,2025-11-03,30.12,30.15,30.28,30.35,30.0,30.05,30.5,M,,1.7,8000.0,1000.0,0.0,MIBGAS_Data_2025.xlsx,Trading Data PVB&VTP,1286
2025-11-02,GDAES_D+2,PVB,ES,2025-11-04,2025-11-04,30.35,,30.33,30.35,30.35,30.2,30.45,M,,0.6,105.0,0.0,0.0,MIBGAS_Data_2025.xlsx,Trading Data PVB&VTP,1277
2025-11-03,GDAES_D+2,PVB,ES,2025-11-05,2025-11-05,30.79,31.05,30.93,31.05,30.5,30.7,31.16,M,,0.9,6436.0,435.0,0.0,MIBGAS_Data_2025.xlsx,Trading Data PVB&VTP,1250
2025-11-04,GDAES_D+2,PVB,ES,2025-11-06,2025-11-06,31.2,31.08,31.39,31.59,31.08,31.2,31.57,M,,0.88,6332.0,75.0,0.0,MIBGAS_Data_2025.xlsx,Trading Data PVB&VTP,1223
2025-11-05,GDAES_D+2,PVB,ES,2025-11-07,2025-11-07,30.92,30.56,30.95,31.0,30.56,30.6,31.3,M,,1.93,5737.0,65.0,0.0,MIBGAS_Data_2025.xlsx,Trading Data PVB&VTP,1196
2025-11-06,GDAES_D+2,PVB,ES,2025-11-08,2025-11-08,30.68,,30.68,,,,,A,,,0.0,0.0,0.0,MIBGAS_Data_2025.xlsx,Trading Data PVB&VTP,1169
2025-11-07,GDAES_D+2,PVB,ES,2025-11-09,2025-11-09,30.53,30.75,30.33,30.75,30.09,30.2,30.45,M,,0.79,14846.0,6470.0,0.0,MIBGAS_Data_2025.xlsx,Trading Data PVB&VTP,1140
2025-11-08,GDAES_D+2,PVB,ES,2025-11-10,2025-11-10,30.28,,30.25,30.3,30.15,30.2,30.3,M,,1.18,1624.0,0.0,0.0,MIBGAS_Data_2025.xlsx,Trading Data PVB&VTP,1131
2025-11-09,GDAES_D+2,PVB,ES,2025-11-11,2025-11-11,30.63,,30.61,30.64,30.62,30.53,30.62,M,,2.29,4000.0,0.0,0.0,MIBGAS_Data_2025.xlsx,Trading Data PVB&VTP,1122
2025-11-10,GDAES_D+2,PVB,ES,2025-11-12,2025-11-12,30.31,30.6,30.32,30.6,30.05,30.0,30.63,M,,1.49,7737.0,75.0,0.0,MIBGAS_Data_2025.xlsx,Trading Data PVB&VTP,1095
2025-11-11,GDAES_D+2,PVB,ES,2025-11-13,2025-11-13,30.13,30.17,30.11,30.2,30.05,30.05,30.17,M,,0.59,13645.0,75.0,0.0,MIBGAS_Data_2025.xlsx,Trading Data PVB&VTP,1068
2025-11-12,GDAES_D+2,PVB,ES,2025-11-14,2025-11-14,30.26,30.8,29.98,30.8,29.75,29.95,30.19,M,,1.16,6742.0,375.0,0.0,MIBGAS_Data_2025.xlsx,Trading Data PVB&VTP,1041
2025-11-13,GDAES_D+2,PVB,ES,2025-11-15,2025-11-15,29.6,,29.21,30.0,29.4,29.01,29.4,M,,1.55,5000.0,0.0,0.0,MIBGAS_Data_2025.xlsx,Trading Data PVB&VTP,1014
2025-11-14,GDAES_D+2,PVB,ES,2025-11-16,2025-11-16,30.13,30.0,30.48,30.55,29.95,30.3,30.65,M,,1.16,7327.0,2677.0,0.0,MIBGAS_Data_2025.xlsx,Trading Data PVB&VTP,987
2025-11-15,GDAES_D+2,PVB,ES,2025-11-17,2025-11-17,30.44,30.36,30.41,30.55,30.3,30.21,30.6,M,,0.8,2595.0,1000.0,0.0,MIBGAS_Data_2025.xlsx,Trading Data PVB&VTP,978
2025-11-16,GDAES_D+2,PVB,ES,2025-11-18,2025-11-18,30.5,,30.75,30.5,30.5,30.5,31.0,M,,1.83,1000.0,0.0,0.0,MIBGAS_Data_2025.xlsx,Trading Data PVB&VTP,969
2025-11-17,GDAES_D+2,PVB,ES,2025-11-19,2025-11-19,30.9,30.9,31.0,31.45,30.65,30.8,31.19,M,,2.3,4900.0,105.0,0.0,MIBGAS_Data_2025.xlsx,Trading Data PVB&VTP,942
2025-11-18,GDAES_D+2,PVB,ES,2025-11-20,2025-11-20,31.27,31.34,31.32,31.5,31.02,31.05,31.59,M,,1.4,7082.0,80.0,0.0,MIBGAS_Data_2025.xlsx,Trading Data PVB&VTP,915
2025-11-19,GDAES_D+2,PVB,ES,2025-11-21,2025-11-21,30.38,30.52,30.39,30.8,30.16,30.23,30.55,M,,1.33,9850.0,3720.0,0.0,MIBGAS_Data_2025.xlsx,Trading Data PVB&VTP,888
2025-11-20,GDAES_D+2,PVB,ES,2025-11-22,2025-11-22,30.55,,30.58,30.55,30.55,30.15,31.0,M,,,200.0,0.0,0.0,MIBGAS_Data_2025.xlsx,Trading Data PVB&VTP,861
2025-11-21,GDAES_D+2,PVB,ES,2025-11-23,2025-11-23,29.93,29.9,29.65,30.35,29.75,29.55,29.75,M,,1.04,10480.0,3845.0,0.0,MIBGAS_Data_2025.xlsx,Trading Data PVB&VTP,834
2025-11-22,GDAES_D+2,PVB,ES,2025-11-24,2025-11-24,30.2,,29.98,30.2,30.2,29.75,30.2,M,,2.63,1500.0,0.0,0.0,MIBGAS_Data_2025.xlsx,Trading Data PVB&VTP,825
2025-11-23,GDAES_D+2,PVB,ES,2025-11-25,2025-11-25,29.94,,30.15,30.0,29.8,29.85,30.44,M,,2.89,2500.0,0.0,0.0,MIBGAS_Data_2025.xlsx,Trading Data PVB&VTP,816
2025-11-24,GDAES_D+2,PVB,ES,2025-11-26,2025-11-26,29.13,29.4,29.15,29.4,28.9,28.8,29.5,M,,3.61,12176.0,91.0,0.0,MIBGAS_Data_2025.xlsx,Trading Data PVB&VTP,789
2025-11-25,GDAES_D+2,PVB,ES,2025-11-27,2025-11-27,29.07,29.37,29.12,29.37,28.75,28.95,29.28,M,,1.45,27431.0,1586.0,0.0,MIBGAS_Data_2025.xlsx,Trading Data PVB&VTP,762
2025-11-26,GDAES_D+2,PVB,ES,2025-11-28,2025-11-28,29.13,29.1,29.13,29.2,29.0,29.1,29.3,M,,0.75,4710.0,80.0,0.0,MIBGAS_Data_2025.xlsx,Trading Data PVB&VTP,735
2025-11-27,GDAES_D+2,PVB,ES,2025-11-29,2025-11-29,28.99,,28.74,28.99,28.99,28.5,28.98,M,,2.16,45.0,0.0,0.0,MIBGAS_Data_2025.xlsx,Trading Data PVB&VTP,709
2025-11-28,GDAES_D+2,PVB,ES,2025-11-30,2025-11-30,29.08,29.38,28.76,29.38,28.63,28.52,29.0,M,,1.08,8061.0,2199.0,0.0,MIBGAS_Data_2025.xlsx,Trading Data PVB&VTP,683
2025-11-29,GDAES_D+2,PVB,ES,2025-12-01,2025-12-01,28.81,,28.68,29.2,28.1,28.35,29.0,M,,2.07,28253.0,0.0,0.0,MIBGAS_Data_2025.xlsx,Trading Data PVB&VTP,674
2025-11-30,GDAES_D+2,PVB,ES,2025-12-02,2025-12-02,28.97,,28.97,28.98,28.97,28.76,28.97,M,,1.45,1801.0,0.0,0.0,MIBGAS_Data_2025.xlsx,Trading Data PVB&VTP,665
2025-12-01,GDAES_D+2,PVB,ES,2025-12-03,2025-12-03,28.02,28.32,28.12,28.35,27.7,27.6,28.15,M,,1.6,21331.0,70.0,0.0,MIBGAS_Data_2025.xlsx,Trading Data PVB&VTP,638
2025-12-02,GDAES_D+2,PVB,ES,2025-12-04,2025-12-04,27.57,27.7,27.66,27.75,27.46,27.63,27.85,M,,0.65,12570.0,35.0,0.0,MIBGAS_Data_2025.xlsx,Trading Data PVB&VTP,611
2025-12-03,GDAES_D+2,PVB,ES,2025-12-05,2025-12-05,27.76,27.65,28.05,28.2,27.65,27.9,28.2,M,,0.88,12335.0,120.0,0.0,MIBGAS_Data_2025.xlsx,Trading Data PVB&VTP,584
2025-12-04,GDAES_D+2,PVB,ES,2025-12-06,2025-12-06,26.0,,26.78,27.6,26.0,26.15,27.4,M,,5.97,3001.0,0.0,0.0,MIBGAS_Data_2025.xlsx,Trading Data PVB&VTP,557
2025-12-05,GDAES_D+2,PVB,ES,2025-12-07,2025-12-07,27.07,26.62,27.23,27.32,26.62,27.07,27.25,M,,0.65,27001.0,907.0,0.0,MIBGAS_Data_2025.xlsx,Trading Data PVB&VTP,528
2025-12-06,GDAES_D+2,PVB,ES,2025-12-08,2025-12-08,27.25,27.24,27.4,27.5,27.24,27.3,27.5,M,,2.07,2722.0,2500.0,0.0,MIBGAS_Data_2025.xlsx,Trading Data PVB&VTP,519
2025-12-07,GDAES_D+2,PVB,ES,2025-12-09,2025-12-09,27.2,,27.26,27.2,27.2,27.2,27.69,M,,2.57,2000.0,0.0,0.0,MIBGAS_Data_2025.xlsx,Trading Data PVB&VTP,510
2025-12-08,GDAES_D+2,PVB,ES,2025-12-10,2025-12-10,27.22,,26.45,27.7,26.42,26.37,26.78,M,,1.16,28262.0,0.0,0.0,MIBGAS_Data_2025.xlsx,Trading Data PVB&VTP,483
2025-12-09,GDAES_D+2,PVB,ES,2025-12-11,2025-12-11,27.2,27.09,27.28,27.5,27.09,27.2,27.29,M,,0.81,28935.0,30.0,0.0,MIBGAS_Data_2025.xlsx,Trading Data PVB&VTP,456
2025-12-10,GDAES_D+2,PVB,ES,2025-12-12,2025-12-12,26.63,26.93,26.58,26.93,26.4,26.5,26.65,M,,0.9,31130.0,110.0,0.0,MIBGAS_Data_2025.xlsx,Trading Data PVB&VTP,429
2025-12-11,GDAES_D+2,PVB,ES,2025-12-13,2025-12-13,26.53,,26.5,26.75,26.4,26.3,26.7,M,,1.93,1362.0,0.0,0.0,MIBGAS_Data_2025.xlsx,Trading Data PVB&VTP,402
2025-12-12,GDAES_D+2,PVB,ES,2025-12-14,2025-12-14,26.87,26.88,27.2,27.45,26.65,27.02,27.38,M,,0.77,13081.0,1854.0,0.0,MIBGAS_Data_2025.xlsx,Trading Data PVB&VTP,375
2025-12-13,GDAES_D+2,PVB,ES,2025-12-15,2025-12-15,27.75,27.2,28.1,27.9,27.2,28.0,28.19,M,,3.02,8850.0,700.0,0.0,MIBGAS_Data_2025.xlsx,Trading Data PVB&VTP,366
2025-12-14,GDAES_D+2,PVB,ES,2025-12-16,2025-12-16,28.14,,27.94,28.5,27.94,27.05,27.94,M,,3.34,15596.0,0.0,0.0,MIBGAS_Data_2025.xlsx,Trading Data PVB&VTP,357
2025-12-15,GDAES_D+2,PVB,ES,2025-12-17,2025-12-17,27.35,,27.28,27.69,27.05,27.25,27.49,M,,1.36,23025.0,0.0,0.0,MIBGAS_Data_2025.xlsx,Trading Data PVB&VTP,330
2025-12-16,GDAES_D+2,PVB,ES,2025-12-18,2025-12-18,26.79,26.89,26.83,27.05,26.55,26.45,27.2,M,,1.11,23691.0,100.0,0.0,MIBGAS_Data_2025.xlsx,Trading Data PVB&VTP,303
2025-12-17,GDAES_D+2,PVB,ES,2025-12-19,2025-12-19,27.18,27.18,27.15,27.5,27.05,27.05,27.25,M,,1.71,28921.0,51.0,0.0,MIBGAS_Data_2025.xlsx,Trading Data PVB&VTP,276
2025-12-18,GDAES_D+2,PVB,ES,2025-12-20,2025-12-20,27.25,,27.41,27.65,27.1,27.16,27.65,M,,5.14,1130.0,0.0,0.0,MIBGAS_Data_2025.xlsx,Trading Data PVB&VTP,249
2025-12-19,GDAES_D+2,PVB,ES,2025-12-21,2025-12-21,27.67,27.54,28.03,28.39,27.54,27.59,28.1,M,,1.64,10189.0,7017.0,0.0,MIBGAS_Data_2025.xlsx,Trading Data PVB&VTP,222
2025-12-20,GDAES_D+2,PVB,ES,2025-12-22,2025-12-22,28.58,28.2,28.75,29.0,28.2,28.5,29.0,M,,0.89,8500.0,1500.0,0.0,MIBGAS_Data_2025.xlsx,Trading Data PVB&VTP,213
2025-12-21,GDAES_D+2,PVB,ES,2025-12-23,2025-12-23,28.64,28.2,28.5,28.75,28.2,28.48,28.62,M,,0.9,20838.0,1000.0,0.0,MIBGAS_Data_2025.xlsx,Trading Data PVB&VTP,204
2025-12-22,GDAES_D+2,PVB,ES,2025-12-24,2025-12-24,27.81,27.65,27.78,28.0,27.55,27.55,28.0,M,,1.21,19594.0,3250.0,0.0,MIBGAS_Data_2025.xlsx,Trading Data PVB&VTP,177
2025-12-23,GDAES_D+2,PVB,ES,2025-12-25,2025-12-25,27.5,27.42,27.64,27.75,27.21,27.41,27.69,M,,0.65,63422.0,4392.0,0.0,MIBGAS_Data_2025.xlsx,Trading Data PVB&VTP,150
2025-12-24,GDAES_D+2,PVB,ES,2025-12-26,2025-12-26,27.98,27.66,28.4,28.4,27.66,27.86,28.4,M,,1.27,8088.0,1164.0,0.0,MIBGAS_Data_2025.xlsx,Trading Data PVB&VTP,119
2025-12-25,GDAES_D+2,PVB,ES,2025-12-27,2025-12-27,28.51,28.29,28.36,28.7,28.29,28.01,28.7,M,,1.29,12739.0,2000.0,0.0,MIBGAS_Data_2025.xlsx,Trading Data PVB&VTP,108
2025-12-26,GDAES_D+2,PVB,ES,2025-12-28,2025-12-28,29.22,28.51,29.62,29.64,28.51,29.53,29.64,M,,0.37,81818.0,9150.0,0.0,MIBGAS_Data_2025.xlsx,Trading Data PVB&VTP,99
2025-12-27,GDAES_D+2,PVB,ES,2025-12-29,2025-12-29,29.62,,29.38,29.65,29.5,29.25,29.5,M,,2.35,452.0,0.0,0.0,MIBGAS_Data_2025.xlsx,Trading Data PVB&VTP,90
2025-12-28,GDAES_D+2,PVB,ES,2025-12-30,2025-12-30,29.06,,29.24,29.3,28.9,28.9,29.29,M,,1.09,2978.0,0.0,0.0,MIBGAS_Data_2025.xlsx,Trading Data PVB&VTP,81
2025-12-29,GDAES_D+2,PVB,ES,2025-12-31,2025-12-31,28.32,28.29,28.43,28.45,28.25,28.32,28.45,M,,0.6,15034.0,2100.0,0.0,MIBGAS_Data_2025.xlsx,Trading Data PVB&VTP,55
2025-12-30,GDAES_D+2,PVB,ES,2026-01-01,2026-01-01,27.91,28.39,27.79,28.39,27.5,27.74,27.84,M,,0.5,52356.0,5441.0,0.0,MIBGAS_Data_2025.xlsx,Trading Data PVB&VTP,29
2025-12-31,GDAES_D+2,PVB,ES,2026-01-02,2026-01-02,28.42,28.02,28.91,29.0,28.0,28.82,28.92,M,,0.94,119434.0,15304.0,0.0,MIBGAS_Data_2025.xlsx,Trading Data PVB&VTP,5
2026-01-01,GDAES_D+2,PVB,ES,2026-01-03,2026-01-03,28.68,,28.68,,,28.35,29.0,M,,2.83,0.0,0.0,0.0,MIBGAS_Data_2026.xlsx,Trading Data PVB&VTP,5904
2026-01-02,GDAES_D+2,PVB,ES,2026-01-04,2026-01-04,29.19,28.68,30.2,30.12,28.68,30.1,30.29,M,,0.78,17471.0,2582.0,0.0,MIBGAS_Data_2026.xlsx,Trading Data PVB&VTP,5877
2026-01-03,GDAES_D+2,PVB,ES,2026-01-05,2026-01-05,30.5,30.0,30.9,31.05,30.0,30.55,30.94,M,,0.99,21386.0,7180.0,0.0,MIBGAS_Data_2026.xlsx,Trading Data PVB&VTP,5868
2026-01-04,GDAES_D+2,PVB,ES,2026-01-06,2026-01-06,31.43,30.6,31.34,31.57,30.6,31.1,31.57,M,,1.9,16171.0,300.0,0.0,MIBGAS_Data_2026.xlsx,Trading Data PVB&VTP,5859
2026-01-05,GDAES_D+2,PVB,ES,2026-01-07,2026-01-07,29.3,30.0,29.08,30.0,28.95,28.94,30.13,M,,2.07,75588.0,8000.0,0.0,MIBGAS_Data_2026.xlsx,Trading Data PVB&VTP,5832
2026-01-06,GDAES_D+2,PVB,ES,2026-01-08,2026-01-08,29.01,,29.08,29.1,28.99,28.9,29.25,M,,2.61,583.0,0.0,0.0,MIBGAS_Data_2026.xlsx,Trading Data PVB&VTP,5805
2026-01-07,GDAES_D+2,PVB,ES,2026-01-09,2026-01-09,29.84,,29.72,31.5,29.5,29.65,30.16,M,,3.3,11445.0,0.0,0.0,MIBGAS_Data_2026.xlsx,Trading Data PVB&VTP,5778
2026-01-08,GDAES_D+2,PVB,ES,2026-01-10,2026-01-10,28.94,29.25,28.88,29.25,28.8,28.55,29.2,M,,0.98,2428.0,100.0,0.0,MIBGAS_Data_2026.xlsx,Trading Data PVB&VTP,5751
2026-01-09,GDAES_D+2,PVB,ES,2026-01-11,2026-01-11,29.59,28.56,30.41,30.45,28.56,29.83,30.49,M,,0.98,8924.0,936.0,0.0,MIBGAS_Data_2026.xlsx,Trading Data PVB&VTP,5724
2026-01-10,GDAES_D+2,PVB,ES,2026-01-12,2026-01-12,30.78,30.56,30.85,31.2,30.56,30.65,31.04,M,,1.42,15500.0,5000.0,0.0,MIBGAS_Data_2026.xlsx,Trading Data PVB&VTP,5715
2026-01-11,GDAES_D+2,PVB,ES,2026-01-13,2026-01-13,30.41,29.84,30.25,30.5,29.84,30.19,30.5,M,,2.17,6900.0,800.0,0.0,MIBGAS_Data_2026.xlsx,Trading Data PVB&VTP,5706
2026-01-12,GDAES_D+2,PVB,ES,2026-01-14,2026-01-14,31.8,,31.64,32.0,31.39,31.52,31.75,M,,1.01,15935.0,0.0,0.0,MIBGAS_Data_2026.xlsx,Trading Data PVB&VTP,5679
2026-01-13,GDAES_D+2,PVB,ES,2026-01-15,2026-01-15,32.84,,32.76,33.2,32.6,32.61,32.9,M,,2.68,8529.0,0.0,0.0,MIBGAS_Data_2026.xlsx,Trading Data PVB&VTP,5652
2026-01-14,GDAES_D+2,PVB,ES,2026-01-16,2026-01-16,32.84,32.3,33.5,33.0,32.3,33.0,34.0,M,,3.64,5280.0,400.0,0.0,MIBGAS_Data_2026.xlsx,Trading Data PVB&VTP,5625
2026-01-15,GDAES_D+2,PVB,ES,2026-01-17,2026-01-17,34.75,,34.75,,,34.0,35.49,M,,2.91,0.0,0.0,0.0,MIBGAS_Data_2026.xlsx,Trading Data PVB&VTP,5598
2026-01-16,GDAES_D+2,PVB,ES,2026-01-18,2026-01-18,37.94,36.23,39.05,39.9,36.23,38.5,39.6,M,,2.12,23488.0,3083.0,0.0,MIBGAS_Data_2026.xlsx,Trading Data PVB&VTP,5571
2026-01-17,GDAES_D+2,PVB,ES,2026-01-19,2026-01-19,40.5,,40.67,40.55,40.28,40.53,40.8,M,,1.65,19000.0,0.0,0.0,MIBGAS_Data_2026.xlsx,Trading Data PVB&VTP,5562
2026-01-18,GDAES_D+2,PVB,ES,2026-01-20,2026-01-20,39.85,40.0,39.7,40.0,39.4,39.51,39.89,M,,2.14,2700.0,2000.0,0.0,MIBGAS_Data_2026.xlsx,Trading Data PVB&VTP,5553
2026-01-19,GDAES_D+2,PVB,ES,2026-01-21,2026-01-21,35.91,35.95,36.88,37.0,35.25,36.0,37.0,M,,2.84,16000.0,565.0,0.0,MIBGAS_Data_2026.xlsx,Trading Data PVB&VTP,5526
2026-01-20,GDAES_D+2,PVB,ES,2026-01-22,2026-01-22,38.23,37.9,37.56,39.5,37.0,37.51,38.49,M,,3.47,13125.0,25.0,0.0,MIBGAS_Data_2026.xlsx,Trading Data PVB&VTP,5499
2026-01-21,GDAES_D+2,PVB,ES,2026-01-23,2026-01-23,38.41,37.4,39.95,39.95,37.4,,,M,,1.99,7437.0,55.0,0.0,MIBGAS_Data_2026.xlsx,Trading Data PVB&VTP,5472
2026-01-22,GDAES_D+2,PVB,ES,2026-01-24,2026-01-24,40.18,38.81,39.8,41.49,38.81,39.0,40.6,M,,6.8,1850.0,300.0,0.0,MIBGAS_Data_2026.xlsx,Trading Data PVB&VTP,5445
2026-01-23,GDAES_D+2,PVB,ES,2026-01-25,2026-01-25,40.61,39.82,42.19,42.4,39.75,41.8,42.31,M,,1.57,31550.0,1187.0,0.0,MIBGAS_Data_2026.xlsx,Trading Data PVB&VTP,5418
2026-01-24,GDAES_D+2,PVB,ES,2026-01-26,2026-01-26,41.96,42.2,42.2,42.2,41.65,42.05,42.35,M,,1.29,12794.0,3800.0,0.0,MIBGAS_Data_2026.xlsx,Trading Data PVB&VTP,5409
2026-01-25,GDAES_D+2,PVB,ES,2026-01-27,2026-01-27,42.26,42.32,42.15,42.32,42.0,41.7,42.59,M,,3.38,2800.0,2300.0,0.0,MIBGAS_Data_2026.xlsx,Trading Data PVB&VTP,5400
2026-01-26,GDAES_D+2,PVB,ES,2026-01-28,2026-01-28,41.92,43.95,41.2,44.0,41.15,,,M,,10.03,16321.0,335.0,0.0,MIBGAS_Data_2026.xlsx,Trading Data PVB&VTP,5373
2026-01-27,GDAES_D+2,PVB,ES,2026-01-29,2026-01-29,40.99,41.8,40.28,42.15,39.45,39.55,41.0,M,,2.36,7537.0,1845.0,0.0,MIBGAS_Data_2026.xlsx,Trading Data PVB&VTP,5346
2026-01-28,GDAES_D+2,PVB,ES,2026-01-30,2026-01-30,38.85,40.5,38.82,40.5,38.2,38.63,39.0,M,,3.55,13416.0,45.0,0.0,MIBGAS_Data_2026.xlsx,Trading Data PVB&VTP,5320
2026-01-29,GDAES_D+2,PVB,ES,2026-01-31,2026-01-31,40.09,,39.61,40.5,39.95,39.01,40.2,M,,4.37,500.0,0.0,0.0,MIBGAS_Data_2026.xlsx,Trading Data PVB&VTP,5294
2026-01-30,GDAES_D+2,PVB,ES,2026-02-01,2026-02-01,39.22,39.38,38.77,40.25,38.0,38.74,38.83,M,,1.11,110574.0,6326.0,0.0,MIBGAS_Data_2026.xlsx,Trading Data PVB&VTP,5268
2026-01-31,GDAES_D+2,PVB,ES,2026-02-02,2026-02-02,40.09,39.75,40.48,40.25,39.75,40.0,40.95,M,,1.49,6243.0,10.0,0.0,MIBGAS_Data_2026.xlsx,Trading Data PVB&VTP,5259
2026-02-01,GDAES_D+2,PVB,ES,2026-02-03,2026-02-03,39.52,39.55,39.55,39.7,39.3,39.4,39.7,M,,1.49,15827.0,2674.0,0.0,MIBGAS_Data_2026.xlsx,Trading Data PVB&VTP,5250
2026-02-02,GDAES_D+2,PVB,ES,2026-02-04,2026-02-04,34.8,35.5,34.13,35.5,34.0,34.0,35.0,M,,2.84,4622.0,30.0,0.0,MIBGAS_Data_2026.xlsx,Trading Data PVB&VTP,5223
2026-02-03,GDAES_D+2,PVB,ES,2026-02-05,2026-02-05,31.95,32.55,32.18,32.55,31.75,31.55,32.8,M,,3.76,4070.0,70.0,0.0,MIBGAS_Data_2026.xlsx,Trading Data PVB&VTP,5196
2026-02-04,GDAES_D+2,PVB,ES,2026-02-06,2026-02-06,32.44,33.3,32.59,33.3,32.2,32.2,32.97,M,,4.56,4200.0,60.0,0.0,MIBGAS_Data_2026.xlsx,Trading Data PVB&VTP,5169
2026-02-05,GDAES_D+2,PVB,ES,2026-02-07,2026-02-07,32.98,,31.9,33.5,31.9,31.9,33.7,M,,2.55,2203.0,0.0,0.0,MIBGAS_Data_2026.xlsx,Trading Data PVB&VTP,5142
2026-02-06,GDAES_D+2,PVB,ES,2026-02-08,2026-02-08,33.43,33.02,34.02,34.7,32.32,33.84,34.16,M,,1.2,27814.0,5059.0,0.0,MIBGAS_Data_2026.xlsx,Trading Data PVB&VTP,5115
2026-02-07,GDAES_D+2,PVB,ES,2026-02-09,2026-02-09,34.0,,33.78,34.34,33.5,33.75,34.0,M,,1.59,5901.0,0.0,0.0,MIBGAS_Data_2026.xlsx,Trading Data PVB&VTP,5106
2026-02-08,GDAES_D+2,PVB,ES,2026-02-10,2026-02-10,33.26,33.89,33.25,33.89,33.0,33.0,33.5,M,,4.11,1602.0,20.0,0.0,MIBGAS_Data_2026.xlsx,Trading Data PVB&VTP,5097
2026-02-09,GDAES_D+2,PVB,ES,2026-02-11,2026-02-11,31.85,33.5,32.35,33.5,31.7,31.8,32.89,M,,4.92,951.0,50.0,0.0,MIBGAS_Data_2026.xlsx,Trading Data PVB&VTP,5070
2026-02-10,GDAES_D+2,PVB,ES,2026-02-12,2026-02-12,31.45,32.11,31.15,32.11,30.5,30.97,32.3,M,,4.4,14489.0,300.0,0.0,MIBGAS_Data_2026.xlsx,Trading Data PVB&VTP,5043
2026-02-11,GDAES_D+2,PVB,ES,2026-02-13,2026-02-13,30.61,30.99,30.59,31.0,30.35,30.4,31.9,M,,3.59,4234.0,45.0,0.0,MIBGAS_Data_2026.xlsx,Trading Data PVB&VTP,5016
2026-02-12,GDAES_D+2,PVB,ES,2026-02-14,2026-02-14,31.06,31.41,31.28,31.99,30.9,30.85,31.7,M,,4.21,3301.0,300.0,0.0,MIBGAS_Data_2026.xlsx,Trading Data PVB&VTP,4989
2026-02-13,GDAES_D+2,PVB,ES,2026-02-15,2026-02-15,30.47,30.77,29.98,32.99,29.57,29.46,30.24,M,,4.28,15259.0,3968.0,0.0,MIBGAS_Data_2026.xlsx,Trading Data PVB&VTP,4962
2026-02-14,GDAES_D+2,PVB,ES,2026-02-16,2026-02-16,30.7,30.7,30.5,30.75,30.6,30.1,30.9,M,,1.12,14570.0,12280.0,0.0,MIBGAS_Data_2026.xlsx,Trading Data PVB&VTP,4953
2026-02-15,GDAES_D+2,PVB,ES,2026-02-17,2026-02-17,30.95,,30.95,,,30.65,31.24,M,,2.46,0.0,0.0,0.0,MIBGAS_Data_2026.xlsx,Trading Data PVB&VTP,4944
2026-02-16,GDAES_D+2,PVB,ES,2026-02-18,2026-02-18,29.26,29.4,29.11,29.4,29.0,28.99,29.95,M,,3.06,11450.0,55.0,0.0,MIBGAS_Data_2026.xlsx,Trading Data PVB&VTP,4917
2026-02-17,GDAES_D+2,PVB,ES,2026-02-19,2026-02-19,28.62,28.9,28.46,29.0,28.0,28.23,30.0,M,,8.57,11704.0,2055.0,0.0,MIBGAS_Data_2026.xlsx,Trading Data PVB&VTP,4890
2026-02-18,GDAES_D+2,PVB,ES,2026-02-20,2026-02-20,27.86,28.1,29.04,28.1,27.7,28.12,29.95,M,,8.91,2862.0,79.0,0.0,MIBGAS_Data_2026.xlsx,Trading Data PVB&VTP,4863
2026-02-19,GDAES_D+2,PVB,ES,2026-02-21,2026-02-21,32.8,,31.47,32.8,32.8,,,A,,,7.0,0.0,0.0,MIBGAS_Data_2026.xlsx,Trading Data PVB&VTP,4836
2026-02-20,GDAES_D+2,PVB,ES,2026-02-22,2026-02-22,31.21,31.82,30.29,31.82,30.15,30.2,30.9,M,,3.74,5514.0,1346.0,0.0,MIBGAS_Data_2026.xlsx,Trading Data PVB&VTP,4809
2026-02-21,GDAES_D+2,PVB,ES,2026-02-23,2026-02-23,28.27,,29.01,29.2,28.26,28.51,29.5,M,,3.6,600.0,0.0,0.0,MIBGAS_Data_2026.xlsx,Trading Data PVB&VTP,4800
2026-02-22,GDAES_D+2,PVB,ES,2026-02-24,2026-02-24,29.28,29.42,29.39,29.42,29.2,29.1,29.67,M,,2.57,3010.0,10.0,0.0,MIBGAS_Data_2026.xlsx,Trading Data PVB&VTP,4791
2026-02-23,GDAES_D+2,PVB,ES,2026-02-25,2026-02-25,29.8,29.79,30.14,29.8,29.79,29.8,30.47,M,,2.64,1566.0,66.0,0.0,MIBGAS_Data_2026.xlsx,Trading Data PVB&VTP,4764
2026-02-24,GDAES_D+2,PVB,ES,2026-02-26,2026-02-26,29.42,29.74,29.11,29.85,29.02,29.03,29.5,M,,1.43,9458.0,40.0,0.0,MIBGAS_Data_2026.xlsx,Trading Data PVB&VTP,4737
2026-02-25,GDAES_D+2,PVB,ES,2026-02-27,2026-02-27,29.25,29.15,29.43,29.5,29.0,29.38,29.78,M,,1.68,3509.0,90.0,0.0,MIBGAS_Data_2026.xlsx,Trading Data PVB&VTP,4711
2026-02-26,GDAES_D+2,PVB,ES,2026-02-28,2026-02-28,29.0,,29.8,29.0,29.0,29.5,30.1,M,,7.73,220.0,0.0,0.0,MIBGAS_Data_2026.xlsx,Trading Data PVB&VTP,4685
2026-02-27,GDAES_D+2,PVB,ES,2026-03-01,2026-03-01,30.2,29.8,30.11,31.05,29.7,29.82,30.21,M,,1.37,42383.0,7720.0,0.0,MIBGAS_Data_2026.xlsx,Trading Data PVB&VTP,4659
2026-02-28,GDAES_D+2,PVB,ES,2026-03-02,2026-03-02,33.1,32.75,33.63,34.23,32.75,33.41,33.85,M,,0.91,45546.0,31546.0,0.0,MIBGAS_Data_2026.xlsx,Trading Data PVB&VTP,4650
2026-03-01,GDAES_D+2,PVB,ES,2026-03-03,2026-03-03,37.67,36.0,39.65,39.75,35.47,39.0,39.75,M,,2.79,19710.0,2065.0,0.0,MIBGAS_Data_2026.xlsx,Trading Data PVB&VTP,4641
2026-03-02,GDAES_D+2,PVB,ES,2026-03-04,2026-03-04,40.52,,42.26,43.5,37.25,42.0,42.3,M,,20.7,8041.0,0.0,0.0,MIBGAS_Data_2026.xlsx,Trading Data PVB&VTP,4614
2026-03-03,GDAES_D+2,PVB,ES,2026-03-05,2026-03-05,57.8,55.0,57.75,61.0,54.6,57.72,58.04,M,,21.51,21308.0,100.0,0.0,MIBGAS_Data_2026.xlsx,Trading Data PVB&VTP,4587
2026-03-04,GDAES_D+2,PVB,ES,2026-03-06,2026-03-06,52.6,55.0,47.0,56.0,47.0,,,M,,14.57,9445.0,40.0,0.0,MIBGAS_Data_2026.xlsx,Trading Data PVB&VTP,4560
2026-03-05,GDAES_D+2,PVB,ES,2026-03-07,2026-03-07,50.56,,50.56,,,,,A,,19.28,0.0,0.0,0.0,MIBGAS_Data_2026.xlsx,Trading Data PVB&VTP,4533
2026-03-06,GDAES_D+2,PVB,ES,2026-03-08,2026-03-08,51.59,49.7,51.51,52.6,49.7,51.4,52.27,M,,4.84,7520.0,556.0,0.0,MIBGAS_Data_2026.xlsx,Trading Data PVB&VTP,4506
2026-03-07,GDAES_D+2,PVB,ES,2026-03-09,2026-03-09,53.19,,52.8,53.6,53.0,52.1,53.49,M,,1.78,28705.0,0.0,0.0,MIBGAS_Data_2026.xlsx,Trading Data PVB&VTP,4497
2026-03-08,GDAES_D+2,PVB,ES,2026-03-10,2026-03-10,55.62,53.01,58.24,58.85,53.01,56.91,58.46,M,,2.38,38889.0,500.0,0.0,MIBGAS_Data_2026.xlsx,Trading Data PVB&VTP,4488
2026-03-09,GDAES_D+2,PVB,ES,2026-03-11,2026-03-11,59.96,,56.84,62.8,55.6,56.61,57.68,M,,5.41,37071.0,0.0,0.0,MIBGAS_Data_2026.xlsx,Trading Data PVB&VTP,4461
2026-03-10,GDAES_D+2,PVB,ES,2026-03-12,2026-03-12,47.66,47.99,46.45,48.7,45.9,45.9,46.99,M,,6.14,28713.0,15.0,0.0,MIBGAS_Data_2026.xlsx,Trading Data PVB&VTP,4434
2026-03-11,GDAES_D+2,PVB,ES,2026-03-13,2026-03-13,48.69,48.38,49.05,49.6,47.0,48.88,49.13,M,,5.88,11793.0,100.0,0.0,MIBGAS_Data_2026.xlsx,Trading Data PVB&VTP,4407
2026-03-12,GDAES_D+2,PVB,ES,2026-03-14,2026-03-14,50.1,,50.21,50.1,50.1,50.1,51.0,M,,5.79,1500.0,0.0,0.0,MIBGAS_Data_2026.xlsx,Trading Data PVB&VTP,4380
2026-03-13,GDAES_D+2,PVB,ES,2026-03-15,2026-03-15,49.2,50.02,48.19,50.5,47.95,48.06,48.8,M,,1.77,13909.0,5000.0,0.0,MIBGAS_Data_2026.xlsx,Trading Data PVB&VTP,4353
2026-03-14,GDAES_D+2,PVB,ES,2026-03-16,2026-03-16,53.53,53.74,52.11,53.74,52.0,52.0,52.9,M,,1.86,14100.0,10054.0,0.0,MIBGAS_Data_2026.xlsx,Trading Data PVB&VTP,4344
2026-03-15,GDAES_D+2,PVB,ES,2026-03-17,2026-03-17,51.0,,51.0,,,50.0,52.0,M,,7.4,0.0,0.0,0.0,MIBGAS_Data_2026.xlsx,Trading Data PVB&VTP,4335
2026-03-16,GDAES_D+2,PVB,ES,2026-03-18,2026-03-18,50.01,50.68,49.58,51.97,49.4,49.4,50.85,M,,6.71,6793.0,97.0,0.0,MIBGAS_Data_2026.xlsx,Trading Data PVB&VTP,4308
2026-03-17,GDAES_D+2,PVB,ES,2026-03-19,2026-03-19,51.22,51.94,50.84,51.94,50.75,50.75,51.5,M,,2.4,7306.0,65.0,0.0,MIBGAS_Data_2026.xlsx,Trading Data PVB&VTP,4281
2026-03-18,GDAES_D+2,PVB,ES,2026-03-20,2026-03-20,50.04,50.5,53.4,53.0,49.1,52.8,54.0,M,,3.89,6149.0,500.0,0.0,MIBGAS_Data_2026.xlsx,Trading Data PVB&VTP,4254
2026-03-19,GDAES_D+2,PVB,ES,2026-03-21,2026-03-21,65.93,65.01,67.0,68.0,65.01,,,M,,11.05,650.0,250.0,0.0,MIBGAS_Data_2026.xlsx,Trading Data PVB&VTP,4227
2026-03-20,GDAES_D+2,PVB,ES,2026-03-22,2026-03-22,59.39,60.5,58.53,61.5,58.0,58.02,58.87,M,,1.79,12984.0,769.0,0.0,MIBGAS_Data_2026.xlsx,Trading Data PVB&VTP,4200
2026-03-21,GDAES_D+2,PVB,ES,2026-03-23,2026-03-23,58.79,59.1,58.5,59.3,58.2,58.1,58.89,M,,3.78,9234.0,2000.0,0.0,MIBGAS_Data_2026.xlsx,Trading Data PVB&VTP,4191
2026-03-22,GDAES_D+2,PVB,ES,2026-03-24,2026-03-24,59.3,,58.99,59.4,58.9,58.75,59.42,M,,1.82,9394.0,0.0,0.0,MIBGAS_Data_2026.xlsx,Trading Data PVB&VTP,4182
2026-03-23,GDAES_D+2,PVB,ES,2026-03-25,2026-03-25,54.55,62.23,53.9,62.23,50.05,53.88,54.0,M,,14.21,12848.0,65.0,0.0,MIBGAS_Data_2026.xlsx,Trading Data PVB&VTP,4155
2026-03-24,GDAES_D+2,PVB,ES,2026-03-26,2026-03-26,53.24,56.2,52.45,56.2,52.0,,,A,,3.91,7434.0,40.0,0.0,MIBGAS_Data_2026.xlsx,Trading Data PVB&VTP,4128
2026-03-25,GDAES_D+2,PVB,ES,2026-03-27,2026-03-27,50.47,48.5,51.46,51.9,48.5,51.0,51.91,M,,3.57,9180.0,300.0,0.0,MIBGAS_Data_2026.xlsx,Trading Data PVB&VTP,4101
2026-03-26,GDAES_D+2,PVB,ES,2026-03-28,2026-03-28,54.25,,54.24,54.5,54.0,,,A,,16.88,250.0,0.0,0.0,MIBGAS_Data_2026.xlsx,Trading Data PVB&VTP,4074
2026-03-27,GDAES_D+2,PVB,ES,2026-03-29,2026-03-29,53.53,55.94,53.18,55.94,52.5,53.08,53.88,M,,1.8,18459.0,868.0,0.0,MIBGAS_Data_2026.xlsx,Trading Data PVB&VTP,4047
2026-03-28,GDAES_D+2,PVB,ES,2026-03-30,2026-03-30,53.47,53.49,53.38,53.49,52.9,52.75,54.0,M,,4.56,6200.0,6000.0,0.0,MIBGAS_Data_2026.xlsx,Trading Data PVB&VTP,4038
2026-03-29,GDAES_D+2,PVB,ES,2026-03-31,2026-03-31,52.92,,53.4,53.1,52.76,52.8,54.0,M,,1.41,9150.0,0.0,0.0,MIBGAS_Data_2026.xlsx,Trading Data PVB&VTP,4029
2026-03-30,GDAES_D+2,PVB,ES,2026-04-01,2026-04-01,53.8,54.63,53.73,58.0,53.3,53.64,53.99,M,,5.26,5796.0,50.0,0.0,MIBGAS_Data_2026.xlsx,Trading Data PVB&VTP,4003
2026-03-31,GDAES_D+2,PVB,ES,2026-04-02,2026-04-02,50.92,53.8,48.0,53.8,48.0,,,M,,4.18,6271.0,50.0,0.0,MIBGAS_Data_2026.xlsx,Trading Data PVB&VTP,3979
2026-04-01,GDAES_D+2,PVB,ES,2026-04-03,2026-04-03,47.19,47.45,46.6,48.4,46.1,,,A,,2.66,14161.0,33.0,0.0,MIBGAS_Data_2026.xlsx,Trading Data PVB&VTP,3946
2026-04-02,GDAES_D+2,PVB,ES,2026-04-04,2026-04-04,48.36,48.0,48.15,49.0,47.65,47.5,48.8,M,,4.36,6755.0,360.0,0.0,MIBGAS_Data_2026.xlsx,Trading Data PVB&VTP,3915
2026-04-03,GDAES_D+2,PVB,ES,2026-04-05,2026-04-05,49.0,47.86,49.15,49.5,47.86,49.0,49.3,M,,1.06,13252.0,2000.0,0.0,MIBGAS_Data_2026.xlsx,Trading Data PVB&VTP,3904
2026-04-04,GDAES_D+2,PVB,ES,2026-04-06,2026-04-06,48.56,,48.5,49.15,48.0,48.1,48.89,M,,2.11,5600.0,0.0,0.0,MIBGAS_Data_2026.xlsx,Trading Data PVB&VTP,3895
2026-04-05,GDAES_D+2,PVB,ES,2026-04-07,2026-04-07,48.47,48.0,48.85,49.0,48.0,48.5,49.19,M,,2.5,3300.0,1500.0,0.0,MIBGAS_Data_2026.xlsx,Trading Data PVB&VTP,3886
2026-04-06,GDAES_D+2,PVB,ES,2026-04-08,2026-04-08,48.76,49.48,48.55,49.48,48.1,48.1,49.0,M,,3.92,6223.0,45.0,0.0,MIBGAS_Data_2026.xlsx,Trading Data PVB&VTP,3875
2026-04-07,GDAES_D+2,PVB,ES,2026-04-09,2026-04-09,50.97,49.76,51.25,51.3,49.76,51.0,53.0,M,,6.12,1683.0,65.0,0.0,MIBGAS_Data_2026.xlsx,Trading Data PVB&VTP,3848
2026-04-08,GDAES_D+2,PVB,ES,2026-04-10,2026-04-10,43.89,46.95,42.45,46.95,42.45,,,M,,6.49,6795.0,60.0,0.0,MIBGAS_Data_2026.xlsx,Trading Data PVB&VTP,3821
2026-04-09,GDAES_D+2,PVB,ES,2026-04-11,2026-04-11,45.2,,45.2,45.2,45.2,,,M,,10.62,1030.0,0.0,0.0,MIBGAS_Data_2026.xlsx,Trading Data PVB&VTP,3794
2026-04-10,GDAES_D+2,PVB,ES,2026-04-12,2026-04-12,43.22,44.17,42.66,44.3,41.2,41.8,42.81,M,,3.57,4797.0,485.0,0.0,MIBGAS_Data_2026.xlsx,Trading Data PVB&VTP,3767
2026-04-11,GDAES_D+2,PVB,ES,2026-04-13,2026-04-13,43.41,42.5,44.42,44.78,42.5,44.05,44.78,M,,3.05,5795.0,75.0,0.0,MIBGAS_Data_2026.xlsx,Trading Data PVB&VTP,3758
2026-04-12,GDAES_D+2,PVB,ES,2026-04-14,2026-04-14,51.2,47.5,51.69,52.3,47.5,51.0,51.81,M,,5.77,5585.0,85.0,0.0,MIBGAS_Data_2026.xlsx,Trading Data PVB&VTP,3749
2026-04-13,GDAES_D+2,PVB,ES,2026-04-15,2026-04-15,45.93,46.75,45.35,46.75,45.0,45.15,46.75,M,,4.39,13328.0,55.0,0.0,MIBGAS_Data_2026.xlsx,Trading Data PVB&VTP,3722
2026-04-14,GDAES_D+2,PVB,ES,2026-04-16,2026-04-16,43.81,45.0,42.37,45.0,42.15,42.15,43.9,M,,4.14,8388.0,65.0,0.0,MIBGAS_Data_2026.xlsx,Trading Data PVB&VTP,3695
2026-04-15,GDAES_D+2,PVB,ES,2026-04-17,2026-04-17,41.44,42.0,41.38,42.0,40.05,41.0,41.75,M,,6.08,4758.0,90.0,0.0,MIBGAS_Data_2026.xlsx,Trading Data PVB&VTP,3668
2026-04-16,GDAES_D+2,PVB,ES,2026-04-18,2026-04-18,40.5,,41.19,40.5,40.5,,,A,,3.48,50.0,0.0,0.0,MIBGAS_Data_2026.xlsx,Trading Data PVB&VTP,3641
2026-04-17,GDAES_D+2,PVB,ES,2026-04-19,2026-04-19,39.07,40.78,37.5,41.35,37.5,,,M,,3.17,7087.0,848.0,0.0,MIBGAS_Data_2026.xlsx,Trading Data PVB&VTP,3614
2026-04-18,GDAES_D+2,PVB,ES,2026-04-20,2026-04-20,39.44,,39.45,39.75,39.3,39.2,39.7,M,,4.62,4500.0,0.0,0.0,MIBGAS_Data_2026.xlsx,Trading Data PVB&VTP,3605
2026-04-19,GDAES_D+2,PVB,ES,2026-04-21,2026-04-21,40.85,,40.85,,,40.0,41.69,M,,9.5,0.0,0.0,0.0,MIBGAS_Data_2026.xlsx,Trading Data PVB&VTP,3596
2026-04-20,GDAES_D+2,PVB,ES,2026-04-22,2026-04-22,38.82,39.49,38.98,39.6,38.5,38.5,39.45,M,,3.05,7228.0,555.0,0.0,MIBGAS_Data_2026.xlsx,Trading Data PVB&VTP,3569
2026-04-21,GDAES_D+2,PVB,ES,2026-04-23,2026-04-23,38.88,38.73,40.5,39.0,38.73,39.5,41.5,M,,6.95,2201.0,101.0,0.0,MIBGAS_Data_2026.xlsx,Trading Data PVB&VTP,3542
2026-04-22,GDAES_D+2,PVB,ES,2026-04-24,2026-04-24,41.49,42.0,42.95,42.0,41.3,42.0,43.9,M,,7.17,1533.0,25.0,0.0,MIBGAS_Data_2026.xlsx,Trading Data PVB&VTP,3515
2026-04-23,GDAES_D+2,PVB,ES,2026-04-25,2026-04-25,44.2,,44.5,44.5,43.5,,,M,,10.61,266.0,0.0,0.0,MIBGAS_Data_2026.xlsx,Trading Data PVB&VTP,3488
2026-04-24,GDAES_D+2,PVB,ES,2026-04-26,2026-04-26,43.84,44.74,44.27,44.74,38.0,43.9,44.64,M,,5.59,7146.0,1010.0,0.0,MIBGAS_Data_2026.xlsx,Trading Data PVB&VTP,3461
2026-04-25,GDAES_D+2,PVB,ES,2026-04-27,2026-04-27,43.67,,43.19,43.67,42.65,42.67,43.7,M,,4.26,4501.0,0.0,0.0,MIBGAS_Data_2026.xlsx,Trading Data PVB&VTP,3452
2026-04-26,GDAES_D+2,PVB,ES,2026-04-28,2026-04-28,43.45,,43.45,,,42.95,43.95,M,,3.28,0.0,0.0,0.0,MIBGAS_Data_2026.xlsx,Trading Data PVB&VTP,3443
2026-04-27,GDAES_D+2,PVB,ES,2026-04-29,2026-04-29,43.67,44.0,43.35,44.1,43.0,42.85,43.85,M,,1.74,7444.0,55.0,0.0,MIBGAS_Data_2026.xlsx,Trading Data PVB&VTP,3417
2026-04-28,GDAES_D+2,PVB,ES,2026-04-30,2026-04-30,43.83,44.6,42.88,44.6,43.0,42.15,43.6,M,,0.78,16935.0,90.0,0.0,MIBGAS_Data_2026.xlsx,Trading Data PVB&VTP,3391
2026-04-29,GDAES_D+2,PVB,ES,2026-05-01,2026-05-01,44.16,43.19,45.65,45.69,43.19,44.05,45.65,M,,1.14,14596.0,40.0,0.0,MIBGAS_Data_2026.xlsx,Trading Data PVB&VTP,3365
2026-04-30,GDAES_D+2,PVB,ES,2026-05-02,2026-05-02,46.3,46.5,45.87,46.9,45.5,45.25,46.49,M,,1.98,11926.0,467.0,0.0,MIBGAS_Data_2026.xlsx,Trading Data PVB&VTP,3335
2026-05-01,GDAES_D+2,PVB,ES,2026-05-03,2026-05-03,45.57,45.84,45.0,45.85,44.8,44.0,45.99,M,,1.49,22334.0,4493.0,0.0,MIBGAS_Data_2026.xlsx,Trading Data PVB&VTP,3322
2026-05-02,GDAES_D+2,PVB,ES,2026-05-04,2026-05-04,45.52,45.37,45.73,45.75,45.2,45.2,46.25,M,,1.87,3103.0,603.0,0.0,MIBGAS_Data_2026.xlsx,Trading Data PVB&VTP,3313
2026-05-03,GDAES_D+2,PVB,ES,2026-05-05,2026-05-05,46.26,,46.2,46.6,45.95,46.0,46.4,M,,1.43,20320.0,0.0,0.0,MIBGAS_Data_2026.xlsx,Trading Data PVB&VTP,3304
2026-05-04,GDAES_D+2,PVB,ES,2026-05-06,2026-05-06,47.07,45.68,47.89,48.27,45.68,,,M,,1.77,10126.0,66.0,0.0,MIBGAS_Data_2026.xlsx,Trading Data PVB&VTP,3277
2026-05-05,GDAES_D+2,PVB,ES,2026-05-07,2026-05-07,47.53,47.2,46.72,48.14,46.65,46.5,46.94,M,,1.98,8396.0,480.0,0.0,MIBGAS_Data_2026.xlsx,Trading Data PVB&VTP,3250
2026-05-06,GDAES_D+2,PVB,ES,2026-05-08,2026-05-08,45.57,46.48,43.0,46.5,43.0,,,M,,14.61,9616.0,150.0,0.0,MIBGAS_Data_2026.xlsx,Trading Data PVB&VTP,3223
2026-05-07,GDAES_D+2,PVB,ES,2026-05-09,2026-05-09,42.73,42.75,42.64,42.8,42.25,42.44,43.84,M,,3.86,1523.0,301.0,0.0,MIBGAS_Data_2026.xlsx,Trading Data PVB&VTP,3196
2026-05-08,GDAES_D+2,PVB,ES,2026-05-10,2026-05-10,42.8,43.38,42.4,43.5,42.4,42.2,42.6,M,,1.49,19290.0,486.0,0.0,MIBGAS_Data_2026.xlsx,Trading Data PVB&VTP,3169
2026-05-09,GDAES_D+2,PVB,ES,2026-05-11,2026-05-11,43.0,43.02,42.91,43.02,42.85,42.56,43.25,M,,1.94,9400.0,3600.0,0.0,MIBGAS_Data_2026.xlsx,Trading Data PVB&VTP,3160
2026-05-10,GDAES_D+2,PVB,ES,2026-05-12,2026-05-12,43.1,,43.25,43.1,43.1,43.0,43.49,M,,7.0,500.0,0.0,0.0,MIBGAS_Data_2026.xlsx,Trading Data PVB&VTP,3151
2026-05-11,GDAES_D+2,PVB,ES,2026-05-13,2026-05-13,44.16,43.52,45.35,45.5,43.52,45.13,45.43,M,,1.26,18501.0,6000.0,0.0,MIBGAS_Data_2026.xlsx,Trading Data PVB&VTP,3124
2026-05-12,GDAES_D+2,PVB,ES,2026-05-14,2026-05-14,46.58,46.76,45.98,46.76,46.0,45.5,46.45,M,,1.32,12803.0,70.0,0.0,MIBGAS_Data_2026.xlsx,Trading Data PVB&VTP,3097
2026-05-13,GDAES_D+2,PVB,ES,2026-05-15,2026-05-15,46.01,44.0,46.15,46.49,44.0,45.8,46.49,M,,4.2,4895.0,300.0,0.0,MIBGAS_Data_2026.xlsx,Trading Data PVB&VTP,3070
2026-05-14,GDAES_D+2,PVB,ES,2026-05-16,2026-05-16,46.74,46.5,47.78,48.0,46.25,47.29,48.0,M,,2.43,4667.0,548.0,0.0,MIBGAS_Data_2026.xlsx,Trading Data PVB&VTP,3041
2026-05-15,GDAES_D+2,PVB,ES,2026-05-17,2026-05-17,48.26,47.68,49.18,49.35,47.51,48.85,49.5,M,,2.54,8729.0,2000.0,0.0,MIBGAS_Data_2026.xlsx,Trading Data PVB&VTP,3014
2026-05-16,GDAES_D+2,PVB,ES,2026-05-18,2026-05-18,49.64,49.11,49.8,49.75,49.11,49.6,49.99,M,,1.58,3100.0,300.0,0.0,MIBGAS_Data_2026.xlsx,Trading Data PVB&VTP,3005
2026-05-17,GDAES_D+2,PVB,ES,2026-05-19,2026-05-19,49.71,,49.75,49.8,49.65,49.5,50.0,M,,1.23,13500.0,0.0,0.0,MIBGAS_Data_2026.xlsx,Trading Data PVB&VTP,2996
2026-05-18,GDAES_D+2,PVB,ES,2026-05-20,2026-05-20,49.64,50.09,49.02,50.95,48.0,49.0,49.13,M,,3.71,12918.0,575.0,0.0,MIBGAS_Data_2026.xlsx,Trading Data PVB&VTP,2969
2026-05-19,GDAES_D+2,PVB,ES,2026-05-21,2026-05-21,49.26,49.44,50.0,49.64,49.0,49.0,51.0,M,,1.11,32986.0,76.0,0.0,MIBGAS_Data_2026.xlsx,Trading Data PVB&VTP,2942
2026-05-20,GDAES_D+2,PVB,ES,2026-05-22,2026-05-22,49.8,,48.0,50.0,48.0,,,M,,1.87,11498.0,0.0,0.0,MIBGAS_Data_2026.xlsx,Trading Data PVB&VTP,2915
2026-05-21,GDAES_D+2,PVB,ES,2026-05-23,2026-05-23,47.51,,47.51,,,46.51,48.5,M,,8.36,0.0,0.0,0.0,MIBGAS_Data_2026.xlsx,Trading Data PVB&VTP,2888
2026-05-22,GDAES_D+2,PVB,ES,2026-05-24,2026-05-24,46.94,46.47,46.9,47.6,46.2,46.8,47.59,M,,1.98,11152.0,356.0,0.0,MIBGAS_Data_2026.xlsx,Trading Data PVB&VTP,2859
2026-05-23,GDAES_D+2,PVB,ES,2026-05-25,2026-05-25,46.41,46.92,46.31,46.92,46.05,46.27,46.48,M,,0.82,6306.0,1.0,0.0,MIBGAS_Data_2026.xlsx,Trading Data PVB&VTP,2850
2026-05-24,GDAES_D+2,PVB,ES,2026-05-26,2026-05-26,43.11,42.3,44.66,45.2,42.3,44.01,45.3,M,,1.76,8297.0,3225.0,0.0,MIBGAS_Data_2026.xlsx,Trading Data PVB&VTP,2841
2026-05-25,GDAES_D+2,PVB,ES,2026-05-27,2026-05-27,44.59,44.21,43.5,44.8,43.55,43.0,44.0,M,,0.81,16304.0,300.0,0.0,MIBGAS_Data_2026.xlsx,Trading Data PVB&VTP,2814
2026-05-26,GDAES_D+2,PVB,ES,2026-05-28,2026-05-28,46.25,46.49,45.8,46.9,45.35,45.6,46.0,M,,2.64,13244.0,50.0,0.0,MIBGAS_Data_2026.xlsx,Trading Data PVB&VTP,2787
2026-05-27,GDAES_D+2,PVB,ES,2026-05-29,2026-05-29,44.89,45.01,45.22,45.35,44.3,44.46,45.33,M,,1.45,17683.0,305.0,0.0,MIBGAS_Data_2026.xlsx,Trading Data PVB&VTP,2760
2026-05-28,GDAES_D+2,PVB,ES,2026-05-30,2026-05-30,46.39,,45.67,50.0,46.25,45.0,46.34,M,,3.34,2801.0,0.0,0.0,MIBGAS_Data_2026.xlsx,Trading Data PVB&VTP,2734
2026-05-29,GDAES_D+2,PVB,ES,2026-05-31,2026-05-31,45.47,46.48,44.15,46.85,43.25,44.0,45.2,M,,7.24,6778.0,2497.0,0.0,MIBGAS_Data_2026.xlsx,Trading Data PVB&VTP,2708
2026-05-30,GDAES_D+2,PVB,ES,2026-06-01,2026-06-01,45.2,,45.31,45.8,45.08,45.25,45.7,M,,1.17,7852.0,0.0,0.0,MIBGAS_Data_2026.xlsx,Trading Data PVB&VTP,2699
2026-05-31,GDAES_D+2,PVB,ES,2026-06-02,2026-06-02,45.99,,45.99,,,45.1,46.88,M,,8.93,0.0,0.0,0.0,MIBGAS_Data_2026.xlsx,Trading Data PVB&VTP,2690
2026-06-01,GDAES_D+2,PVB,ES,2026-06-03,2026-06-03,47.28,47.39,48.85,47.55,46.9,48.2,49.49,M,,4.9,7612.0,156.0,0.0,MIBGAS_Data_2026.xlsx,Trading Data PVB&VTP,2663
2026-06-02,GDAES_D+2,PVB,ES,2026-06-04,2026-06-04,47.6,48.19,47.95,48.25,47.45,47.45,48.45,M,,1.2,6063.0,50.0,0.0,MIBGAS_Data_2026.xlsx,Trading Data PVB&VTP,2636
2026-06-03,GDAES_D+2,PVB,ES,2026-06-05,2026-06-05,49.0,49.3,48.35,49.36,48.05,48.13,48.5,M,,0.69,13011.0,40.0,0.0,MIBGAS_Data_2026.xlsx,Trading Data PVB&VTP,2609
2026-06-04,GDAES_D+2,PVB,ES,2026-06-06,2026-06-06,47.72,,47.72,47.75,47.71,,,M,,4.1,420.0,0.0,0.0,MIBGAS_Data_2026.xlsx,Trading Data PVB&VTP,2582
2026-06-05,GDAES_D+2,PVB,ES,2026-06-07,2026-06-07,48.33,48.58,48.21,49.7,46.0,48.0,48.24,M,,3.71,16479.0,1736.0,0.0,MIBGAS_Data_2026.xlsx,Trading Data PVB&VTP,2555
2026-06-06,GDAES_D+2,PVB,ES,2026-06-08,2026-06-08,48.04,,48.19,48.25,47.5,48.13,48.25,M,,1.69,3670.0,0.0,0.0,MIBGAS_Data_2026.xlsx,Trading Data PVB&VTP,2546
2026-06-07,GDAES_D+2,PVB,ES,2026-06-09,2026-06-09,48.34,,48.39,48.7,48.2,48.3,49.0,M,,2.44,2387.0,0.0,0.0,MIBGAS_Data_2026.xlsx,Trading Data PVB&VTP,2537
2026-06-08,GDAES_D+2,PVB,ES,2026-06-10,2026-06-10,49.95,50.03,49.3,51.0,49.1,49.05,49.55,M,,1.04,6075.0,300.0,0.0,MIBGAS_Data_2026.xlsx,Trading Data PVB&VTP,2510
2026-06-09,GDAES_D+2,PVB,ES,2026-06-11,2026-06-11,48.71,49.78,47.86,49.78,47.8,47.8,48.31,M,,1.75,22011.0,55.0,0.0,MIBGAS_Data_2026.xlsx,Trading Data PVB&VTP,2483
2026-06-10,GDAES_D+2,PVB,ES,2026-06-12,2026-06-12,48.1,49.0,48.22,49.62,47.9,47.95,48.41,M,,5.74,15870.0,50.0,0.0,MIBGAS_Data_2026.xlsx,Trading Data PVB&VTP,2456
2026-06-11,GDAES_D+2,PVB,ES,2026-06-13,2026-06-13,49.31,49.0,49.04,49.35,49.0,48.07,50.0,M,,7.54,2650.0,150.0,0.0,MIBGAS_Data_2026.xlsx,Trading Data PVB&VTP,2429
2026-06-12,GDAES_D+2,PVB,ES,2026-06-14,2026-06-14,45.81,46.65,45.5,47.15,45.25,45.1,45.9,M,,1.93,10328.0,677.0,0.0,MIBGAS_Data_2026.xlsx,Trading Data PVB&VTP,2402
2026-06-13,GDAES_D+2,PVB,ES,2026-06-15,2026-06-15,46.24,47.08,45.88,47.08,45.76,45.76,46.0,M,,1.14,12809.0,18.0,0.0,MIBGAS_Data_2026.xlsx,Trading Data PVB&VTP,2393
2026-06-14,GDAES_D+2,PVB,ES,2026-06-16,2026-06-16,46.25,,46.35,46.65,45.85,46.05,46.65,M,,4.29,7050.0,0.0,0.0,MIBGAS_Data_2026.xlsx,Trading Data PVB&VTP,2384
2026-06-15,GDAES_D+2,PVB,ES,2026-06-17,2026-06-17,43.5,44.25,42.9,45.0,42.6,42.78,43.02,M,,6.99,18520.0,381.0,0.0,MIBGAS_Data_2026.xlsx,Trading Data PVB&VTP,2357
2026-06-16,GDAES_D+2,PVB,ES,2026-06-18,2026-06-18,42.42,42.7,42.62,42.7,41.7,41.85,42.86,M,,2.14,11364.0,4011.0,0.0,MIBGAS_Data_2026.xlsx,Trading Data PVB&VTP,2330
2026-06-17,GDAES_D+2,PVB,ES,2026-06-19,2026-06-19,41.55,41.5,41.84,42.0,41.3,41.75,42.0,M,,4.44,3171.0,205.0,0.0,MIBGAS_Data_2026.xlsx,Trading Data PVB&VTP,2303
2026-06-18,GDAES_D+2,PVB,ES,2026-06-20,2026-06-20,44.7,45.5,41.0,45.5,41.0,40.8,41.2,M,,2.44,11095.0,8940.0,0.0,MIBGAS_Data_2026.xlsx,Trading Data PVB&VTP,2276
2026-06-19,GDAES_D+2,PVB,ES,2026-06-21,2026-06-21,42.33,42.02,42.63,42.99,41.96,42.4,42.68,M,,1.08,18704.0,521.0,0.0,MIBGAS_Data_2026.xlsx,Trading Data PVB&VTP,2249
2026-06-20,GDAES_D+2,PVB,ES,2026-06-22,2026-06-22,41.92,,42.46,42.4,41.51,42.15,42.76,M,,1.42,9723.0,0.0,0.0,MIBGAS_Data_2026.xlsx,Trading Data PVB&VTP,2240
2026-06-21,GDAES_D+2,PVB,ES,2026-06-23,2026-06-23,44.25,42.9,44.22,44.75,42.9,43.7,44.74,M,,3.96,4317.0,17.0,0.0,MIBGAS_Data_2026.xlsx,Trading Data PVB&VTP,2231
2026-06-22,GDAES_D+2,PVB,ES,2026-06-24,2026-06-24,42.73,42.99,42.58,43.0,42.3,42.3,42.85,M,,2.0,14340.0,2100.0,0.0,MIBGAS_Data_2026.xlsx,Trading Data PVB&VTP,2204
2026-06-23,GDAES_D+2,PVB,ES,2026-06-25,2026-06-25,42.03,42.03,42.34,42.3,41.9,42.0,42.68,M,,0.89,5557.0,251.0,0.0,MIBGAS_Data_2026.xlsx,Trading Data PVB&VTP,2177
2026-06-24,GDAES_D+2,PVB,ES,2026-06-26,2026-06-26,41.83,42.02,41.33,42.25,41.2,41.19,42.68,M,,1.38,14443.0,300.0,0.0,MIBGAS_Data_2026.xlsx,Trading Data PVB&VTP,2150
2026-06-25,GDAES_D+2,PVB,ES,2026-06-27,2026-06-27,41.2,41.03,41.25,41.99,40.75,40.5,42.0,M,,2.96,3814.0,300.0,0.0,MIBGAS_Data_2026.xlsx,Trading Data PVB&VTP,2123
2026-06-26,GDAES_D+2,PVB,ES,2026-06-28,2026-06-28,40.87,40.86,40.88,41.75,40.5,40.75,41.0,M,,1.01,8395.0,637.0,0.0,MIBGAS_Data_2026.xlsx,Trading Data PVB&VTP,2096
2026-06-27,GDAES_D+2,PVB,ES,2026-06-29,2026-06-29,42.07,41.09,42.09,42.35,41.09,41.82,42.35,M,,1.34,16315.0,50.0,0.0,MIBGAS_Data_2026.xlsx,Trading Data PVB&VTP,2087
2026-06-28,GDAES_D+2,PVB,ES,2026-06-30,2026-06-30,43.5,,43.95,43.75,43.0,43.5,44.4,M,,1.58,17360.0,0.0,0.0,MIBGAS_Data_2026.xlsx,Trading Data PVB&VTP,2078
2026-06-29,GDAES_D+2,PVB,ES,2026-07-01,2026-07-01,42.82,42.0,43.1,44.2,42.0,42.2,44.0,M,,2.49,1581.0,481.0,0.0,MIBGAS_Data_2026.xlsx,Trading Data PVB&VTP,2052
2026-06-30,GDAES_D+2,PVB,ES,2026-07-02,2026-07-02,43.84,42.94,43.86,44.0,42.94,43.8,44.29,M,,2.24,6912.0,60.0,0.0,MIBGAS_Data_2026.xlsx,Trading Data PVB&VTP,2027
2026-07-01,GDAES_D+2,PVB,ES,2026-07-03,2026-07-03,44.12,44.68,43.65,44.68,42.77,43.0,44.3,M,,1.95,13258.0,345.0,0.0,MIBGAS_Data_2026.xlsx,Trading Data PVB&VTP,2000
2026-07-02,GDAES_D+2,PVB,ES,2026-07-04,2026-07-04,44.18,44.18,43.86,44.18,44.18,43.01,44.7,M,,4.17,301.0,301.0,0.0,MIBGAS_Data_2026.xlsx,Trading Data PVB&VTP,1973
2026-07-03,GDAES_D+2,PVB,ES,2026-07-05,2026-07-05,44.8,44.42,45.78,45.85,44.33,45.3,46.25,M,,1.12,11494.0,2319.0,0.0,MIBGAS_Data_2026.xlsx,Trading Data PVB&VTP,1946
2026-07-04,GDAES_D+2,PVB,ES,2026-07-06,2026-07-06,46.61,46.0,45.96,47.0,46.0,45.01,46.9,M,,3.01,6186.0,16.0,0.0,MIBGAS_Data_2026.xlsx,Trading Data PVB&VTP,1937
2026-07-05,GDAES_D+2,PVB,ES,2026-07-07,2026-07-07,45.93,46.1,45.58,46.1,45.8,45.05,46.1,M,,3.26,6703.0,1000.0,0.0,MIBGAS_Data_2026.xlsx,Trading Data PVB&VTP,1928
2026-07-06,GDAES_D+2,PVB,ES,2026-07-08,2026-07-08,45.35,45.79,45.07,45.79,45.05,44.91,45.79,M,,3.06,11366.0,166.0,0.0,MIBGAS_Data_2026.xlsx,Trading Data PVB&VTP,1901
2026-07-07,GDAES_D+2,PVB,ES,2026-07-09,2026-07-09,47.29,47.2,47.95,47.99,47.0,47.11,48.12,M,,1.04,2698.0,90.0,0.0,MIBGAS_Data_2026.xlsx,Trading Data PVB&VTP,1874
2026-07-08,GDAES_D+2,PVB,ES,2026-07-10,2026-07-10,49.7,49.47,49.26,50.25,49.0,48.51,50.0,M,,2.25,8355.0,335.0,0.0,MIBGAS_Data_2026.xlsx,Trading Data PVB&VTP,1847
2026-07-09,GDAES_D+2,PVB,ES,2026-07-11,2026-07-11,49.94,,50.26,50.43,49.5,49.51,51.0,M,,4.7,1100.0,0.0,0.0,MIBGAS_Data_2026.xlsx,Trading Data PVB&VTP,1820
2026-07-10,GDAES_D+2,PVB,ES,2026-07-12,2026-07-12,49.4,50.02,48.8,50.1,48.5,48.65,49.4,M,,0.75,25926.0,704.0,0.0,MIBGAS_Data_2026.xlsx,Trading Data PVB&VTP,1793
2026-07-11,GDAES_D+2,PVB,ES,2026-07-13,2026-07-13,49.95,49.28,49.91,50.0,49.28,49.3,50.0,M,,1.52,11184.0,60.0,0.0,MIBGAS_Data_2026.xlsx,Trading Data PVB&VTP,1784
2026-07-12,GDAES_D+2,PVB,ES,2026-07-14,2026-07-14,50.8,,50.74,51.0,50.6,49.52,50.99,M,,2.08,14694.0,0.0,0.0,MIBGAS_Data_2026.xlsx,Trading Data PVB&VTP,1775
2026-07-13,GDAES_D+2,PVB,ES,2026-07-15,2026-07-15,51.9,51.96,53.7,53.94,51.56,52.0,53.94,M,,1.34,10366.0,471.0,0.0,MIBGAS_Data_2026.xlsx,Trading Data PVB&VTP,1748
2026-07-14,GDAES_D+2,PVB,ES,2026-07-16,2026-07-16,54.72,55.47,55.85,55.47,54.1,55.3,56.4,M,,2.75,1575.0,75.0,0.0,MIBGAS_Data_2026.xlsx,Trading Data PVB&VTP,1721
2026-07-15,GDAES_D+2,PVB,ES,2026-07-17,2026-07-17,57.24,56.99,56.81,57.99,56.01,56.01,57.6,M,,1.66,13074.0,464.0,0.0,MIBGAS_Data_2026.xlsx,Trading Data PVB&VTP,1694
2026-07-16,GDAES_D+2,PVB,ES,2026-07-18,2026-07-18,57.79,58.72,57.26,58.72,57.0,56.52,58.0,M,,3.49,317.0,116.0,0.0,MIBGAS_Data_2026.xlsx,Trading Data PVB&VTP,1667
2026-07-17,GDAES_D+2,PVB,ES,2026-07-19,2026-07-19,59.17,57.73,60.06,60.15,57.73,59.63,60.11,M,,1.59,12488.0,4000.0,0.0,MIBGAS_Data_2026.xlsx,Trading Data PVB&VTP,1640
2026-07-18,GDAES_D+2,PVB,ES,2026-07-20,2026-07-20,60.96,60.4,61.0,61.0,60.4,,,M,,1.58,3025.0,25.0,0.0,MIBGAS_Data_2026.xlsx,Trading Data PVB&VTP,1631
2026-07-19,GDAES_D+2,PVB,ES,2026-07-21,2026-07-21,61.85,,61.85,,,61.3,62.39,M,,3.8,0.0,0.0,0.0,MIBGAS_Data_2026.xlsx,Trading Data PVB&VTP,1622
2026-07-20,GDAES_D+2,PVB,ES,2026-07-22,2026-07-22,60.83,62.0,60.7,62.0,60.0,60.2,61.19,M,,1.75,3986.0,266.0,0.0,MIBGAS_Data_2026.xlsx,Trading Data PVB&VTP,1595
2026-07-21,GDAES_D+2,PVB,ES,2026-07-23,2026-07-23,62.09,62.25,62.0,62.7,61.5,61.6,62.4,M,,1.51,7984.0,40.0,0.0,MIBGAS_Data_2026.xlsx,Trading Data PVB&VTP,1568
2026-07-22,GDAES_D+2,PVB,ES,2026-07-24,2026-07-24,64.47,63.49,65.22,64.9,63.49,64.55,65.89,M,,2.31,9604.0,310.0,0.0,MIBGAS_Data_2026.xlsx,Trading Data PVB&VTP,1541
2026-07-23,GDAES_D+2,PVB,ES,2026-07-25,2026-07-25,65.27,65.64,64.65,65.64,64.0,64.0,65.29,M,,4.71,615.0,315.0,0.0,MIBGAS_Data_2026.xlsx,Trading Data PVB&VTP,1514
2026-07-24,GDAES_D+2,PVB,ES,2026-07-26,2026-07-26,64.29,63.77,64.62,65.49,63.6,64.51,65.4,M,,1.8,6321.0,1321.0,0.0,MIBGAS_Data_2026.xlsx,Trading Data PVB&VTP,1487
2026-07-25,GDAES_D+2,PVB,ES,2026-07-27,2026-07-27,64.73,65.0,64.73,65.0,64.64,,,M,,0.87,2286.0,27.0,0.0,MIBGAS_Data_2026.xlsx,Trading Data PVB&VTP,1478
2026-07-26,GDAES_D+2,PVB,ES,2026-07-28,2026-07-28,63.4,,62.68,63.95,62.5,62.5,62.85,M,,2.09,9100.0,0.0,0.0,MIBGAS_Data_2026.xlsx,Trading Data PVB&VTP,1469
2026-07-27,GDAES_D+2,PVB,ES,2026-07-29,2026-07-29,60.19,60.2,59.89,60.85,59.55,59.8,60.57,M,,2.7,20545.0,225.0,0.0,MIBGAS_Data_2026.xlsx,Trading Data PVB&VTP,1442
2026-07-28,GDAES_D+2,PVB,ES,2026-07-30,2026-07-30,58.4,58.15,58.49,59.0,57.0,58.28,59.2,M,,1.63,10435.0,935.0,0.0,MIBGAS_Data_2026.xlsx,Trading Data PVB&VTP,1416
2026-07-29,GDAES_D+2,PVB,ES,2026-07-31,2026-07-31,60.36,60.0,62.1,62.0,59.4,61.3,62.9,M,,2.83,6340.0,10.0,0.0,MIBGAS_Data_2026.xlsx,Trading Data PVB&VTP,1390
2026-07-30,GDAES_D+2,PVB,ES,2026-08-01,2026-08-01,60.05,60.8,59.2,60.8,59.0,58.5,59.9,M,,2.32,1500.0,400.0,0.0,MIBGAS_Data_2026.xlsx,Trading Data PVB&VTP,1364
2026-07-31,GDAES_D+2,PVB,ES,2026-08-02,2026-08-02,59.23,59.36,58.94,60.69,58.5,58.89,59.22,M,,1.52,3927.0,737.0,0.0,MIBGAS_Data_2026.xlsx,Trading Data PVB&VTP,1338
2026-08-01,GDAES_D+2,PVB,ES,2026-08-03,2026-08-03,60.83,60.5,60.64,61.0,60.5,60.33,60.95,M,,1.32,9293.0,2000.0,0.0,MIBGAS_Data_2026.xlsx,Trading Data PVB&VTP,1329
2026-08-02,GDAES_D+2,PVB,ES,2026-08-04,2026-08-04,58.61,57.97,58.65,59.0,57.97,58.3,59.0,M,,1.72,800.0,300.0,0.0,MIBGAS_Data_2026.xlsx,Trading Data PVB&VTP,1320
2026-08-03,GDAES_D+2,PVB,ES,2026-08-05,2026-08-05,58.13,58.4,57.82,58.7,57.5,57.25,58.39,M,,1.27,9835.0,415.0,0.0,MIBGAS_Data_2026.xlsx,Trading Data PVB&VTP,1293
2026-08-04,GDAES_D+2,PVB,ES,2026-08-06,2026-08-06,57.79,,56.1,59.6,55.5,,,M,,3.28,9630.0,0.0,0.0,MIBGAS_Data_2026.xlsx,Trading Data PVB&VTP,1266
2026-08-05,GDAES_D+2,PVB,ES,2026-08-07,2026-08-07,54.81,56.04,52.7,56.04,52.7,52.5,52.9,M,,1.4,14695.0,2000.0,0.0,MIBGAS_Data_2026.xlsx,Trading Data PVB&VTP,1239
2026-08-06,GDAES_D+2,PVB,ES,2026-08-08,2026-08-08,52.71,52.71,54.0,52.71,52.71,53.0,54.99,M,,5.89,300.0,300.0,0.0,MIBGAS_Data_2026.xlsx,Trading Data PVB&VTP,1212
2026-08-07,GDAES_D+2,PVB,ES,2026-08-09,2026-08-09,55.4,56.68,54.67,57.0,54.0,53.9,55.44,M,,2.0,8756.0,295.0,0.0,MIBGAS_Data_2026.xlsx,Trading Data PVB&VTP,1185
2026-08-08,GDAES_D+2,PVB,ES,2026-08-10,2026-08-10,55.48,54.23,55.73,55.8,54.23,55.3,55.81,M,,1.93,9256.0,950.0,0.0,MIBGAS_Data_2026.xlsx,Trading Data PVB&VTP,1176
2026-08-09,GDAES_D+2,PVB,ES,2026-08-11,2026-08-11,56.31,,56.5,56.99,56.0,56.0,56.99,M,,3.59,1597.0,0.0,0.0,MIBGAS_Data_2026.xlsx,Trading Data PVB&VTP,1167
2026-08-10,GDAES_D+2,PVB,ES,2026-08-12,2026-08-12,58.18,,59.26,58.75,57.0,58.51,60.0,M,,2.64,9697.0,0.0,0.0,MIBGAS_Data_2026.xlsx,Trading Data PVB&VTP,1140
2026-08-11,GDAES_D+2,PVB,ES,2026-08-13,2026-08-13,59.59,61.37,58.86,61.37,58.4,,,M,,3.58,19008.0,500.0,0.0,MIBGAS_Data_2026.xlsx,Trading Data PVB&VTP,1113
2026-08-12,GDAES_D+2,PVB,ES,2026-08-14,2026-08-14,59.85,60.57,61.58,60.65,59.1,60.65,62.5,M,,4.09,8221.0,21.0,0.0,MIBGAS_Data_2026.xlsx,Trading Data PVB&VTP,1086
2026-08-13,GDAES_D+2,PVB,ES,2026-08-15,2026-08-15,59.27,59.95,59.67,61.45,58.95,58.9,60.44,M,,5.7,10700.0,400.0,0.0,MIBGAS_Data_2026.xlsx,Trading Data PVB&VTP,1059
2026-08-14,GDAES_D+2,PVB,ES,2026-08-16,2026-08-16,61.21,60.9,60.65,61.5,60.8,60.3,61.0,M,,1.23,15926.0,285.0,0.0,MIBGAS_Data_2026.xlsx,Trading Data PVB&VTP,1032
2026-08-15,GDAES_D+2,PVB,ES,2026-08-17,2026-08-17,61.95,,62.37,62.7,60.88,62.04,62.7,M,,1.74,5710.0,0.0,0.0,MIBGAS_Data_2026.xlsx,Trading Data PVB&VTP,1023
2026-08-16,GDAES_D+2,PVB,ES,2026-08-18,2026-08-18,63.67,,63.25,63.9,62.5,62.5,64.0,M,,2.23,8204.0,0.0,0.0,MIBGAS_Data_2026.xlsx,Trading Data PVB&VTP,1014
2026-08-17,GDAES_D+2,PVB,ES,2026-08-19,2026-08-19,61.73,,61.25,62.5,60.21,60.35,62.14,M,,2.0,13384.0,0.0,0.0,MIBGAS_Data_2026.xlsx,Trading Data PVB&VTP,987
2026-08-18,GDAES_D+2,PVB,ES,2026-08-20,2026-08-20,62.18,62.48,63.22,62.75,61.95,62.45,63.99,M,,1.35,6237.0,25.0,0.0,MIBGAS_Data_2026.xlsx,Trading Data PVB&VTP,960
2026-08-19,GDAES_D+2,PVB,ES,2026-08-21,2026-08-21,63.31,63.68,63.43,63.68,63.0,63.4,63.58,M,,0.72,10360.0,325.0,0.0,MIBGAS_Data_2026.xlsx,Trading Data PVB&VTP,933
2026-08-20,GDAES_D+2,PVB,ES,2026-08-22,2026-08-22,64.19,64.19,65.75,64.19,64.19,65.0,66.49,M,,4.27,150.0,150.0,0.0,MIBGAS_Data_2026.xlsx,Trading Data PVB&VTP,906
2026-08-21,GDAES_D+2,PVB,ES,2026-08-23,2026-08-23,66.56,65.98,66.38,67.69,65.7,66.16,66.6,M,,1.1,7709.0,2452.0,0.0,MIBGAS_Data_2026.xlsx,Trading Data PVB&VTP,879
2026-08-22,GDAES_D+2,PVB,ES,2026-08-24,2026-08-24,66.94,66.94,66.7,66.94,66.94,66.4,67.0,M,,3.25,20.0,20.0,0.0,MIBGAS_Data_2026.xlsx,Trading Data PVB&VTP,870
2026-08-23,GDAES_D+2,PVB,ES,2026-08-25,2026-08-25,66.49,67.0,66.02,67.0,66.45,65.2,66.83,M,,2.65,1025.0,25.0,0.0,MIBGAS_Data_2026.xlsx,Trading Data PVB&VTP,861
2026-08-24,GDAES_D+2,PVB,ES,2026-08-26,2026-08-26,66.57,65.83,67.95,68.0,65.83,,,M,,4.15,5025.0,25.0,0.0,MIBGAS_Data_2026.xlsx,Trading Data PVB&VTP,834
2026-08-25,GDAES_D+2,PVB,ES,2026-08-27,2026-08-27,66.66,,66.5,67.6,61.05,66.0,67.0,M,,7.35,16684.0,0.0,0.0,MIBGAS_Data_2026.xlsx,Trading Data PVB&VTP,807
2026-08-26,GDAES_D+2,PVB,ES,2026-08-28,2026-08-28,64.29,64.5,64.01,65.0,63.65,63.78,65.47,M,,3.64,10425.0,25.0,0.0,MIBGAS_Data_2026.xlsx,Trading Data PVB&VTP,780
2026-08-27,GDAES_D+2,PVB,ES,2026-08-29,2026-08-29,66.37,65.3,68.08,68.0,65.3,67.93,68.19,M,,3.62,700.0,300.0,0.0,MIBGAS_Data_2026.xlsx,Trading Data PVB&VTP,753
2026-08-28,GDAES_D+2,PVB,ES,2026-08-30,2026-08-30,68.08,68.5,66.9,70.95,66.5,66.43,67.0,M,,0.88,31239.0,11500.0,0.0,MIBGAS_Data_2026.xlsx,Trading Data PVB&VTP,725
2026-08-29,GDAES_D+2,PVB,ES,2026-08-31,2026-08-31,66.17,66.39,66.41,66.4,65.65,65.91,66.9,M,,2.77,13530.0,8030.0,0.0,MIBGAS_Data_2026.xlsx,Trading Data PVB&VTP,716
2026-08-30,GDAES_D+2,PVB,ES,2026-09-01,2026-09-01,66.53,65.76,66.75,67.0,65.76,66.55,66.95,M,,1.12,11397.0,2000.0,0.0,MIBGAS_Data_2026.xlsx,Trading Data PVB&VTP,707
2026-08-31,GDAES_D+2,PVB,ES,2026-09-02,2026-09-02,69.91,69.0,70.12,70.45,69.0,69.8,70.44,M,,1.96,3765.0,350.0,0.0,MIBGAS_Data_2026.xlsx,Trading Data PVB&VTP,681
2026-09-01,GDAES_D+2,PVB,ES,2026-09-03,2026-09-03,71.07,70.73,71.66,71.2,70.73,70.81,72.5,M,,2.09,3050.0,50.0,0.0,MIBGAS_Data_2026.xlsx,Trading Data PVB&VTP,654
2026-09-02,GDAES_D+2,PVB,ES,2026-09-04,2026-09-04,73.75,74.26,73.99,74.26,73.0,73.0,74.98,M,,1.22,5676.0,25.0,0.0,MIBGAS_Data_2026.xlsx,Trading Data PVB&VTP,627
2026-09-03,GDAES_D+2,PVB,ES,2026-09-05,2026-09-05,72.06,,72.93,72.06,72.05,72.06,73.8,M,,2.8,600.0,0.0,0.0,MIBGAS_Data_2026.xlsx,Trading Data PVB&VTP,600
2026-09-04,GDAES_D+2,PVB,ES,2026-09-06,2026-09-06,72.13,72.96,72.44,72.96,71.2,71.88,73.2,M,,1.06,2706.0,374.0,0.0,MIBGAS_Data_2026.xlsx,Trading Data PVB&VTP,573
2026-09-05,GDAES_D+2,PVB,ES,2026-09-07,2026-09-07,78.14,76.39,78.85,79.0,74.3,,,M,,4.86,8600.0,21.0,0.0,MIBGAS_Data_2026.xlsx,Trading Data PVB&VTP,564
2026-09-06,GDAES_D+2,PVB,ES,2026-09-08,2026-09-08,77.84,77.49,77.1,79.0,77.0,77.0,77.78,M,,3.07,20785.0,500.0,0.0,MIBGAS_Data_2026.xlsx,Trading Data PVB&VTP,555
2026-09-07,GDAES_D+2,PVB,ES,2026-09-09,2026-09-09,74.88,75.8,74.85,75.8,74.0,74.5,75.2,M,,3.3,12243.0,75.0,0.0,MIBGAS_Data_2026.xlsx,Trading Data PVB&VTP,528
2026-09-08,GDAES_D+2,PVB,ES,2026-09-10,2026-09-10,76.62,76.0,77.03,77.0,75.8,76.63,77.06,M,,2.36,11986.0,50.0,0.0,MIBGAS_Data_2026.xlsx,Trading Data PVB&VTP,501
2026-09-09,GDAES_D+2,PVB,ES,2026-09-11,2026-09-11,79.85,79.54,79.86,80.5,79.2,79.15,79.99,M,,1.28,18190.0,50.0,0.0,MIBGAS_Data_2026.xlsx,Trading Data PVB&VTP,474
2026-09-10,GDAES_D+2,PVB,ES,2026-09-12,2026-09-12,83.49,,83.41,83.49,83.49,,,A,,6.67,10.0,0.0,0.0,MIBGAS_Data_2026.xlsx,Trading Data PVB&VTP,447
2026-09-11,GDAES_D+2,PVB,ES,2026-09-13,2026-09-13,81.99,81.25,81.45,83.0,81.0,81.0,81.89,M,,1.74,22556.0,877.0,0.0,MIBGAS_Data_2026.xlsx,Trading Data PVB&VTP,420
2026-09-12,GDAES_D+2,PVB,ES,2026-09-14,2026-09-14,82.45,82.0,82.07,82.8,82.0,81.6,82.24,M,,1.71,2011.0,11.0,0.0,MIBGAS_Data_2026.xlsx,Trading Data PVB&VTP,411
2026-09-13,GDAES_D+2,PVB,ES,2026-09-15,2026-09-15,83.69,,83.4,84.0,83.25,83.25,83.55,M,,3.38,10850.0,0.0,0.0,MIBGAS_Data_2026.xlsx,Trading Data PVB&VTP,402
2026-09-14,GDAES_D+2,PVB,ES,2026-09-16,2026-09-16,85.28,85.18,85.42,86.0,84.82,85.2,86.25,M,,3.97,7177.0,375.0,0.0,MIBGAS_Data_2026.xlsx,Trading Data PVB&VTP,375
2026-09-15,GDAES_D+2,PVB,ES,2026-09-17,2026-09-17,83.65,84.7,83.16,84.75,82.0,82.31,84.0,M,,4.22,19200.0,100.0,0.0,MIBGAS_Data_2026.xlsx,Trading Data PVB&VTP,348
2026-09-16,GDAES_D+2,PVB,ES,2026-09-18,2026-09-18,82.42,87.0,81.83,87.0,81.5,,,M,,1.62,22470.0,50.0,0.0,MIBGAS_Data_2026.xlsx,Trading Data PVB&VTP,321
2026-09-17,GDAES_D+2,PVB,ES,2026-09-19,2026-09-19,78.74,,78.74,,,,,A,,,0.0,0.0,0.0,MIBGAS_Data_2026.xlsx,Trading Data PVB&VTP,294
2026-09-18,GDAES_D+2,PVB,ES,2026-09-20,2026-09-20,81.56,79.07,81.69,82.38,79.07,81.0,82.37,M,,1.76,14628.0,48.0,0.0,MIBGAS_Data_2026.xlsx,Trading Data PVB&VTP,267
2026-09-19,GDAES_D+2,PVB,ES,2026-09-21,2026-09-21,81.57,81.21,81.66,82.38,81.21,81.38,81.93,M,,1.9,5800.0,500.0,0.0,MIBGAS_Data_2026.xlsx,Trading Data PVB&VTP,258
2026-09-20,GDAES_D+2,PVB,ES,2026-09-22,2026-09-22,82.13,82.0,83.5,82.45,82.0,83.0,83.99,M,,0.59,11547.0,47.0,0.0,MIBGAS_Data_2026.xlsx,Trading Data PVB&VTP,249
2026-09-21,GDAES_D+2,PVB,ES,2026-09-23,2026-09-23,78.24,79.94,75.53,79.94,75.5,75.15,75.9,M,,2.5,15365.0,115.0,0.0,MIBGAS_Data_2026.xlsx,Trading Data PVB&VTP,222
2026-09-22,GDAES_D+2,PVB,ES,2026-09-24,2026-09-24,74.76,76.0,75.0,76.4,71.85,74.0,76.0,M,,3.95,14950.0,47.0,0.0,MIBGAS_Data_2026.xlsx,Trading Data PVB&VTP,195
2026-09-23,GDAES_D+2,PVB,ES,2026-09-25,2026-09-25,74.4,75.5,73.98,75.5,73.55,73.06,74.9,M,,1.85,5730.0,20.0,0.0,MIBGAS_Data_2026.xlsx,Trading Data PVB&VTP,168
2026-09-24,GDAES_D+2,PVB,ES,2026-09-26,2026-09-26,75.24,,75.35,75.4,75.0,74.5,75.35,M,,3.43,2000.0,0.0,0.0,MIBGAS_Data_2026.xlsx,Trading Data PVB&VTP,142
2026-09-25,GDAES_D+2,PVB,ES,2026-09-27,2026-09-27,73.0,74.17,72.98,74.17,68.01,72.5,73.45,M,,2.48,8698.0,2495.0,0.0,MIBGAS_Data_2026.xlsx,Trading Data PVB&VTP,116
2026-09-26,GDAES_D+2,PVB,ES,2026-09-28,2026-09-28,73.19,73.35,73.01,73.35,73.15,72.6,73.15,M,,1.99,1325.0,25.0,0.0,MIBGAS_Data_2026.xlsx,Trading Data PVB&VTP,108
2026-09-27,GDAES_D+2,PVB,ES,2026-09-29,2026-09-29,74.9,,74.96,74.9,74.9,74.3,75.18,M,,1.72,500.0,0.0,0.0,MIBGAS_Data_2026.xlsx,Trading Data PVB&VTP,100
2026-09-28,GDAES_D+2,PVB,ES,2026-09-30,2026-09-30,74.4,75.8,74.42,75.8,72.9,72.9,74.65,M,,1.65,36982.0,55.0,0.0,MIBGAS_Data_2026.xlsx,Trading Data PVB&VTP,75
2026-09-29,GDAES_D+2,PVB,ES,2026-10-01,2026-10-01,72.46,73.53,70.0,74.4,69.0,69.0,71.0,M,,2.76,19234.0,380.0,0.0,MIBGAS_Data_2026.xlsx,Trading Data PVB&VTP,50
2026-09-30,GDAES_D+2,PVB,ES,2026-10-02,2026-10-02,70.95,69.99,72.25,72.0,69.99,71.5,73.0,M,,2.22,5075.0,75.0,0.0,MIBGAS_Data_2026.xlsx,Trading Data PVB&VTP,27
